machine,status,steps,qh,score,anchor,period_records,period_steps,reach,extent,records_l,records_r,TA0_class,TA0_count,TA0_last,TA1_class,TA1_count,TA1_last,TB0_class,TB0_count,TB0_last,TB1_class,TB1_count,TB1_last,TC0_class,TC0_count,TC0_last,TC1_class,TC1_count,TC1_last,TD0_class,TD0_count,TD0_last,TD1_class,TD1_count,TD1_last
1RB---_0LB1RC_0RD---_1LB0RC,undecided,100000000,?,0,0,0,0,0,49,0,48,U,1,1,N,0,0,U,37499992,99999998,U,12500008,99999999,U,25000000,100000000,N,0,0,U,12500007,99999997,U,12499992,99999989
1RB---_0LB1RC_1LB0RD_0RC---,undecided,100000000,?,0,0,0,0,0,48,0,47,U,1,1,N,0,0,U,33333325,99999998,U,16666675,99999999,U,16666675,100000000,U,16666662,99999994,U,16666662,99999995,N,0,0
1RB---_0LB1RC_1LD1RA_0RA0LD,undecided,100000000,?,0,0,0,0,0,37,1,35,U,16666667,99999997,N,0,0,U,8333336,99999992,U,16666667,99999998,U,12500006,99999999,U,4166661,99999981,U,12500005,99999996,U,29166658,100000000
1RB---_0LC0LA_1LB1RD_1LC0RD,undecided,100000000,?,0,0,0,0,0,48,23,24,U,24,50331668,N,0,0,U,16666658,99999993,U,23,50331667,U,16666657,99999992,U,16666672,99999996,U,16666671,99999995,U,33333295,100000000
1RB---_0LC0LB_1RC1RD_1LB---,undecided,100000000,?,0,0,0,0,0,17320,11546,5773,U,1,1,N,0,0,U,5774,99988362,U,49988407,99988361,U,49994272,100000000,U,5773,99971043,U,5773,99971044,N,0,0
1RB---_0LC0LB_1RD1LB_1RC---,undecided,100000000,?,0,0,0,0,0,14144,14142,1,U,1,1,N,0,0,U,7072,99998084,U,49991970,99998083,U,24996943,99999999,U,7071,99983943,U,24996943,100000000,N,0,0
1RB---_0LC0LD_1RC1LB_---0LB,undecided,100000000,?,0,0,0,0,0,14144,14142,1,U,1,1,N,0,0,U,7072,99998084,U,24995985,99998082,U,49993886,100000000,U,7071,99983943,N,0,0,U,24995985,99998083
1RB---_0LC0RB_0LD1LC_1RA1RD,undecided,100000000,?,0,0,0,0,0,49,46,2,U,12500007,99999992,N,0,0,U,12500007,99999993,U,24999983,99999988,U,12500007,100000000,U,24999989,99999999,U,12500006,99999991,U,1,10
1RB---_0LC0RB_1LC1LD_1RB---,undecided,100000000,?,0,0,0,0,0,10001,9999,1,U,1,1,N,0,0,U,9999,99990000,U,49985001,99989999,U,49985001,99999998,U,9999,99999999,U,9999,100000000,N,0,0
1RB---_0LC0RB_1LD1LA_0RC1LC,undecided,100000000,?,0,0,0,0,0,49,47,1,U,10000005,99999998,N,0,0,U,10000004,99999990,U,29999991,100000000,U,19999998,99999995,U,10000004,99999997,U,10000003,99999996,U,9999995,99999994
1RB---_0LC0RB_1LD1LA_1RB1LC,undecided,100000000,?,0,0,0,0,0,49,47,1,U,2,4,N,0,0,U,12500008,99999998,U,37499991,99999997,U,24999999,99999999,U,1,3,U,12500006,99999996,U,12499993,100000000
1RB---_0LC0RB_1RB1LD_1LC---,undecided,100000000,?,0,0,0,0,0,48,46,1,U,1,1,N,0,0,U,16666675,99999998,U,33333324,99999995,U,16666674,99999997,U,16666663,99999999,U,16666663,100000000,N,0,0
1RB---_0LC0RD_0LD1LC_1RA0RB,undecided,100000000,?,0,0,0,0,0,53,49,3,U,12500007,99999993,N,0,0,U,12500008,99999998,U,12499992,99999996,U,12500008,99999999,U,24999985,99999990,U,12500007,100000000,U,12499993,99999997
1RB---_0LC0RD_1LA1LC_0LA0RB,undecided,100000000,?,0,0,0,0,0,36,34,1,U,19098305,99999999,N,0,0,U,11803402,100000000,U,19098299,99999997,U,11803401,99999983,U,19098294,99999982,U,7294903,99999998,U,11803396,99999996
1RB---_0LC0RD_1RD1LC_0LA1RB,undecided,100000000,?,0,0,0,0,0,47,45,1,U,4194304,83885885,N,0,0,U,10402867,99999998,U,14597133,99999992,U,10402866,99999996,U,35402831,100000000,U,4194303,83885884,U,20805696,99999997
1RB---_0LC1LD_0RC1LA_1RC0LD,undecided,100000000,?,0,0,0,0,0,27,25,1,U,12500005,100000000,N,0,0,U,1,2,U,12500003,99999995,U,24999992,99999998,U,12500004,99999999,U,12500003,99999997,U,24999992,99999996
1RB---_0LC1RA_0LD0RB_1LA1LC,undecided,100000000,?,0,0,0,0,0,46,44,1,U,16666678,99999993,N,0,0,U,16666688,99999996,U,16666656,100000000,U,16666656,99999997,U,16666666,99999999,U,22,50331504,U,16666634,99999998
1RB---_0LC1RA_1LD1RC_0RA0LD,undecided,100000000,?,0,0,0,0,0,49,1,47,U,19999999,99999995,N,0,0,U,10000004,99999996,U,9999995,99999994,U,10000004,99999998,U,10000004,99999997,U,10000003,99999990,U,29999991,100000000
1RB---_0LC1RB_1LA1LD_1LC0RB,undecided,100000000,?,0,0,0,0,0,47,45,1,U,23,67108712,N,0,0,U,12500017,99999990,U,37499982,100000000,U,22,67108711,U,24999978,99999995,U,12499983,99999994,U,12499995,99999996
1RB---_0LC1RB_1LD0RB_1LA1LC,undecided,100000000,?,0,0,0,0,0,46,44,1,U,23,50331505,N,0,0,U,16666688,99999996,U,33333311,100000000,U,16666656,99999997,U,16666666,99999999,U,22,50331504,U,16666634,99999998
1RB---_0LC1RB_1RD1LC_1RA0RB,undecided,100000000,?,0,0,0,0,0,966,322,643,U,322,99538249,N,0,0,U,155002,99999158,U,49689731,100000000,U,155002,99999844,U,49844941,99999843,U,321,99538248,U,154681,99999845
1RB---_0LC1RC_0LD0RC_1LA1LD,undecided,100000000,?,0,0,0,0,0,49,47,1,U,12500008,99999998,N,0,0,U,1,2,U,12500007,99999999,U,12500008,100000000,U,24999985,99999995,U,12500007,99999997,U,24999984,99999990
1RB---_0LC1RC_0RC1LD_1LA0LD,undecided,100000000,?,0,0,0,0,0,50,48,1,U,12500008,99999997,N,0,0,U,1,2,U,12500007,99999998,U,24999984,99999994,U,12500008,99999999,U,12500007,99999996,U,24999985,100000000
1RB---_0LC1RD_---1LD_1RB0LC,undecided,100000000,?,0,0,0,0,0,14142,7070,7071,U,1,1,N,0,0,U,7071,99991012,U,24995985,99991010,N,0,0,U,25000479,99999999,U,25003055,99991011,U,24993409,100000000
1RB---_0LC1RD_1LA1LC_0LA0RD,undecided,100000000,?,0,0,0,0,0,48,46,1,U,16666675,99999997,N,0,0,U,8333338,99999998,U,8333337,99999994,U,8333337,99999992,U,24999989,100000000,U,8333337,99999996,U,24999987,99999995
1RB---_0RC---_1LD0RB_0LD1RB,undecided,100000000,?,0,0,0,0,0,49,0,48,U,1,1,N,0,0,U,25000001,100000000,N,0,0,U,12500007,99999995,U,12499993,99999999,U,37499991,99999996,U,12500007,99999997
1RB---_0RC0LB_1LB1RD_1RC---,undecided,100000000,?,0,0,0,0,0,49,0,48,U,1,1,N,0,0,U,16666676,100000000,U,33333324,99999997,U,16666675,99999999,U,16666662,99999993,U,16666662,99999994,N,0,0
1RB---_0RC0LB_1RD---_1LB1RC,undecided,100000000,?,0,0,0,0,0,50,0,49,U,1,1,N,0,0,U,12500008,99999998,U,37499991,99999997,U,25000000,99999999,N,0,0,U,12500007,99999996,U,12499993,100000000
1RB---_0RC0RB_1LC1LD_1RB---,undecided,100000000,?,0,0,0,0,0,17320,5773,11546,U,1,1,N,0,0,U,5773,99976814,U,49988500,100000000,U,49994180,99994132,U,5773,99994133,U,5773,99994134,N,0,0
1RB---_0RC0RB_1LD1LA_1LC1RB,undecided,100000000,?,0,0,0,0,0,14142,1,14140,U,2,6,N,0,0,U,7070,99983938,U,49986819,100000000,U,25003054,99998079,U,1,5,U,24995985,99998078,U,7069,99998080
1RB---_0RC0RB_1LD1RB_1LC---,undecided,100000000,?,0,0,0,0,0,14143,0,14142,U,1,1,N,0,0,U,7071,99998082,U,49991970,99998081,U,24996944,99999999,U,7070,99983941,U,24996944,100000000,N,0,0
1RB---_0RC0RD_1LC1RB_---0RB,undecided,100000000,?,0,0,0,0,0,14143,0,14142,U,1,1,N,0,0,U,7071,99998082,U,24995985,99998080,U,49993888,100000000,U,7070,99983941,N,0,0,U,24995985,99998081
1RB---_0RC1LD_1LA1RD_1LB0RC,undecided,100000000,?,0,0,0,0,0,14142,7070,7071,U,2,4,N,0,0,U,7070,99991009,U,24995985,99991007,U,1,3,U,25000479,100000000,U,25003053,99991008,U,24993410,99999999
1RB---_0RC1RB_1LC0LD_0RA0LC,undecided,100000000,?,0,0,0,0,0,50,1,48,U,10000004,99999991,N,0,0,U,10000004,99999996,U,19999990,99999995,U,20000008,99999998,U,19999997,99999999,U,10000003,99999990,U,9999994,100000000
