machine,status,quiet_state,t,ngram_n,score_state,qh_state
1RB---_0LB0LC_0LD0RC_1RC1LD,quiet_state,A,5000000,2,1,T
1RB---_0LB0LC_0LD1RC_1RC1LD,quiet_state,A,5000000,2,1,T
1RB---_0LB0LC_0RD0LC_1LC1RD,quiet_state,A,5000000,2,1,T
1RB---_0LB0LC_0RD1LC_1LC1RD,quiet_state,A,5000000,2,1,T
1RB---_0LB0LC_1LD0LD_1RD1LC,quiet_state,A,5000000,2,1,T
1RB---_0LB0LC_1LD0RD_1RC0LC,quiet_state,A,5000000,2,1,T
1RB---_0LB0LC_1LD1RC_0RC0LD,quiet_state,A,5000000,2,1,T
1RB---_0LB0LC_1LD1RC_0RC1LD,quiet_state,A,5000000,2,1,T
1RB---_0LB0LC_1RD0LD_1LC0RC,quiet_state,A,5000000,2,1,T
1RB---_0LB0LC_1RD0RD_1LD1RC,quiet_state,A,5000000,2,1,T
1RB---_0LB0LC_1RD1LC_0LC0RD,quiet_state,A,5000000,2,1,T
1RB---_0LB0LC_1RD1LC_0LC1RD,quiet_state,A,5000000,2,1,T
1RB---_0LB0LC_1RD1LC_1RB0RD,quiet_state,A,5000000,2,1,T
1RB---_0LB0LC_1RD1LC_1RB1LB,quiet_state,A,5000000,2,1,T
1RB---_0LB0LC_1RD1LC_1RB1RD,quiet_state,A,5000000,2,1,T
1RB---_0LB0RC_0LD0RC_1RC1LD,quiet_state,A,5000000,2,1,T
1RB---_0LB0RC_0LD1RB_1RC1LD,quiet_state,A,5000000,2,1,T
1RB---_0LB0RC_0LD1RC_1RC1LD,quiet_state,A,5000000,2,1,T
1RB---_0LB0RC_0RD0LC_1LC1RD,quiet_state,A,5000000,2,1,T
1RB---_0LB0RC_0RD1LC_1LC1RD,quiet_state,A,5000000,2,1,T
1RB---_0LB0RC_1LD0LD_1RD1LC,quiet_state,A,5000000,2,1,T
1RB---_0LB0RC_1LD0RD_1RC0LC,quiet_state,A,5000000,2,1,T
1RB---_0LB0RC_1LD1RC_0RC0LD,quiet_state,A,5000000,2,1,T
1RB---_0LB0RC_1LD1RC_0RC1LD,quiet_state,A,5000000,2,1,T
1RB---_0LB0RC_1RD0LD_1LC0RC,quiet_state,A,5000000,2,1,T
1RB---_0LB0RC_1RD0RD_1LD1RC,quiet_state,A,5000000,2,1,T
1RB---_0LB0RC_1RD1LC_0LC0RD,quiet_state,A,5000000,2,1,T
1RB---_0LB0RC_1RD1LC_0LC1RD,quiet_state,A,5000000,2,1,T
1RB---_0LB1LC_0LD0LC_1RD0LB,quiet_state,A,5000000,2,1,T
1RB---_0LB1LC_0LD0LC_1RD0RB,quiet_state,A,5000000,2,1,T
1RB---_0LB1LC_0LD0LC_1RD1LB,quiet_state,A,5000000,2,1,T
1RB---_0LB1LC_0LD0LC_1RD1LC,quiet_state,A,5000000,2,1,T
1RB---_0LB1LC_0LD0LC_1RD1RB,quiet_state,A,5000000,2,1,T
1RB---_0LB1LC_0LD0RB_1RC1LD,quiet_state,A,5000000,2,1,T
1RB---_0LB1LC_0LD0RC_1RC1LD,quiet_state,A,5000000,2,1,T
1RB---_0LB1LC_0LD1LC_1RD0RB,quiet_state,A,5000000,2,1,T
1RB---_0LB1LC_0LD1RC_1RC1LD,quiet_state,A,5000000,2,1,T
1RB---_0LB1LC_0RC1LD_1RC0LD,quiet_state,A,5000000,2,1,T
1RB---_0LB1LC_0RC1RD_1LB0RD,quiet_state,A,5000000,2,1,T
1RB---_0LB1LC_0RD0LC_1LC1RD,quiet_state,A,5000000,2,1,T
1RB---_0LB1LC_0RD0RC_1LD1RC,quiet_state,A,5000000,2,1,T
1RB---_0LB1LC_0RD1LC_1LB1RD,quiet_state,A,5000000,2,1,T
1RB---_0LB1LC_0RD1LC_1LC1RD,quiet_state,A,5000000,2,1,T
1RB---_0LB1LC_0RD1LC_1RB1RD,quiet_state,A,5000000,2,1,T
1RB---_0LB1LC_0RD1RC_1LB1RD,quiet_state,A,5000000,2,1,T
1RB---_0LB1LC_1LD0LD_1RD1LC,quiet_state,A,5000000,2,1,T
1RB---_0LB1LC_1LD0RB_1RC0LC,quiet_state,A,5000000,2,1,T
1RB---_0LB1LC_1LD1RC_0RC0LD,quiet_state,A,5000000,2,1,T
1RB---_0LB1LC_1LD1RC_0RC1LD,quiet_state,A,5000000,2,1,T
1RB---_0LB1LC_1RB0LD_1RC0LD,quiet_state,A,5000000,2,1,T
1RB---_0LB1LC_1RC1LD_0LC0LD,quiet_state,A,5000000,2,1,T
1RB---_0LB1LC_1RC1LD_1LC0LC,quiet_state,A,5000000,2,1,T
1RB---_0LB1LC_1RC1LD_1RC0LD,quiet_state,A,5000000,2,1,T
1RB---_0LB1LC_1RC1RD_1RB0RD,quiet_state,A,5000000,2,1,T
1RB---_0LB1LC_1RD0LB_0LB1RC,quiet_state,A,5000000,2,1,T
1RB---_0LB1LC_1RD0LB_0RB1RC,quiet_state,A,5000000,2,1,T
1RB---_0LB1LC_1RD0LB_1LD1RC,quiet_state,A,5000000,2,1,T
1RB---_0LB1LC_1RD0LC_0LB1RB,quiet_state,A,5000000,2,1,T
1RB---_0LB1LC_1RD0LC_0LB1RD,quiet_state,A,5000000,2,1,T
1RB---_0LB1LC_1RD0LC_0LD1RB,quiet_state,A,5000000,2,1,T
1RB---_0LB1LC_1RD0LC_0RB1LC,quiet_state,A,5000000,2,1,T
1RB---_0LB1LC_1RD0LC_0RB1RB,quiet_state,A,5000000,2,1,T
1RB---_0LB1LC_1RD0LC_0RB1RD,quiet_state,A,5000000,2,1,T
1RB---_0LB1LC_1RD0LC_0RD1LC,quiet_state,A,5000000,2,1,T
1RB---_0LB1LC_1RD0LC_0RD1RB,quiet_state,A,5000000,2,1,T
1RB---_0LB1LC_1RD0LC_1LB0RC,quiet_state,A,5000000,2,1,T
1RB---_0LB1LC_1RD0LC_1LB1RB,quiet_state,A,5000000,2,1,T
1RB---_0LB1LC_1RD0LC_1LB1RC,quiet_state,A,5000000,2,1,T
1RB---_0LB1LC_1RD0LC_1LB1RD,quiet_state,A,5000000,2,1,T
1RB---_0LB1LC_1RD0LC_1RB0LC,quiet_state,A,5000000,2,1,T
1RB---_0LB1LC_1RD0LC_1RB0RC,quiet_state,A,5000000,2,1,T
1RB---_0LB1LC_1RD0LC_1RB1LC,quiet_state,A,5000000,2,1,T
1RB---_0LB1LC_1RD0LC_1RB1RA,quiet_state,A,5000000,2,6,T
1RB---_0LB1LC_1RD0LC_1RB1RB,quiet_state,A,5000000,2,1,T
1RB---_0LB1LC_1RD0LC_1RB1RD,quiet_state,A,5000000,2,1,T
1RB---_0LB1LC_1RD0LC_1RD1LC,quiet_state,A,5000000,2,1,T
1RB---_0LB1LC_1RD0LC_1RD1RB,quiet_state,A,5000000,2,1,T
1RB---_0LB1LC_1RD0LD_1LC0RC,quiet_state,A,5000000,2,1,T
1RB---_0LB1LC_1RD0RC_1LB1RD,quiet_state,A,5000000,2,1,T
1RB---_0LB1LC_1RD0RD_1LB0RC,quiet_state,A,5000000,2,1,T
1RB---_0LB1LC_1RD1LB_0LC0RD,quiet_state,A,5000000,2,1,T
1RB---_0LB1LC_1RD1LB_1LC1RD,quiet_state,A,5000000,2,1,T
1RB---_0LB1LC_1RD1LB_1RB1RD,quiet_state,A,5000000,2,1,T
1RB---_0LB1LC_1RD1LC_0LB1RD,quiet_state,A,5000000,2,1,T
1RB---_0LB1LC_1RD1LC_0LC0RD,quiet_state,A,5000000,2,1,T
1RB---_0LB1LC_1RD1LC_0LC1RD,quiet_state,A,5000000,2,1,T
1RB---_0LB1RC_0LC1LD_1RB0LD,quiet_state,A,5000000,2,1,T
1RB---_0LB1RC_0LC1RD_1LC0RD,quiet_state,A,5000000,2,1,T
1RB---_0LB1RC_0LD0LC_1RD1LC,quiet_state,A,5000000,2,1,T
1RB---_0LB1RC_0LD0RC_1RB1LD,quiet_state,A,5000000,2,1,T
1RB---_0LB1RC_0LD0RC_1RC1LD,quiet_state,A,5000000,2,1,T
1RB---_0LB1RC_0LD0RD_1LB1RD,quiet_state,A,5000000,2,1,T
1RB---_0LB1RC_0LD0RD_1RB1LD,quiet_state,A,5000000,2,1,T
1RB---_0LB1RC_0LD1RB_1RB1LD,quiet_state,A,5000000,2,1,T
1RB---_0LB1RC_0LD1RB_1RC1LD,quiet_state,A,5000000,2,1,T
1RB---_0LB1RC_0LD1RC_1RB1LD,quiet_state,A,5000000,2,1,T
1RB---_0LB1RC_0LD1RC_1RC1LD,quiet_state,A,5000000,2,1,T
1RB---_0LB1RC_0RD---_1LB0RD,quiet_state,A,5000000,2,1,T
1RB---_0LB1RC_0RD0LB_1LC1RD,quiet_state,A,5000000,2,1,T
1RB---_0LB1RC_0RD0LC_1LC1RD,quiet_state,A,5000000,2,1,T
1RB---_0LB1RC_0RD0RC_1LB1LD,quiet_state,A,5000000,2,1,T
1RB---_0LB1RC_0RD0RC_1LD0RB,quiet_state,A,5000000,2,1,T
1RB---_0LB1RC_0RD0RC_1LD1RB,quiet_state,A,5000000,2,1,T
1RB---_0LB1RC_0RD0RC_1LD1RC,quiet_state,A,5000000,2,1,T
1RB---_0LB1RC_0RD0RD_1LB1RD,quiet_state,A,5000000,2,1,T
1RB---_0LB1RC_0RD1LC_1LB1RD,quiet_state,A,5000000,2,1,T
1RB---_0LB1RC_0RD1LC_1LC1RD,quiet_state,A,5000000,2,1,T
1RB---_0LB1RC_1LB0RD_1LB0RC,quiet_state,A,5000000,2,1,T
1RB---_0LB1RC_1LB0RD_1LB0RD,quiet_state,A,5000000,2,1,T
1RB---_0LB1RC_1LB0RD_1LB1RD,quiet_state,A,5000000,2,1,T
1RB---_0LB1RC_1LB0RD_1LC0RC,quiet_state,A,5000000,2,1,T
1RB---_0LB1RC_1LB0RD_1LC0RD,quiet_state,A,5000000,2,1,T
1RB---_0LB1RC_1LB1RD_0RC0RD,quiet_state,A,5000000,2,1,T
1RB---_0LB1RC_1LC0RD_1LB1RD,quiet_state,A,5000000,2,1,T
1RB---_0LB1RC_1LC1LD_1RB0LD,quiet_state,A,5000000,2,1,T
1RB---_0LB1RC_1LC1RD_0RC0RD,quiet_state,A,5000000,2,1,T
1RB---_0LB1RC_1LC1RD_1LB0RD,quiet_state,A,5000000,2,1,T
1RB---_0LB1RC_1LC1RD_1LC0RD,quiet_state,A,5000000,2,1,T
1RB---_0LB1RC_1LC1RD_1RC0RC,quiet_state,A,5000000,2,1,T
1RB---_0LB1RC_1LD0LC_1RB1LD,quiet_state,A,5000000,2,1,T
1RB---_0LB1RC_1LD0RC_0LB1RC,quiet_state,A,5000000,2,1,T
1RB---_0LB1RC_1LD0RC_0LD1RC,quiet_state,A,5000000,2,1,T
1RB---_0LB1RC_1LD0RC_0RB1LD,quiet_state,A,5000000,2,1,T
1RB---_0LB1RC_1LD0RC_1LB1RC,quiet_state,A,5000000,2,1,T
1RB---_0LB1RC_1LD0RC_1LB1RD,quiet_state,A,5000000,2,1,T
1RB---_0LB1RC_1LD0RC_1LD1RC,quiet_state,A,5000000,2,1,T
1RB---_0LB1RC_1LD0RC_1RB0LC,quiet_state,A,5000000,2,1,T
1RB---_0LB1RC_1LD0RC_1RB1LC,quiet_state,A,5000000,2,1,T
1RB---_0LB1RC_1LD0RC_1RB1LD,quiet_state,A,5000000,2,1,T
1RB---_0LB1RC_1LD0RD_1LB1RD,quiet_state,A,5000000,2,1,T
1RB---_0LB1RC_1LD0RD_1RC0LC,quiet_state,A,5000000,2,1,T
1RB---_0LB1RC_1LD1RB_0RB1LD,quiet_state,A,5000000,2,1,T
1RB---_0LB1RC_1LD1RB_0RC0LD,quiet_state,A,5000000,2,1,T
1RB---_0LB1RC_1LD1RC_0RB1LD,quiet_state,A,5000000,2,1,T
1RB---_0LB1RC_1LD1RC_0RC0LD,quiet_state,A,5000000,2,1,T
1RB---_0LB1RC_1LD1RC_0RC1LD,quiet_state,A,5000000,2,1,T
1RB---_0LB1RC_1RD0RC_1LD1LB,quiet_state,A,5000000,2,1,T
1RB---_0LB1RC_1RD0RD_1LB0LB,quiet_state,A,5000000,2,1,T
1RB---_0LB1RC_1RD0RD_1LB0RC,quiet_state,A,5000000,2,1,T
1RB---_0LB1RC_1RD0RD_1LB1RC,quiet_state,A,5000000,2,1,T
1RB---_0LB1RC_1RD0RD_1LB1RD,quiet_state,A,5000000,2,1,T
1RB---_0LB1RC_1RD0RD_1LD1RC,quiet_state,A,5000000,2,1,T
1RB---_0LB1RC_1RD1LC_0LC0RD,quiet_state,A,5000000,2,1,T
1RB---_0LB1RC_1RD1LC_0LC1RD,quiet_state,A,5000000,2,1,T
1RB---_0LB1RC_1RD1LD_1LB0RD,quiet_state,A,5000000,2,1,T
1RB---_0LC---_0LC1RD_1LC0RD,quiet_state,A,5000000,2,1,T
1RB---_0LC---_0LD0RC_1RC1LD,quiet_state,A,5000000,2,1,T
1RB---_0LC---_0LD1RC_1RC1LD,quiet_state,A,5000000,2,1,T
1RB---_0LC---_0RC1LD_1RC0LD,quiet_state,A,5000000,2,1,T
1RB---_0LC---_0RD0LC_1LC1RD,quiet_state,A,5000000,2,1,T
1RB---_0LC---_0RD1LC_1LC1RD,quiet_state,A,5000000,2,1,T
1RB---_0LC---_0RD1LC_1RB1RD,quiet_state,A,5000000,2,1,T
1RB---_0LC---_0RD1RC_1LB0RC,quiet_state,A,5000000,2,1,T
1RB---_0LC---_1LC1RD_0RB0RD,quiet_state,A,5000000,2,1,T
1RB---_0LC---_1LC1RD_0RC0RD,quiet_state,A,5000000,2,1,T
1RB---_0LC---_1LC1RD_1LC0RD,quiet_state,A,5000000,2,1,T
1RB---_0LC---_1LC1RD_1RC0RC,quiet_state,A,5000000,2,1,T
1RB---_0LC---_1LD0RD_1RC0LC,quiet_state,A,5000000,2,1,T
1RB---_0LC---_1LD1RC_0RC0LD,quiet_state,A,5000000,2,1,T
1RB---_0LC---_1LD1RC_0RC1LD,quiet_state,A,5000000,2,1,T
1RB---_0LC---_1RC0RD_1LB0LC,quiet_state,A,5000000,2,1,T
1RB---_0LC---_1RC0RD_1LB0RC,quiet_state,A,5000000,2,1,T
1RB---_0LC---_1RC0RD_1LB0RD,quiet_state,A,5000000,2,1,T
1RB---_0LC---_1RC1LD_0LB0LD,quiet_state,A,5000000,2,1,T
1RB---_0LC---_1RC1LD_0LC0LD,quiet_state,A,5000000,2,1,T
1RB---_0LC---_1RC1LD_1LC0LC,quiet_state,A,5000000,2,1,T
1RB---_0LC---_1RC1LD_1RC0LD,quiet_state,A,5000000,2,1,T
1RB---_0LC---_1RD0LD_1LC0RC,quiet_state,A,5000000,2,1,T
1RB---_0LC---_1RD1LC_0LC0RD,quiet_state,A,5000000,2,1,T
1RB---_0LC---_1RD1LC_0LC1RD,quiet_state,A,5000000,2,1,T
1RB---_0LC0LB_0LD1LB_1RC1RD,quiet_state,A,5000000,2,1,T
1RB---_0LC0LB_0LD1LB_1RD0LC,quiet_state,A,5000000,2,1,T
1RB---_0LC0LB_0LD1LB_1RD1LB,quiet_state,A,5000000,2,1,T
1RB---_0LC0LB_0LD1LB_1RD1LC,quiet_state,A,5000000,2,1,T
1RB---_0LC0LB_0LD1LB_1RD1RB,quiet_state,A,5000000,2,1,T
1RB---_0LC0LB_0LD1LC_1RD1LB,quiet_state,A,5000000,2,1,T
1RB---_0LC0LB_0LD1LD_1RD1LB,quiet_state,A,5000000,2,1,T
1RB---_0LC0LB_0LD1RC_1RD1LB,quiet_state,A,5000000,2,1,T
1RB---_0LC0LB_0RD1LB_1LC1RD,quiet_state,A,5000000,2,1,T
1RB---_0LC0LB_0RD1LB_1RC1LB,quiet_state,A,5000000,2,1,T
1RB---_0LC0LB_0RD1LB_1RC1LD,quiet_state,A,5000000,2,1,T
1RB---_0LC0LB_0RD1LB_1RC1RB,quiet_state,A,5000000,2,1,T
1RB---_0LC0LB_0RD1LB_1RD1LB,quiet_state,A,5000000,2,1,T
1RB---_0LC0LB_0RD1LB_1RD1RB,quiet_state,A,5000000,2,1,T
1RB---_0LC0LB_0RD1LC_1RD1LB,quiet_state,A,5000000,2,1,T
1RB---_0LC0LB_0RD1LD_1RD1LB,quiet_state,A,5000000,2,1,T
1RB---_0LC0LB_0RD1RC_1LB1RD,quiet_state,A,5000000,2,1,T
1RB---_0LC0LB_1LD0RB_1RC1LC,quiet_state,A,5000000,2,1,T
1RB---_0LC0LB_1LD1LB_1RD0RC,quiet_state,A,5000000,2,1,T
1RB---_0LC0LB_1LD1LC_1RD1RB,quiet_state,A,5000000,2,1,T
1RB---_0LC0LB_1RC0LD_1LB1LB,quiet_state,A,5000000,2,1,T
1RB---_0LC0LB_1RC0LD_1LB1RD,quiet_state,A,5000000,2,1,T
1RB---_0LC0LB_1RC0LD_1LC1LB,quiet_state,A,5000000,2,1,T
1RB---_0LC0LB_1RC0LD_1RA1LB,quiet_state,A,5000000,2,5,T
1RB---_0LC0LB_1RC0RD_1LB1LD,quiet_state,A,5000000,2,1,T
1RB---_0LC0LB_1RC0RD_1LB1RB,quiet_state,A,5000000,2,1,T
1RB---_0LC0LB_1RC1LD_0LB0LB,quiet_state,A,5000000,2,1,T
1RB---_0LC0LB_1RC1LD_0LB0RC,quiet_state,A,5000000,2,1,T
1RB---_0LC0LB_1RC1LD_0LB1LB,quiet_state,A,5000000,2,1,T
1RB---_0LC0LB_1RC1LD_0LC0LB,quiet_state,A,5000000,2,1,T
