0RB---_1RC0LD_1LB0RD_1LB1RA	nqhtr_0RBXXX_1RC0LD_1LB0RD_1LB1RA	ProvTr_RK_00.v	6,0
0RB---_1RC0LD_1RD0RA_1LB0LC	nqhtr_0RBXXX_1RC0LD_1RD0RA_1LB0LC	ProvTr_RK_00.v	4,0
0RB---_1RC0LD_1RD0RD_1LB1RA	nqhtr_0RBXXX_1RC0LD_1RD0RD_1LB1RA	ProvTr_RK_00.v	6,0
0RB0LA_1RC1RB_0RD1LA_1LC1LD	nqhtr_0RB0LA_1RC1RB_0RD1LA_1LC1LD	ProvTr_RK_00.v	4,0
0RB0LA_1RC1RB_1RD1LA_1LD1LC	nqhtr_0RB0LA_1RC1RB_1RD1LA_1LD1LC	ProvTr_RK_00.v	5,0
0RB0LB_1LA0RC_1LD1RD_1LB1RB	nqhtr_0RB0LB_1LA0RC_1LD1RD_1LB1RB	ProvTr_RK_00.v	7,0
0RB0LB_1LC0LC_1RD0LA_1LB0RC	nqhtr_0RB0LB_1LC0LC_1RD0LA_1LB0RC	ProvTr_RK_00.v	7,0
0RB0LD_0LC1LD_1LA0RD_1RC1LB	nqhtr_0RB0LD_0LC1LD_1LA0RD_1RC1LB	ProvTr_RK_00.v	6,0
0RB0LD_1LA1RC_0RD1RD_1RB1LA	nqhtr_0RB0LD_1LA1RC_0RD1RD_1RB1LA	ProvTr_RK_00.v	4,0
0RB0LD_1LC0RA_0LD1RA_1RD0LC	nqhtr_0RB0LD_1LC0RA_0LD1RA_1RD0LC	ProvTr_RK_00.v	7,0
0RB0LD_1LC1RB_1LA0RA_1RC1LD	nqhtr_0RB0LD_1LC1RB_1LA0RA_1RC1LD	ProvTr_RK_00.v	4,0
0RB0LD_1LC1RD_1LD0LC_1RB1RA	nqhtr_0RB0LD_1LC1RD_1LD0LC_1RB1RA	ProvTr_RK_00.v	6,0
0RB0LD_1RC0LC_0RD0LA_1LD1RB	nqhtr_0RB0LD_1RC0LC_0RD0LA_1LD1RB	ProvTr_RK_00.v	4,0
0RB0LD_1RC0LD_1LA0RD_1LB1RA	nqhtr_0RB0LD_1RC0LD_1LA0RD_1LB1RA	ProvTr_RK_00.v	6,0
0RB0LD_1RC1RB_1LD0RC_0LB1LA	nqhtr_0RB0LD_1RC1RB_1LD0RC_0LB1LA	ProvTr_RK_00.v	4,0
0RB0LD_1RC1RB_1LD0RD_0LC1LA	nqhtr_0RB0LD_1RC1RB_1LD0RD_0LC1LA	ProvTr_RK_00.v	5,0
0RB0RA_1LC1RB_0LD1RA_1RD0LC	nqhtr_0RB0RA_1LC1RB_0LD1RA_1RD0LC	ProvTr_RK_00.v	5,0
0RB0RC_1RC1LB_1LD0RA_0LD1RB	nqhtr_0RB0RC_1RC1LB_1LD0RA_0LD1RB	ProvTr_RK_00.v	8,0
0RB0RD_1LC0LB_1RA0LC_1RB1RA	nqhtr_0RB0RD_1LC0LB_1RA0LC_1RB1RA	ProvTr_RK_00.v	4,0
0RB0RD_1LC0RA_0LD1RA_1RD0LC	nqhtr_0RB0RD_1LC0RA_0LD1RA_1RD0LC	ProvTr_RK_00.v	7,0
0RB1LA_1RC0LD_1LA0RD_1LB1RA	nqhtr_0RB1LA_1RC0LD_1LA0RD_1LB1RA	ProvTr_RK_00.v	7,0
0RB1LA_1RC0LD_1LD0RD_1LB1RA	nqhtr_0RB1LA_1RC0LD_1LD0RD_1LB1RA	ProvTr_RK_00.v	6,0
0RB1LB_1RC0LB_0RD---_1LD1LA	nqhtr_0RB1LB_1RC0LB_0RDXXX_1LD1LA	ProvTr_RK_00.v	4,0
0RB1LB_1RC0LC_1LA0RD_1RB1RD	nqhtr_0RB1LB_1RC0LC_1LA0RD_1RB1RD	ProvTr_RK_00.v	7,0
0RB1LB_1RC0LD_1LD0RD_1LB1RA	nqhtr_0RB1LB_1RC0LD_1LD0RD_1LB1RA	ProvTr_RK_00.v	7,0
0RB1LC_1RC0LD_1LA0LA_1RD0RA	nqhtr_0RB1LC_1RC0LD_1LA0LA_1RD0RA	ProvTr_RK_00.v	6,0
0RB1LC_1RC0LD_1LA1LD_1RA0LD	nqhtr_0RB1LC_1RC0LD_1LA1LD_1RA0LD	ProvTr_RK_01.v	4,0
0RB1LD_1LA1RC_1RB0RC_1RD0LA	nqhtr_0RB1LD_1LA1RC_1RB0RC_1RD0LA	ProvTr_RK_01.v	7,0
0RB1RA_1LC0RA_1LD0LD_1RB1LC	nqhtr_0RB1RA_1LC0RA_1LD0LD_1RB1LC	ProvTr_RK_01.v	8,0
0RB1RC_1LC1RA_1LD0LD_1RB0LB	nqhtr_0RB1RC_1LC1RA_1LD0LD_1RB0LB	ProvTr_RK_01.v	4,0
0RB1RD_1LC1LB_1RA0LC_0LB0RA	nqhtr_0RB1RD_1LC1LB_1RA0LC_0LB0RA	ProvTr_RK_01.v	4,0
0RB1RD_1LC1RA_0LD1RA_1RD0LC	nqhtr_0RB1RD_1LC1RA_0LD1RA_1RD0LC	ProvTr_RK_01.v	8,0
0RB1RD_1LC1RD_1LA0LC_0RD1RB	nqhtr_0RB1RD_1LC1RD_1LA0LC_0RD1RB	ProvTr_RK_01.v	7,0
0RB1RD_1RC0LC_1LB1LD_0RD1RA	nqhtr_0RB1RD_1RC0LC_1LB1LD_0RD1RA	ProvTr_RK_01.v	7,0
0RB1RD_1RC0LD_0LA0RD_1LB1RA	nqhtr_0RB1RD_1RC0LD_0LA0RD_1LB1RA	ProvTr_RK_01.v	7,0
0RB1RD_1RC0LD_1LD0RD_1LB1RA	nqhtr_0RB1RD_1RC0LD_1LD0RD_1LB1RA	ProvTr_RK_01.v	6,0
1RB0LA_0LB0RC_1LD0RD_1LA1LB	nqhtr_1RB0LA_0LB0RC_1LD0RD_1LA1LB	ProvTr_RK_01.v	10,0
1RB0LA_0LC1RC_0RD1LA_1LB0RC	nqhtr_1RB0LA_0LC1RC_0RD1LA_1LB0RC	ProvTr_RK_01.v	7,0
1RB0LA_0RC---_1LC1LD_0RA1LA	nqhtr_1RB0LA_0RCXXX_1LC1LD_0RA1LA	ProvTr_RK_01.v	4,0
1RB0LA_0RC0RA_1LD1RC_1LB0LD	nqhtr_1RB0LA_0RC0RA_1LD1RC_1LB0LD	ProvTr_RK_01.v	4,0
1RB0LA_0RC0RD_0LD0RB_1LD1LA	nqhtr_1RB0LA_0RC0RD_0LD0RB_1LD1LA	ProvTr_RK_01.v	4,0
1RB0LA_0RC0RD_1LA0LC_1RC1RB	nqhtr_1RB0LA_0RC0RD_1LA0LC_1RC1RB	ProvTr_RK_01.v	4,0
1RB0LA_0RC0RD_1LA1LC_1LB1RB	nqhtr_1RB0LA_0RC0RD_1LA1LC_1LB1RB	ProvTr_RK_01.v	4,0
1RB0LA_0RC0RD_1LA1LC_1LC1RB	nqhtr_1RB0LA_0RC0RD_1LA1LC_1LC1RB	ProvTr_RK_01.v	4,0
1RB0LA_0RC1LA_0LD0RB_1LD1LA	nqhtr_1RB0LA_0RC1LA_0LD0RB_1LD1LA	ProvTr_RK_01.v	4,0
1RB0LA_0RC1LA_0RD1LA_1LD0RC	nqhtr_1RB0LA_0RC1LA_0RD1LA_1LD0RC	ProvTr_RK_01.v	5,0
1RB0LA_0RC1LA_1LC1LD_0RD0RB	nqhtr_1RB0LA_0RC1LA_1LC1LD_0RD0RB	ProvTr_RK_01.v	4,0
1RB0LA_0RC1LA_1LD0RB_1LD1LA	nqhtr_1RB0LA_0RC1LA_1LD0RB_1LD1LA	ProvTr_RK_01.v	4,0
1RB0LA_0RC1LA_1LD0RB_1LD1LB	nqhtr_1RB0LA_0RC1LA_1LD0RB_1LD1LB	ProvTr_RK_01.v	4,0
1RB0LA_0RC1LD_1LC0RB_1LA0RA	nqhtr_1RB0LA_0RC1LD_1LC0RB_1LA0RA	ProvTr_RK_01.v	4,0
1RB0LA_0RC1LD_1LD0LA_1LB1LA	nqhtr_1RB0LA_0RC1LD_1LD0LA_1LB1LA	ProvTr_RK_01.v	4,0
1RB0LA_0RC1RD_1LA1LC_0LC0RB	nqhtr_1RB0LA_0RC1RD_1LA1LC_0LC0RB	ProvTr_RK_01.v	4,0
1RB0LA_1RC0LC_1RD1LA_0LB0RB	nqhtr_1RB0LA_1RC0LC_1RD1LA_0LB0RB	ProvTr_RK_02.v	4,0
1RB0LA_1RC1LA_1LD0RD_0RB0LB	nqhtr_1RB0LA_1RC1LA_1LD0RD_0RB0LB	ProvTr_RK_02.v	4,0
1RB0LA_1RC1LC_0RD0LA_1LD0LB	nqhtr_1RB0LA_1RC1LC_0RD0LA_1LD0LB	ProvTr_RK_02.v	4,0
1RB0LA_1RC1LC_1RD1LA_0LB0RB	nqhtr_1RB0LA_1RC1LC_1RD1LA_0LB0RB	ProvTr_RK_02.v	4,0
1RB0LA_1RC1LC_1RD1LA_1LB0RB	nqhtr_1RB0LA_1RC1LC_1RD1LA_1LB0RB	ProvTr_RK_02.v	4,0
1RB0LB_0LC0RC_1LA1RD_1LC0RD	nqhtr_1RB0LB_0LC0RC_1LA1RD_1LC0RD	ProvTr_RK_02.v	4,0
1RB0LB_0LC0RD_1LA1LC_1LB0RC	nqhtr_1RB0LB_0LC0RD_1LA1LC_1LB0RC	ProvTr_RK_02.v	8,0
1RB0LB_0LC1LA_0RD1LB_1RC0RC	nqhtr_1RB0LB_0LC1LA_0RD1LB_1RC0RC	ProvTr_RK_02.v	5,0
1RB0LB_0RC0LD_1LC1RA_0RA0LC	nqhtr_1RB0LB_0RC0LD_1LC1RA_0RA0LC	ProvTr_RK_02.v	4,0
1RB0LB_0RC1RB_0RD0RB_1LD0LA	nqhtr_1RB0LB_0RC1RB_0RD0RB_1LD0LA	ProvTr_RK_02.v	7,0
1RB0LB_1LA0RC_0LD0RA_1LD1LA	nqhtr_1RB0LB_1LA0RC_0LD0RA_1LD1LA	ProvTr_RK_02.v	4,0
1RB0LB_1LA0RC_1LD1RD_1LB1RB	nqhtr_1RB0LB_1LA0RC_1LD1RD_1LB1RB	ProvTr_RK_02.v	6,0
1RB0LB_1LA1LC_0RC1RD_0RA1RC	nqhtr_1RB0LB_1LA1LC_0RC1RD_0RA1RC	ProvTr_RK_02.v	7,0
1RB0LB_1LC0RB_0LD1RA_1RD0LC	nqhtr_1RB0LB_1LC0RB_0LD1RA_1RD0LC	ProvTr_RK_02.v	4,0
1RB0LB_1LC0RD_0RA1LA_1RA1RD	nqhtr_1RB0LB_1LC0RD_0RA1LA_1RA1RD	ProvTr_RK_02.v	7,0
1RB0LB_1LC1RC_1LA1RD_1LB0RD	nqhtr_1RB0LB_1LC1RC_1LA1RD_1LB0RD	ProvTr_RK_02.v	4,0
1RB0LB_1RC0RC_0LD0RA_1LD1LA	nqhtr_1RB0LB_1RC0RC_0LD0RA_1LD1LA	ProvTr_RK_02.v	4,0
1RB0LB_1RC1LD_1LA0RB_0LC1LB	nqhtr_1RB0LB_1RC1LD_1LA0RB_0LC1LB	ProvTr_RK_02.v	6,256
1RB0LB_1RC1RD_1LD0RC_0RD0LA	nqhtr_1RB0LB_1RC1RD_1LD0RC_0RD0LA	ProvTr_RK_02.v	10,0
1RB0LC_0LA0RA_1RD1LD_1RA1LA	nqhtr_1RB0LC_0LA0RA_1RD1LD_1RA1LA	ProvTr_RK_02.v	7,0
1RB0LC_0RC0LA_1RD1RC_1LB0RB	nqhtr_1RB0LC_0RC0LA_1RD1RC_1LB0RB	ProvTr_RK_02.v	8,0
1RB0LC_0RC0RB_0LD1RD_1LA1LB	nqhtr_1RB0LC_0RC0RB_0LD1RD_1LA1LB	ProvTr_RK_02.v	11,0
1RB0LC_0RC0RD_0LD0RC_1LA0RA	nqhtr_1RB0LC_0RC0RD_0LD0RC_1LA0RA	ProvTr_RK_02.v	6,0
1RB0LC_0RC0RD_0LD1LA_1LA0RA	nqhtr_1RB0LC_0RC0RD_0LD1LA_1LA0RA	ProvTr_RK_02.v	6,0
1RB0LC_0RC0RD_1LC1LA_1RA0LA	nqhtr_1RB0LC_0RC0RD_1LC1LA_1RA0LA	ProvTr_RK_02.v	7,0
1RB0LC_0RC0RD_1LC1LA_1RA0LD	nqhtr_1RB0LC_0RC0RD_1LC1LA_1RA0LD	ProvTr_RK_02.v	7,0
1RB0LC_0RC0RD_1LC1LA_1RA1LA	nqhtr_1RB0LC_0RC0RD_1LC1LA_1RA1LA	ProvTr_RK_03.v	7,0
1RB0LC_0RC0RD_1LC1LA_1RA1LB	nqhtr_1RB0LC_0RC0RD_1LC1LA_1RA1LB	ProvTr_RK_03.v	7,0
1RB0LC_0RC1LD_1RD0LA_1LB1LA	nqhtr_1RB0LC_0RC1LD_1RD0LA_1LB1LA	ProvTr_RK_03.v	6,0
1RB0LC_1LA0RA_0RD0LB_1RD1RB	nqhtr_1RB0LC_1LA0RA_0RD0LB_1RD1RB	ProvTr_RK_03.v	4,0
1RB0LC_1LA0RA_1RD1LD_1RA1LA	nqhtr_1RB0LC_1LA0RA_1RD1LD_1RA1LA	ProvTr_RK_03.v	6,0
1RB0LC_1LA0RC_1LA1RD_0RA---	nqhtr_1RB0LC_1LA0RC_1LA1RD_0RAXXX	ProvTr_RK_03.v	6,0
1RB0LC_1LA0RC_1LA1RD_1LC0RA	nqhtr_1RB0LC_1LA0RC_1LA1RD_1LC0RA	ProvTr_RK_03.v	6,0
1RB0LC_1LA0RC_1LD1RB_1LB1LD	nqhtr_1RB0LC_1LA0RC_1LD1RB_1LB1LD	ProvTr_RK_03.v	7,0
1RB0LC_1LA0RD_0LB0RC_1LA0RA	nqhtr_1RB0LC_1LA0RD_0LB0RC_1LA0RA	ProvTr_RK_03.v	6,0
1RB0LC_1LA0RD_0LB1LA_1LA0RA	nqhtr_1RB0LC_1LA0RD_0LB1LA_1LA0RA	ProvTr_RK_03.v	6,0
1RB0LC_1LA0RD_0LD0RC_1LA0RA	nqhtr_1RB0LC_1LA0RD_0LD0RC_1LA0RA	ProvTr_RK_03.v	6,0
1RB0LC_1LA0RD_0LD1LA_1LA0RA	nqhtr_1RB0LC_1LA0RD_0LD1LA_1LA0RA	ProvTr_RK_03.v	6,0
1RB0LC_1LC0RC_1LA1RD_0RA1LA	nqhtr_1RB0LC_1LC0RC_1LA1RD_0RA1LA	ProvTr_RK_03.v	6,0
1RB0LC_1LC0RC_1LA1RD_0RA1LD	nqhtr_1RB0LC_1LC0RC_1LA1RD_0RA1LD	ProvTr_RK_03.v	6,0
1RB0LC_1LC0RC_1LA1RD_0RA1RC	nqhtr_1RB0LC_1LC0RC_1LA1RD_0RA1RC	ProvTr_RK_03.v	6,0
1RB0LC_1LC0RD_1LC1LA_1RA0RD	nqhtr_1RB0LC_1LC0RD_1LC1LA_1RA0RD	ProvTr_RK_03.v	8,0
1RB0LC_1LC0RD_1RD1LA_0RC0LA	nqhtr_1RB0LC_1LC0RD_1RD1LA_0RC0LA	ProvTr_RK_03.v	4,0
1RB0LC_1LC1LA_1RD0LB_1RD0RA	nqhtr_1RB0LC_1LC1LA_1RD0LB_1RD0RA	ProvTr_RK_03.v	6,0
1RB0LC_1LC1RB_1RD1LA_1RD0RC	nqhtr_1RB0LC_1LC1RB_1RD1LA_1RD0RC	ProvTr_RK_03.v	4,0
1RB0LC_1RC0RA_1LA1LD_1RD1LB	nqhtr_1RB0LC_1RC0RA_1LA1LD_1RD1LB	ProvTr_RK_03.v	5,0
1RB0LC_1RC0RC_1LA0RD_0LB0RB	nqhtr_1RB0LC_1RC0RC_1LA0RD_0LB0RB	ProvTr_RK_03.v	11,0
1RB0LC_1RC0RC_1LA1RD_0RA---	nqhtr_1RB0LC_1RC0RC_1LA1RD_0RAXXX	ProvTr_RK_03.v	6,0
1RB0LC_1RC0RC_1LA1RD_1LA0RA	nqhtr_1RB0LC_1RC0RC_1LA1RD_1LA0RA	ProvTr_RK_03.v	5,0
1RB0LC_1RC0RC_1LA1RD_1LC0RA	nqhtr_1RB0LC_1RC0RC_1LA1RD_1LC0RA	ProvTr_RK_03.v	6,0
1RB0LC_1RC0RD_1LA0LB_0RA---	nqhtr_1RB0LC_1RC0RD_1LA0LB_0RAXXX	ProvTr_RK_03.v	4,0
1RB0LC_1RC1LA_1LD0RB_1LB0LB	nqhtr_1RB0LC_1RC1LA_1LD0RB_1LB0LB	ProvTr_RK_03.v	6,256
1RB0LD_0LC0RD_0RA1RD_1LA1RC	nqhtr_1RB0LD_0LC0RD_0RA1RD_1LA1RC	ProvTr_RK_04.v	6,0
1RB0LD_0RC0LC_1LC1RA_---1LB	nqhtr_1RB0LD_0RC0LC_1LC1RA_XXX1LB	ProvTr_RK_04.v	5,0
1RB0LD_0RC0RA_1LC1LA_0LC0LB	nqhtr_1RB0LD_0RC0RA_1LC1LA_0LC0LB	ProvTr_RK_04.v	6,0
1RB0LD_0RC0RA_1LC1LA_0LC0RD	nqhtr_1RB0LD_0RC0RA_1LC1LA_0LC0RD	ProvTr_RK_04.v	6,0
1RB0LD_0RC0RA_1LC1LA_0LC1LC	nqhtr_1RB0LD_0RC0RA_1LC1LA_0LC1LC	ProvTr_RK_04.v	6,0
1RB0LD_0RC0RD_1LD0RA_1LA1RC	nqhtr_1RB0LD_0RC0RD_1LD0RA_1LA1RC	ProvTr_RK_04.v	6,0
1RB0LD_0RC1LA_1RD0RD_1LB0LA	nqhtr_1RB0LD_0RC1LA_1RD0RD_1LB0LA	ProvTr_RK_04.v	7,0
1RB0LD_0RC1LD_1LC0RB_0LA0LC	nqhtr_1RB0LD_0RC1LD_1LC0RB_0LA0LC	ProvTr_RK_04.v	7,0
1RB0LD_0RC1LD_1LC0RB_0LA0RC	nqhtr_1RB0LD_0RC1LD_1LC0RB_0LA0RC	ProvTr_RK_04.v	7,0
1RB0LD_0RC1RA_1LC0RA_1LA0LC	nqhtr_1RB0LD_0RC1RA_1LC0RA_1LA0LC	ProvTr_RK_04.v	8,0
1RB0LD_1LC0LC_0RA1LB_1RD0RC	nqhtr_1RB0LD_1LC0LC_0RA1LB_1RD0RC	ProvTr_RK_04.v	6,0
1RB0LD_1LC0RD_0RA1LC_1LA1RC	nqhtr_1RB0LD_1LC0RD_0RA1LC_1LA1RC	ProvTr_RK_04.v	6,0
1RB0LD_1LC1LD_0RA1LB_1RC0LA	nqhtr_1RB0LD_1LC1LD_0RA1LB_1RC0LA	ProvTr_RK_04.v	6,0
1RB0LD_1LC1LD_0RA1LB_1RC0LD	nqhtr_1RB0LD_1LC1LD_0RA1LB_1RC0LD	ProvTr_RK_04.v	4,0
1RB0LD_1RC0RC_1LA1RB_0LA1LD	nqhtr_1RB0LD_1RC0RC_1LA1RB_0LA1LD	ProvTr_RK_04.v	8,0
1RB0LD_1RC0RC_1LA1RB_1LA1LD	nqhtr_1RB0LD_1RC0RC_1LA1RB_1LA1LD	ProvTr_RK_04.v	4,0
1RB0LD_1RC0RD_1LA0RA_1LA1RC	nqhtr_1RB0LD_1RC0RD_1LA0RA_1LA1RC	ProvTr_RK_04.v	5,0
1RB0LD_1RC1LB_0LD0RC_1RD1LA	nqhtr_1RB0LD_1RC1LB_0LD0RC_1RD1LA	ProvTr_RK_04.v	4,0
1RB0LD_1RC1RB_1LA0RA_1RC1LC	nqhtr_1RB0LD_1RC1RB_1LA0RA_1RC1LC	ProvTr_RK_04.v	5,0
1RB0RA_0RC0RB_1LD1RC_0LD1LA	nqhtr_1RB0RA_0RC0RB_1LD1RC_0LD1LA	ProvTr_RK_04.v	7,0
1RB0RA_1LB0LC_1LA0LD_1RD1RC	nqhtr_1RB0RA_1LB0LC_1LA0LD_1RD1RC	ProvTr_RK_04.v	4,0
1RB0RA_1LC0RB_0LA0LD_1LA1LC	nqhtr_1RB0RA_1LC0RB_0LA0LD_1LA1LC	ProvTr_RK_04.v	4,0
1RB0RB_0LC0RD_1LC1LD_1RA0LA	nqhtr_1RB0RB_0LC0RD_1LC1LD_1RA0LA	ProvTr_RK_04.v	4,0
1RB0RB_0LC0RD_1LC1LD_1RA0LB	nqhtr_1RB0RB_0LC0RD_1LC1LD_1RA0LB	ProvTr_RK_04.v	5,0
1RB0RB_1LC0RC_1RA1LD_0LC1LA	nqhtr_1RB0RB_1LC0RC_1RA1LD_0LC1LA	ProvTr_RK_04.v	4,64
1RB0RB_1LC0RD_1RA0LB_0LA0RA	nqhtr_1RB0RB_1LC0RD_1RA0LB_0LA0RA	ProvTr_RK_04.v	11,0
1RB0RB_1LC1RA_0LD0LC_1RD0RA	nqhtr_1RB0RB_1LC1RA_0LD0LC_1RD0RA	ProvTr_RK_05.v	7,0
1RB0RB_1LC1RA_1LA0LD_1LB0LB	nqhtr_1RB0RB_1LC1RA_1LA0LD_1LB0LB	ProvTr_RK_05.v	7,64
1RB0RB_1LC1RA_1LA0LD_1LC1LB	nqhtr_1RB0RB_1LC1RA_1LA0LD_1LC1LB	ProvTr_RK_05.v	5,0
1RB0RB_1LC1RA_1LA0LD_1LC1LD	nqhtr_1RB0RB_1LC1RA_1LA0LD_1LC1LD	ProvTr_RK_05.v	5,0
1RB0RB_1LC1RA_1RA0LD_1LC1LD	nqhtr_1RB0RB_1LC1RA_1RA0LD_1LC1LD	ProvTr_RK_05.v	4,0
1RB0RB_1LC1RD_1RA0LB_0RC---	nqhtr_1RB0RB_1LC1RD_1RA0LB_0RCXXX	ProvTr_RK_05.v	6,0
1RB0RB_1LC1RD_1RA0LB_1LB0RC	nqhtr_1RB0RB_1LC1RD_1RA0LB_1LB0RC	ProvTr_RK_05.v	6,0
1RB0RB_1LC1RD_1RA0LB_1LC1RA	nqhtr_1RB0RB_1LC1RD_1RA0LB_1LC1RA	ProvTr_RK_05.v	7,0
1RB0RB_1RC1LD_0LB1RA_0LB1LB	nqhtr_1RB0RB_1RC1LD_0LB1RA_0LB1LB	ProvTr_RK_05.v	8,0
1RB0RB_1RC1LD_1LB1RA_0LB1LB	nqhtr_1RB0RB_1RC1LD_1LB1RA_0LB1LB	ProvTr_RK_05.v	7,0
1RB0RB_1RC1LD_1RD0RA_1LB0LB	nqhtr_1RB0RB_1RC1LD_1RD0RA_1LB0LB	ProvTr_RK_05.v	7,64
1RB0RC_1LB0LC_0RD0LA_1RA0RB	nqhtr_1RB0RC_1LB0LC_0RD0LA_1RA0RB	ProvTr_RK_05.v	4,0
1RB0RC_1LC0RA_1LA0LD_0LB---	nqhtr_1RB0RC_1LC0RA_1LA0LD_0LBXXX	ProvTr_RK_05.v	4,0
1RB0RC_1LC1LD_1RA0LB_1LD1RA	nqhtr_1RB0RC_1LC1LD_1RA0LB_1LD1RA	ProvTr_RK_05.v	4,0
1RB0RC_1RC1LB_1LD1RA_1LD0LC	nqhtr_1RB0RC_1RC1LB_1LD1RA_1LD0LC	ProvTr_RK_05.v	4,0
1RB0RC_1RC1LD_1LB1RA_0LB1LB	nqhtr_1RB0RC_1RC1LD_1LB1RA_0LB1LB	ProvTr_RK_05.v	7,0
1RB0RD_0RC0RA_1LC0LA_0RA0RB	nqhtr_1RB0RD_0RC0RA_1LC0LA_0RA0RB	ProvTr_RK_05.v	7,0
1RB0RD_0RC1RB_1LC1LD_0RB0RA	nqhtr_1RB0RD_0RC1RB_1LC1LD_0RB0RA	ProvTr_RK_05.v	8,0
1RB0RD_1LC0LA_1RA0LB_0RC---	nqhtr_1RB0RD_1LC0LA_1RA0LB_0RCXXX	ProvTr_RK_05.v	4,0
1RB0RD_1LC0LB_1RA1LB_1RD0RC	nqhtr_1RB0RD_1LC0LB_1RA1LB_1RD0RC	ProvTr_RK_05.v	11,0
1RB0RD_1LC1RA_0LB1LD_0RB0LD	nqhtr_1RB0RD_1LC1RA_0LB1LD_0RB0LD	ProvTr_RK_05.v	5,0
1RB1LA_0RC0RB_0LD0LA_1LC---	nqhtr_1RB1LA_0RC0RB_0LD0LA_1LCXXX	ProvTr_RK_05.v	4,0
1RB1LA_0RC0RB_0LD0LA_1LD0LA	nqhtr_1RB1LA_0RC0RB_0LD0LA_1LD0LA	ProvTr_RK_05.v	4,0
1RB1LA_0RC0RB_0LD0LA_1LD1RC	nqhtr_1RB1LA_0RC0RB_0LD0LA_1LD1RC	ProvTr_RK_05.v	4,0
1RB1LA_0RC0RB_0LD0LA_1RC1LC	nqhtr_1RB1LA_0RC0RB_0LD0LA_1RC1LC	ProvTr_RK_05.v	4,0
1RB1LA_0RC0RB_0LD1RC_1LD0LA	nqhtr_1RB1LA_0RC0RB_0LD1RC_1LD0LA	ProvTr_RK_05.v	4,0
1RB1LA_0RC0RB_0RD0LA_1LC0LD	nqhtr_1RB1LA_0RC0RB_0RD0LA_1LC0LD	ProvTr_RK_06.v	4,0
1RB1LA_0RC1LD_1LC0RB_0LA0LD	nqhtr_1RB1LA_0RC1LD_1LC0RB_0LA0LD	ProvTr_RK_06.v	5,0
1RB1LA_1LC0RD_0LC1RA_0RA0RB	nqhtr_1RB1LA_1LC0RD_0LC1RA_0RA0RB	ProvTr_RK_06.v	8,0
1RB1LA_1RC0LC_0LA0RD_1LB1RD	nqhtr_1RB1LA_1RC0LC_0LA0RD_1LB1RD	ProvTr_RK_06.v	4,0
1RB1LB_0LC0LA_1RD1RC_1LB0RD	nqhtr_1RB1LB_0LC0LA_1RD1RC_1LB0RD	ProvTr_RK_06.v	4,0
1RB1LB_0LC0RD_1LC1LA_0RB1RD	nqhtr_1RB1LB_0LC0RD_1LC1LA_0RB1RD	ProvTr_RK_06.v	6,0
1RB1LB_0RC0LC_0RD1LC_1LD0LA	nqhtr_1RB1LB_0RC0LC_0RD1LC_1LD0LA	ProvTr_RK_06.v	8,0
1RB1LB_1LC0RD_1LD1LA_0LB1RA	nqhtr_1RB1LB_1LC0RD_1LD1LA_0LB1RA	ProvTr_RK_06.v	7,0
1RB1LB_1RC1LC_1RD0LA_0LC0RC	nqhtr_1RB1LB_1RC1LC_1RD0LA_0LC0RC	ProvTr_RK_06.v	7,0
1RB1LB_1RC1LC_1RD0LA_1LC0RC	nqhtr_1RB1LB_1RC1LC_1RD0LA_1LC0RC	ProvTr_RK_06.v	6,0
1RB1LC_0LA0RD_0LD1LD_1LA1RB	nqhtr_1RB1LC_0LA0RD_0LD1LD_1LA1RB	ProvTr_RK_06.v	4,0
1RB1LC_0LA1RD_1LA0LC_1LD0RB	nqhtr_1RB1LC_0LA1RD_1LA0LC_1LD0RB	ProvTr_RK_06.v	7,0
1RB1LC_0RC0RD_0LD0RA_1LA0LA	nqhtr_1RB1LC_0RC0RD_0LD0RA_1LA0LA	ProvTr_RK_06.v	7,0
1RB1LC_1LA1RD_0LB0LA_0RB1RB	nqhtr_1RB1LC_1LA1RD_0LB0LA_0RB1RB	ProvTr_RK_06.v	7,0
1RB1LC_1LA1RD_1LB0LA_0RB1RB	nqhtr_1RB1LC_1LA1RD_1LB0LA_0RB1RB	ProvTr_RK_06.v	8,0
1RB1LC_1LA1RD_1LB0LB_0RB1RB	nqhtr_1RB1LC_1LA1RD_1LB0LB_0RB1RB	ProvTr_RK_06.v	7,0
1RB1LC_1LB1LA_0RD0LC_1RA1RD	nqhtr_1RB1LC_1LB1LA_0RD0LC_1RA1RD	ProvTr_RK_06.v	5,0
1RB1LC_1RC0RB_1LA0LD_1LC1RD	nqhtr_1RB1LC_1RC0RB_1LA0LD_1LC1RD	ProvTr_RK_06.v	5,0
1RB1LC_1RC0RB_1LA0RD_0LC1LD	nqhtr_1RB1LC_1RC0RB_1LA0RD_0LC1LD	ProvTr_RK_06.v	7,0
1RB1LC_1RC0RB_1LA1LD_0LA0RC	nqhtr_1RB1LC_1RC0RB_1LA1LD_0LA0RC	ProvTr_RK_06.v	6,0
1RB1LC_1RC0RB_1LA1LD_0LC0RC	nqhtr_1RB1LC_1RC0RB_1LA1LD_0LC0RC	ProvTr_RK_06.v	6,0
1RB1LC_1RC0RD_1LA0LC_1RD0RA	nqhtr_1RB1LC_1RC0RD_1LA0LC_1RD0RA	ProvTr_RK_06.v	11,0
1RB1LD_0LC0RB_1RA1LA_0LD1LA	nqhtr_1RB1LD_0LC0RB_1RA1LA_0LD1LA	ProvTr_RK_06.v	6,0
1RB1LD_0LC0RB_1RA1RD_0LD1LA	nqhtr_1RB1LD_0LC0RB_1RA1RD_0LD1LA	ProvTr_RK_06.v	6,0
1RB1LD_0LC0RC_1RA1LA_1RC0LD	nqhtr_1RB1LD_0LC0RC_1RA1LA_1RC0LD	ProvTr_RK_06.v	4,0
1RB1LD_0RC0LA_0RD1RA_1LD0LA	nqhtr_1RB1LD_0RC0LA_0RD1RA_1LD0LA	ProvTr_RK_06.v	8,0
1RB1LD_0RC0RD_1LD0RA_1LA0LA	nqhtr_1RB1LD_0RC0RD_1LD0RA_1LA0LA	ProvTr_RK_07.v	4,0
1RB1LD_0RC1LD_1LC0RB_0LA1LC	nqhtr_1RB1LD_0RC1LD_1LC0RB_0LA1LC	ProvTr_RK_07.v	8,0
1RB1LD_1LC0RC_1RA1LA_1RC0LD	nqhtr_1RB1LD_1LC0RC_1RA1LA_1RC0LD	ProvTr_RK_07.v	4,0
1RB1LD_1LC1RA_0LB1LA_1LC0RB	nqhtr_1RB1LD_1LC1RA_0LB1LA_1LC0RB	ProvTr_RK_07.v	8,0
1RB1LD_1RC0RB_0LA1LD_0LD1LA	nqhtr_1RB1LD_1RC0RB_0LA1LD_0LD1LA	ProvTr_RK_07.v	7,0
1RB1LD_1RC0RB_0LC1LD_0LD1LA	nqhtr_1RB1LD_1RC0RB_0LC1LD_0LD1LA	ProvTr_RK_07.v	7,0
1RB1LD_1RC0RC_1LA0RA_0LA1LB	nqhtr_1RB1LD_1RC0RC_1LA0RA_0LA1LB	ProvTr_RK_07.v	4,0
1RB1LD_1RC1RA_1LA0RB_1LA0LA	nqhtr_1RB1LD_1RC1RA_1LA0RB_1LA0LA	ProvTr_RK_07.v	7,0
1RB1LD_1RC1RB_1LD0RC_0LB0LA	nqhtr_1RB1LD_1RC1RB_1LD0RC_0LB0LA	ProvTr_RK_07.v	4,0
1RB1RA_0RC0LB_0RD1RA_1LD0LA	nqhtr_1RB1RA_0RC0LB_0RD1RA_1LD0LA	ProvTr_RK_07.v	6,0
1RB1RA_0RC1LD_1LB1LC_0RA0LD	nqhtr_1RB1RA_0RC1LD_1LB1LC_0RA0LD	ProvTr_RK_07.v	4,0
1RB1RA_1LC0RB_0LA1LD_0RA0LC	nqhtr_1RB1RA_1LC0RB_0LA1LD_0RA0LC	ProvTr_RK_07.v	4,0
1RB1RA_1LC0RC_0LB1LD_0RA0LC	nqhtr_1RB1RA_1LC0RC_0LB1LD_0RA0LC	ProvTr_RK_07.v	5,0
1RB1RA_1LC0RC_0RA0LD_1RC0LA	nqhtr_1RB1RA_1LC0RC_0RA0LD_1RC0LA	ProvTr_RK_07.v	8,0
1RB1RA_1RC1LD_1LC1LB_0RA0LD	nqhtr_1RB1RA_1RC1LD_1LC1LB_0RA0LD	ProvTr_RK_07.v	5,0
1RB1RC_0RC1LD_1LD0RD_0LA0LB	nqhtr_1RB1RC_0RC1LD_1LD0RD_0LA0LB	ProvTr_RK_07.v	7,0
1RB1RC_0RC1RC_1LD0RB_0LD1LA	nqhtr_1RB1RC_0RC1RC_1LD0RB_0LD1LA	ProvTr_RK_07.v	4,0
1RB1RC_1LC0RB_0RC0LD_1RA0LA	nqhtr_1RB1RC_1LC0RB_0RC0LD_1RA0LA	ProvTr_RK_07.v	10,0
1RB1RD_0LC1RA_1RA0RD_1LB0RD	nqhtr_1RB1RD_0LC1RA_1RA0RD_1LB0RD	ProvTr_RK_07.v	4,0
1RB1RD_1LC0RA_1LA0LB_1LD1RC	nqhtr_1RB1RD_1LC0RA_1LA0LB_1LD1RC	ProvTr_RK_07.v	5,0
1RB1RD_1LC0RA_1LA0LB_1RD1LC	nqhtr_1RB1RD_1LC0RA_1LA0LB_1RD1LC	ProvTr_RK_07.v	4,0
1RB1RD_1LC0RA_1LA0LC_0RB0LD	nqhtr_1RB1RD_1LC0RA_1LA0LC_0RB0LD	ProvTr_RK_07.v	12,0
1RB1RD_1LC0RA_1LC0LD_1LA0RB	nqhtr_1RB1RD_1LC0RA_1LC0LD_1LA0RB	ProvTr_RK_07.v	6,0
1RB1RD_1LC1RA_0LD1LD_0RB0RD	nqhtr_1RB1RD_1LC1RA_0LD1LD_0RB0RD	ProvTr_RK_07.v	7,0
