0RB---_0RC0LD_1LD1RC_0LA1LB	FAIL	fwd:lc=18,part=0,rc=0,s0=0 mir:lc=18,part=153,rc=18,s0=55
0RB---_1LC1RB_0RB1LD_1LA0LC	FAIL	fwd:lc=18,part=0,rc=0,s0=0 mir:lc=18,part=153,rc=18,s0=62
0RB---_1LC1RB_1LA1LD_0RB0LC	FAIL	fwd:lc=18,part=0,rc=0,s0=0 mir:lc=18,part=153,rc=18,s0=76
0RB---_1RC1LD_0LD0RC_1LB1LA	FAIL	fwd:lc=24,part=198,rc=18,s0=55 mir:lc=18,part=0,rc=24,s0=0
0RB0LA_0LC1RD_0RD1LC_1LA1RB	FAIL	fwd:lc=36,part=0,rc=0,s0=0 mir:lc=18,part=162,rc=18,s0=7
0RB0LA_1LA0LC_0RD1LC_1RB1RD	FAIL	fwd:lc=36,part=0,rc=0,s0=0 mir:lc=18,part=0,rc=18,s0=0
0RB0LA_1LA0RC_0LD1RC_1RB1LD	FAIL	fwd:lc=36,part=0,rc=0,s0=0 mir:lc=18,part=0,rc=18,s0=0
0RB0LA_1LA1LC_0RD0LC_1RD1RB	FAIL	fwd:lc=36,part=0,rc=18,s0=0 mir:lc=18,part=0,rc=36,s0=0
0RB0LA_1LA1RC_0LD0RC_1LD1RB	FAIL	fwd:lc=36,part=0,rc=18,s0=0 mir:lc=18,part=0,rc=36,s0=0
0RB0LA_1LA1RC_0LD1RB_0RC1LD	FAIL	fwd:lc=36,part=0,rc=0,s0=0 mir:lc=18,part=162,rc=18,s0=8
0RB0LA_1LA1RC_0RD1RD_1LB0LB	FAIL	fwd:lc=18,part=0,rc=12,s0=0 mir:lc=12,part=0,rc=18,s0=0
0RB0LA_1LA1RC_1LD1RB_0RB1LD	FAIL	fwd:lc=36,part=0,rc=0,s0=0 mir:lc=18,part=162,rc=18,s0=55
0RB0LA_1LA1RC_1LD1RB_0RC1LD	FAIL	fwd:lc=36,part=0,rc=0,s0=0 mir:lc=18,part=162,rc=18,s0=45
0RB0LA_1LC1RD_0RB1LC_1LA1RB	FAIL	fwd:lc=36,part=0,rc=0,s0=0 mir:lc=18,part=162,rc=18,s0=46
0RB0LA_1LC1RD_0RD0LC_1RB1LA	FAIL	fwd:lc=36,part=0,rc=18,s0=0 mir:lc=18,part=324,rc=36,s0=74
0RB0LA_1LC1RD_0RD1LC_1LA1RB	FAIL	fwd:lc=36,part=0,rc=0,s0=0 mir:lc=18,part=162,rc=18,s0=45
0RB0LA_1RC1LA_1LD1RB_0RC0LD	FAIL	fwd:lc=36,part=0,rc=18,s0=0 mir:lc=18,part=324,rc=36,s0=74
0RB0LA_1RC1LA_1RD0RD_1LB0LB	FAIL	fwd:lc=18,part=0,rc=12,s0=0 mir:lc=12,part=0,rc=18,s0=0
0RB0LA_1RC1LB_1LA0RD_0LB1RD	FAIL	fwd:lc=36,part=0,rc=0,s0=0 mir:lc=18,part=0,rc=18,s0=0
0RB0LA_1RC1RB_1LA0LD_0RB1LD	FAIL	fwd:lc=36,part=0,rc=0,s0=0 mir:lc=18,part=108,rc=18,s0=7
0RB0LB_1LC1RD_0RD0LC_1RB1LA	FAIL	fwd:lc=18,part=0,rc=29,s0=0 mir:lc=30,part=288,rc=18,s0=55
0RB0LC_0LC1LD_0RD1LA_1LC1RD	FAIL	fwd:lc=24,part=0,rc=0,s0=0 mir:lc=18,part=162,rc=24,s0=53
0RB0LC_0LC1RD_0RD1LA_1LC1RD	FAIL	fwd:lc=18,part=0,rc=0,s0=0 mir:lc=18,part=150,rc=18,s0=54
0RB0LC_0RC1LD_0RD1LA_1LC1RD	FAIL	fwd:lc=24,part=0,rc=0,s0=0 mir:lc=18,part=162,rc=24,s0=53
0RB0LC_0RC1RD_0RD1LA_1LC1RD	FAIL	fwd:lc=18,part=0,rc=0,s0=0 mir:lc=18,part=150,rc=18,s0=54
0RB0LC_1LA1RB_0RD0LA_1RD1LC	FAIL	fwd:lc=18,part=0,rc=18,s0=0 mir:lc=36,part=90,rc=18,s0=4
0RB0LC_1LA1RC_1RB0LD_0RB1LD	FAIL	fwd:lc=19,part=0,rc=18,s0=0 mir:lc=18,part=0,rc=1,s0=0
0RB0LC_1LC1LB_0RD1LA_1LC1RD	FAIL	fwd:lc=26,part=0,rc=0,s0=0 mir:lc=18,part=162,rc=24,s0=53
0RB0LC_1LC1LD_0RD1LA_1LC1RD	FAIL	fwd:lc=24,part=0,rc=0,s0=0 mir:lc=18,part=162,rc=24,s0=53
0RB0LC_1LC1RB_0LD1LA_0RA---	FAIL	fwd:lc=18,part=0,rc=0,s0=0 mir:lc=18,part=153,rc=18,s0=55
0RB0LC_1LC1RB_0LD1LA_0RD1RA	FAIL	fwd:lc=18,part=0,rc=0,s0=0 mir:lc=24,part=117,rc=18,s0=0
0RB0LC_1LC1RB_0LD1LA_1RA0RA	FAIL	fwd:lc=18,part=0,rc=0,s0=0 mir:lc=18,part=171,rc=18,s0=0
0RB0LC_1LC1RB_0LD1LA_1RA0RC	FAIL	fwd:lc=18,part=0,rc=0,s0=0 mir:lc=18,part=180,rc=18,s0=0
0RB0LC_1LC1RB_0LD1LA_1RA1RA	FAIL	fwd:lc=18,part=0,rc=0,s0=0 mir:lc=18,part=180,rc=18,s0=0
0RB0LC_1LC1RB_0LD1LA_1RC0RA	FAIL	fwd:lc=18,part=0,rc=0,s0=0 mir:lc=18,part=153,rc=18,s0=55
0RB0LC_1LC1RB_0LD1LA_1RC1RA	FAIL	fwd:lc=18,part=0,rc=0,s0=0 mir:lc=18,part=180,rc=18,s0=0
0RB0LC_1LC1RB_0LD1LA_1RD1RA	FAIL	fwd:lc=18,part=0,rc=3,s0=0 mir:lc=21,part=124,rc=18,s0=0
0RB0LC_1LC1RB_0RD0LA_1RD1LA	FAIL	fwd:lc=18,part=0,rc=18,s0=0 mir:lc=36,part=90,rc=18,s0=4
0RB0LC_1LC1RB_0RD1LA_0LB1RB	FAIL	fwd:lc=27,part=0,rc=0,s0=0 mir:lc=18,part=132,rc=26,s0=64
0RB0LC_1LC1RB_0RD1LA_0LB1RD	FAIL	fwd:lc=27,part=0,rc=0,s0=0 mir:lc=19,part=132,rc=26,s0=64
0RB0LC_1LC1RB_0RD1LA_1LA1RC	FAIL	fwd:lc=18,part=6,rc=2,s0=0 mir:lc=21,part=150,rc=18,s0=0
0RB0LC_1LC1RB_0RD1LA_1LB0RC	FAIL	fwd:lc=24,part=3,rc=6,s0=0 mir:lc=24,part=132,rc=24,s0=46
0RB0LC_1LC1RB_0RD1LA_1LB1LA	FAIL	fwd:lc=22,part=0,rc=0,s0=0 mir:lc=18,part=132,rc=22,s0=64
0RB0LC_1LC1RB_0RD1LA_1LB1RB	FAIL	fwd:lc=22,part=0,rc=0,s0=0 mir:lc=18,part=132,rc=22,s0=64
0RB0LC_1LC1RB_0RD1LA_1LB1RD	FAIL	fwd:lc=21,part=0,rc=0,s0=0 mir:lc=27,part=138,rc=21,s0=46
0RB0LC_1LC1RB_0RD1LA_1LC1RD	FAIL	fwd:lc=18,part=0,rc=0,s0=0 mir:lc=36,part=180,rc=18,s0=62
0RB0LC_1LC1RB_0RD1LA_1RB1RC	FAIL	fwd:lc=18,part=3,rc=2,s0=0 mir:lc=21,part=150,rc=18,s0=0
0RB0LC_1LC1RB_0RD1LA_1RD1RB	FAIL	fwd:lc=18,part=0,rc=1,s0=0 mir:lc=19,part=120,rc=18,s0=48
0RB0LC_1LC1RB_1LD1LA_0RB---	FAIL	fwd:lc=18,part=0,rc=0,s0=0 mir:lc=18,part=153,rc=18,s0=76
0RB0LC_1LC1RB_1LD1LA_0RD1RA	FAIL	fwd:lc=25,part=0,rc=0,s0=0 mir:lc=21,part=153,rc=25,s0=0
0RB0LC_1LC1RB_1LD1LA_0RD1RB	FAIL	fwd:lc=19,part=0,rc=0,s0=0 mir:lc=21,part=162,rc=19,s0=82
0RB0LC_1LC1RB_1LD1LA_1RD0RB	FAIL	fwd:lc=18,part=0,rc=1,s0=0 mir:lc=19,part=153,rc=18,s0=76
0RB0LC_1LC1RB_1LD1LA_1RD0RC	FAIL	fwd:lc=18,part=0,rc=5,s0=0 mir:lc=23,part=97,rc=18,s0=34
0RB0LC_1LC1RB_1RD1LA_0LD1LB	FAIL	fwd:lc=31,part=0,rc=0,s0=0 mir:lc=18,part=174,rc=30,s0=50
0RB0LC_1LC1RB_1RD1LA_1LB0LA	FAIL	fwd:lc=25,part=0,rc=0,s0=0 mir:lc=18,part=216,rc=24,s0=74
0RB0LC_1LC1RB_1RD1LA_1LB0LB	FAIL	fwd:lc=25,part=0,rc=0,s0=0 mir:lc=18,part=216,rc=24,s0=74
0RB0LC_1LC1RB_1RD1LA_1LB0LC	FAIL	fwd:lc=25,part=0,rc=0,s0=0 mir:lc=18,part=216,rc=24,s0=74
0RB0LC_1LC1RB_1RD1LA_1LB0RC	FAIL	fwd:lc=25,part=3,rc=2,s0=0 mir:lc=23,part=216,rc=24,s0=74
0RB0LC_1LC1RB_1RD1LA_1LB0RD	FAIL	fwd:lc=25,part=0,rc=1,s0=0 mir:lc=19,part=216,rc=24,s0=74
0RB0LC_1LC1RB_1RD1LA_1LB1LA	FAIL	fwd:lc=25,part=0,rc=0,s0=0 mir:lc=18,part=216,rc=24,s0=74
0RB0LC_1LC1RB_1RD1LA_1LB1LB	FAIL	fwd:lc=25,part=0,rc=0,s0=0 mir:lc=18,part=216,rc=24,s0=74
0RB0LC_1LC1RB_1RD1LA_1LB1LC	FAIL	fwd:lc=25,part=0,rc=0,s0=0 mir:lc=18,part=216,rc=24,s0=74
0RB0LC_1LC1RB_1RD1LA_1LB1RB	FAIL	fwd:lc=25,part=0,rc=0,s0=0 mir:lc=18,part=216,rc=24,s0=74
0RB0LC_1LC1RB_1RD1LA_1LB1RC	FAIL	fwd:lc=25,part=0,rc=3,s0=0 mir:lc=21,part=226,rc=24,s0=74
0RB0LC_1LC1RB_1RD1LA_1LB1RD	FAIL	fwd:lc=25,part=0,rc=0,s0=0 mir:lc=20,part=216,rc=24,s0=74
0RB0LC_1LC1RB_1RD1LA_1LC0LA	FAIL	fwd:lc=27,part=0,rc=0,s0=0 mir:lc=18,part=180,rc=26,s0=64
0RB0LC_1LC1RB_1RD1LA_1LC0LB	FAIL	fwd:lc=27,part=0,rc=0,s0=0 mir:lc=18,part=180,rc=26,s0=64
0RB0LC_1LC1RB_1RD1LA_1LC0LC	FAIL	fwd:lc=27,part=0,rc=0,s0=0 mir:lc=18,part=180,rc=26,s0=64
0RB0LC_1LC1RB_1RD1LA_1LC0RC	FAIL	fwd:lc=32,part=0,rc=2,s0=0 mir:lc=23,part=216,rc=31,s0=64
0RB0LC_1LC1RB_1RD1LA_1LC1LA	FAIL	fwd:lc=26,part=0,rc=0,s0=0 mir:lc=18,part=180,rc=25,s0=64
0RB0LC_1LC1RB_1RD1LA_1LC1LB	FAIL	fwd:lc=27,part=0,rc=0,s0=0 mir:lc=18,part=180,rc=26,s0=64
0RB0LC_1LC1RB_1RD1LA_1LC1LC	FAIL	fwd:lc=27,part=0,rc=0,s0=0 mir:lc=18,part=180,rc=26,s0=64
0RB0LC_1LC1RB_1RD1LA_1LC1RB	FAIL	fwd:lc=27,part=0,rc=0,s0=0 mir:lc=18,part=180,rc=26,s0=64
0RB0LC_1LC1RB_1RD1LA_1LC1RC	FAIL	fwd:lc=27,part=0,rc=3,s0=0 mir:lc=21,part=196,rc=26,s0=64
0RB0LC_1LC1RB_1RD1LA_1LC1RD	FAIL	fwd:lc=27,part=0,rc=0,s0=0 mir:lc=20,part=180,rc=26,s0=64
0RB0LC_1LC1RB_1RD1LA_1LD0RC	FAIL	fwd:lc=21,part=0,rc=2,s0=0 mir:lc=23,part=150,rc=21,s0=0
0RB0LC_1LC1RB_1RD1LA_1LD1LA	FAIL	fwd:lc=28,part=0,rc=0,s0=0 mir:lc=18,part=180,rc=27,s0=64
0RB0LC_1LC1RB_1RD1LA_1LD1LB	FAIL	fwd:lc=29,part=0,rc=0,s0=0 mir:lc=18,part=180,rc=29,s0=64
0RB0LC_1LC1RB_1RD1LA_1LD1RB	FAIL	fwd:lc=28,part=0,rc=0,s0=0 mir:lc=18,part=216,rc=27,s0=74
0RB0LC_1LC1RB_1RD1LA_1RB0LA	FAIL	fwd:lc=25,part=0,rc=0,s0=0 mir:lc=18,part=216,rc=24,s0=74
0RB0LC_1LC1RB_1RD1LA_1RB0LB	FAIL	fwd:lc=25,part=0,rc=0,s0=0 mir:lc=18,part=216,rc=24,s0=74
0RB0LC_1LC1RB_1RD1LA_1RB0LC	FAIL	fwd:lc=25,part=0,rc=0,s0=0 mir:lc=18,part=216,rc=24,s0=74
0RB0LC_1LC1RB_1RD1LA_1RB0LD	FAIL	fwd:lc=31,part=0,rc=0,s0=0 mir:lc=18,part=246,rc=30,s0=104
0RB0LC_1LC1RB_1RD1LA_1RB0RC	FAIL	fwd:lc=25,part=3,rc=2,s0=0 mir:lc=23,part=216,rc=24,s0=74
0RB0LC_1LC1RB_1RD1LA_1RB0RD	FAIL	fwd:lc=25,part=0,rc=1,s0=0 mir:lc=19,part=216,rc=24,s0=74
0RB0LC_1LC1RB_1RD1LA_1RB1LA	FAIL	fwd:lc=25,part=0,rc=0,s0=0 mir:lc=18,part=216,rc=24,s0=74
0RB0LC_1LC1RB_1RD1LA_1RB1LB	FAIL	fwd:lc=25,part=0,rc=0,s0=0 mir:lc=18,part=216,rc=24,s0=74
0RB0LC_1LC1RB_1RD1LA_1RB1LC	FAIL	fwd:lc=25,part=0,rc=0,s0=0 mir:lc=18,part=216,rc=24,s0=74
0RB0LC_1LC1RB_1RD1LA_1RB1LD	FAIL	fwd:lc=28,part=0,rc=0,s0=0 mir:lc=18,part=216,rc=24,s0=74
0RB0LC_1LC1RB_1RD1LA_1RB1RB	FAIL	fwd:lc=25,part=0,rc=0,s0=0 mir:lc=18,part=216,rc=24,s0=74
0RB0LC_1LC1RB_1RD1LA_1RB1RC	FAIL	fwd:lc=25,part=0,rc=3,s0=0 mir:lc=21,part=226,rc=24,s0=74
0RB0LC_1LC1RB_1RD1LA_1RB1RD	FAIL	fwd:lc=25,part=0,rc=0,s0=0 mir:lc=20,part=216,rc=24,s0=74
0RB0LC_1LC1RB_1RD1LA_1RD1LB	FAIL	fwd:lc=25,part=0,rc=2,s0=0 mir:lc=20,part=186,rc=24,s0=60
0RB0LC_1LC1RB_1RD1LA_1RD1RB	FAIL	fwd:lc=25,part=0,rc=2,s0=0 mir:lc=20,part=186,rc=24,s0=60
0RB0LC_1LC1RD_0RD1LA_1LC1RD	FAIL	fwd:lc=18,part=0,rc=0,s0=0 mir:lc=18,part=150,rc=18,s0=54
0RB0LC_1RC0LC_0RD1LA_1LC1RD	FAIL	fwd:lc=18,part=0,rc=0,s0=0 mir:lc=18,part=150,rc=18,s0=0
0RB0LC_1RC1LC_0RD1LA_1LC1RD	FAIL	fwd:lc=18,part=0,rc=0,s0=0 mir:lc=18,part=150,rc=18,s0=0
0RB0LC_1RC1LD_0RD1LA_1LC1RD	FAIL	fwd:lc=28,part=0,rc=0,s0=0 mir:lc=18,part=180,rc=28,s0=53
0RB0LC_1RC1RD_0RD1LA_1LC1RD	FAIL	fwd:lc=18,part=0,rc=0,s0=0 mir:lc=18,part=150,rc=18,s0=0
0RB0LD_0LC1LC_1LD1RC_0RC1LA	FAIL	fwd:lc=24,part=0,rc=0,s0=0 mir:lc=18,part=162,rc=24,s0=53
0RB0LD_0LC1RB_1LD1RC_0RC1LA	FAIL	fwd:lc=18,part=0,rc=0,s0=0 mir:lc=36,part=180,rc=18,s0=62
0RB0LD_0LC1RC_1LD1RC_0RC1LA	FAIL	fwd:lc=18,part=0,rc=0,s0=0 mir:lc=18,part=150,rc=18,s0=54
0RB0LD_0RC1LB_1LA1RD_1RC0LB	FAIL	fwd:lc=19,part=0,rc=18,s0=0 mir:lc=18,part=0,rc=1,s0=0
0RB0LD_0RC1LC_1LD1RC_0RC1LA	FAIL	fwd:lc=24,part=0,rc=0,s0=0 mir:lc=18,part=162,rc=24,s0=53
0RB0LD_0RC1RC_1LD1RC_0RC1LA	FAIL	fwd:lc=18,part=0,rc=0,s0=0 mir:lc=18,part=150,rc=18,s0=54
0RB0LD_1LA1LC_0LD0LC_1RD1RB	FAIL	fwd:lc=34,part=0,rc=18,s0=0 mir:lc=18,part=72,rc=22,s0=0
0RB0LD_1LA1LC_1LD1RC_0RC1LA	FAIL	fwd:lc=23,part=0,rc=0,s0=0 mir:lc=18,part=162,rc=23,s0=53
0RB0LD_1LA1RC_1LD1RC_0RC1LA	FAIL	fwd:lc=18,part=0,rc=0,s0=0 mir:lc=18,part=150,rc=18,s0=54
0RB0LD_1LC0LA_1LD1RC_0RC1LA	FAIL	fwd:lc=23,part=0,rc=0,s0=0 mir:lc=18,part=162,rc=23,s0=53
0RB0LD_1LC0RB_1LD1RC_0RC1LA	FAIL	fwd:lc=18,part=0,rc=3,s0=0 mir:lc=21,part=120,rc=18,s0=44
0RB0LD_1LC1LC_1LD1RC_0RC1LA	FAIL	fwd:lc=23,part=0,rc=0,s0=0 mir:lc=18,part=162,rc=23,s0=53
0RB0LD_1LC1RC_1LD1RC_0RC1LA	FAIL	fwd:lc=18,part=0,rc=0,s0=0 mir:lc=18,part=150,rc=18,s0=54
0RB0LD_1LC1RD_0RD0LC_1RB1LA	FAIL	fwd:lc=36,part=0,rc=18,s0=0 mir:lc=18,part=213,rc=36,s0=99
0RB0LD_1RC1LB_1LD1RC_0RC1LA	FAIL	fwd:lc=28,part=0,rc=0,s0=0 mir:lc=18,part=213,rc=25,s0=58
0RB0LD_1RC1LC_1LD1RC_0RC1LA	FAIL	fwd:lc=24,part=0,rc=0,s0=0 mir:lc=18,part=162,rc=24,s0=53
0RB0LD_1RC1RB_1LD1RC_0RC1LA	FAIL	fwd:lc=18,part=0,rc=0,s0=0 mir:lc=21,part=130,rc=18,s0=48
0RB0LD_1RC1RC_1LD1RC_0RC1LA	FAIL	fwd:lc=18,part=0,rc=0,s0=0 mir:lc=18,part=150,rc=18,s0=54
0RB0RA_0LC0LD_1RB1LC_1LD1RA	FAIL	fwd:lc=36,part=216,rc=18,s0=7 mir:lc=18,part=0,rc=18,s0=0
0RB0RA_1RC1LD_1LC1RB_0LD0LA	FAIL	fwd:lc=21,part=0,rc=21,s0=0 mir:lc=21,part=0,rc=3,s0=0
0RB0RA_1RC1LD_1LD1RB_0LD0LA	FAIL	fwd:lc=18,part=0,rc=21,s0=0 mir:lc=21,part=0,rc=0,s0=0
0RB0RB_1LA1LC_0LD0LC_1RD1RB	FAIL	fwd:lc=37,part=0,rc=18,s0=0 mir:lc=18,part=72,rc=25,s0=0
0RB0RC_1LA1LC_0LD1RA_1RC1LD	FAIL	fwd:lc=18,part=180,rc=18,s0=0 mir:lc=18,part=0,rc=0,s0=0
0RB0RC_1LA1RB_1RC1LD_0LA0LD	FAIL	fwd:lc=18,part=0,rc=18,s0=0 mir:lc=36,part=216,rc=18,s0=7
0RB0RC_1LA1RC_1RB1LD_0LD0LA	FAIL	fwd:lc=30,part=0,rc=26,s0=0 mir:lc=27,part=30,rc=12,s0=0
0RB0RC_1LC0LB_0LD1RA_1RC1LD	FAIL	fwd:lc=21,part=153,rc=18,s0=62 mir:lc=18,part=0,rc=3,s0=0
0RB0RC_1LC0LC_0LD1RA_1RC1LD	FAIL	fwd:lc=18,part=162,rc=18,s0=59 mir:lc=18,part=0,rc=0,s0=0
0RB0RC_1LC0LD_0LD1RA_1RC1LD	FAIL	fwd:lc=18,part=153,rc=18,s0=62 mir:lc=18,part=0,rc=0,s0=0
0RB0RC_1LC0RD_0LD1RA_1RC1LD	FAIL	fwd:lc=18,part=156,rc=35,s0=0 mir:lc=35,part=0,rc=0,s0=0
0RB0RC_1LC1LC_0LD1RA_1RC1LD	FAIL	fwd:lc=18,part=180,rc=18,s0=0 mir:lc=18,part=0,rc=0,s0=0
0RB0RC_1LC1RB_0LD1RA_1RC1LD	FAIL	fwd:lc=18,part=210,rc=24,s0=57 mir:lc=25,part=0,rc=0,s0=0
0RB0RC_1LC1RD_0LD1RA_1RC1LD	FAIL	fwd:lc=18,part=162,rc=26,s0=57 mir:lc=26,part=0,rc=0,s0=0
0RB0RC_1RC0LA_1LD1RB_0LD1LA	FAIL	fwd:lc=30,part=0,rc=25,s0=0 mir:lc=26,part=0,rc=12,s0=0
0RB0RC_1RC1LA_1LD1RB_0LD0LA	FAIL	fwd:lc=26,part=0,rc=24,s0=0 mir:lc=25,part=30,rc=8,s0=0
0RB0RD_1LA1RC_1RD1LC_0LC1RA	FAIL	fwd:lc=18,part=132,rc=23,s0=58 mir:lc=23,part=0,rc=0,s0=0
0RB0RD_1LC1RB_1RA0LC_1LB0LC	FAIL	fwd:lc=49,part=3,rc=12,s0=0 mir:lc=30,part=185,rc=48,s0=0
0RB0RD_1LC1RB_1RA0LC_1LD0LC	FAIL	fwd:lc=55,part=3,rc=13,s0=0 mir:lc=31,part=185,rc=54,s0=0
0RB0RD_1RC---_1RD1LC_0LC1RA	FAIL	fwd:lc=18,part=132,rc=23,s0=58 mir:lc=23,part=0,rc=0,s0=0
0RB1LA_0LC1RD_0LD1LD_1RB0LA	FAIL	fwd:lc=35,part=0,rc=18,s0=0 mir:lc=18,part=0,rc=15,s0=0
0RB1LA_0LC1RD_0RD1LD_1RB0LA	FAIL	fwd:lc=18,part=0,rc=18,s0=0 mir:lc=18,part=0,rc=0,s0=0
0RB1LA_0LC1RD_1LA1LD_1RB0LA	FAIL	fwd:lc=21,part=0,rc=18,s0=0 mir:lc=18,part=0,rc=2,s0=0
0RB1LA_0LC1RD_1LD0RB_1RB0LA	FAIL	fwd:lc=27,part=0,rc=18,s0=0 mir:lc=18,part=0,rc=7,s0=0
0RB1LA_0LC1RD_1LD1LD_1RB0LA	FAIL	fwd:lc=27,part=0,rc=18,s0=0 mir:lc=18,part=0,rc=7,s0=0
0RB1LA_0LC1RD_1RB1LD_1RB0LA	FAIL	fwd:lc=27,part=0,rc=18,s0=0 mir:lc=18,part=0,rc=7,s0=0
0RB1LA_0LC1RD_1RD1LC_1RB0LA	FAIL	fwd:lc=36,part=0,rc=18,s0=0 mir:lc=18,part=0,rc=0,s0=0
0RB1LA_0LC1RD_1RD1LD_1RB0LA	FAIL	fwd:lc=18,part=0,rc=18,s0=0 mir:lc=18,part=0,rc=0,s0=0
0RB1LA_0RC1LB_1RD0LB_1LA1RC	FAIL	fwd:lc=36,part=0,rc=18,s0=0 mir:lc=18,part=0,rc=0,s0=0
0RB1LA_1LA1LC_0LD0LC_1RD1RB	FAIL	fwd:lc=39,part=0,rc=18,s0=0 mir:lc=18,part=0,rc=21,s0=0
0RB1LA_1LA1RC_1LD1RB_0RB0LD	FAIL	fwd:lc=36,part=0,rc=0,s0=0 mir:lc=18,part=162,rc=18,s0=46
0RB1LA_1LA1RC_1LD1RB_0RC0LD	FAIL	fwd:lc=36,part=0,rc=0,s0=0 mir:lc=18,part=162,rc=18,s0=45
0RB1LA_1LA1RC_1RB0LD_0RB1LD	FAIL	fwd:lc=36,part=0,rc=18,s0=0 mir:lc=18,part=0,rc=0,s0=0
0RB1LA_1LC1RB_0RB1LD_1RA0LC	FAIL	fwd:lc=23,part=0,rc=0,s0=0 mir:lc=18,part=132,rc=18,s0=53
0RB1LA_1LC1RB_1RD0LA_0LB0RD	FAIL	fwd:lc=18,part=0,rc=18,s0=0 mir:lc=36,part=0,rc=0,s0=0
0RB1LA_1LC1RB_1RD0LA_0LC0RD	FAIL	fwd:lc=18,part=0,rc=18,s0=0 mir:lc=36,part=0,rc=0,s0=0
0RB1LA_1LC1RD_0RA0LD_1RB0LA	FAIL	fwd:lc=19,part=0,rc=18,s0=0 mir:lc=18,part=0,rc=1,s0=0
0RB1LA_1LC1RD_0RA1LD_1RB0LA	FAIL	fwd:lc=18,part=0,rc=18,s0=0 mir:lc=18,part=0,rc=0,s0=0
0RB1LA_1LC1RD_0RB0LC_1LA1RB	FAIL	fwd:lc=36,part=0,rc=0,s0=0 mir:lc=18,part=162,rc=18,s0=55
0RB1LA_1LC1RD_0RB0LD_1RB0LA	FAIL	fwd:lc=19,part=0,rc=18,s0=0 mir:lc=18,part=0,rc=1,s0=0
0RB1LA_1LC1RD_0RB1LC_1RB0LA	FAIL	fwd:lc=36,part=0,rc=18,s0=0 mir:lc=18,part=0,rc=0,s0=0
0RB1LA_1LC1RD_0RB1LD_1RB0LA	FAIL	fwd:lc=18,part=0,rc=18,s0=0 mir:lc=18,part=0,rc=0,s0=0
0RB1LA_1LC1RD_0RD0LC_0LA1RB	FAIL	fwd:lc=36,part=0,rc=0,s0=0 mir:lc=18,part=162,rc=18,s0=7
0RB1LA_1LC1RD_0RD0LC_1LA1RB	FAIL	fwd:lc=36,part=0,rc=0,s0=0 mir:lc=18,part=162,rc=18,s0=45
0RB1LA_1LC1RD_1LA1LC_1RB0LA	FAIL	fwd:lc=36,part=0,rc=18,s0=0 mir:lc=18,part=0,rc=0,s0=0
0RB1LA_1LC1RD_1LA1LD_1RB0LA	FAIL	fwd:lc=18,part=0,rc=18,s0=0 mir:lc=18,part=0,rc=0,s0=0
0RB1LA_1LC1RD_1LA1RC_1RB0LA	FAIL	fwd:lc=18,part=0,rc=18,s0=0 mir:lc=24,part=0,rc=0,s0=0
0RB1LA_1LC1RD_1LD1RC_1RB0LA	FAIL	fwd:lc=18,part=0,rc=18,s0=0 mir:lc=27,part=0,rc=0,s0=0
0RB1LA_1LC1RD_1RA1LC_1RB0LA	FAIL	fwd:lc=36,part=0,rc=18,s0=0 mir:lc=18,part=0,rc=0,s0=0
0RB1LA_1LC1RD_1RA1LD_1RB0LA	FAIL	fwd:lc=18,part=0,rc=18,s0=0 mir:lc=18,part=0,rc=0,s0=0
0RB1LA_1LC1RD_1RA1RC_1RB0LA	FAIL	fwd:lc=18,part=0,rc=23,s0=0 mir:lc=29,part=0,rc=0,s0=0
0RB1LA_1LC1RD_1RB0LD_1RB0LA	FAIL	fwd:lc=20,part=0,rc=18,s0=0 mir:lc=18,part=0,rc=2,s0=0
0RB1LA_1LC1RD_1RD1LC_1RB0LA	FAIL	fwd:lc=36,part=0,rc=18,s0=0 mir:lc=18,part=0,rc=0,s0=0
0RB1LA_1LC1RD_1RD1LD_1RB0LA	FAIL	fwd:lc=21,part=0,rc=18,s0=0 mir:lc=18,part=0,rc=3,s0=0
0RB1LA_1RC0LA_0LD1RB_---1LB	FAIL	fwd:lc=18,part=0,rc=18,s0=0 mir:lc=18,part=0,rc=0,s0=0
0RB1LA_1RC0LA_0LD1RB_0LA1LD	FAIL	fwd:lc=36,part=0,rc=18,s0=0 mir:lc=18,part=0,rc=0,s0=0
0RB1LA_1RC0LA_0LD1RB_1LA1LD	FAIL	fwd:lc=36,part=0,rc=18,s0=0 mir:lc=18,part=0,rc=0,s0=0
0RB1LA_1RC0LA_0LD1RB_1LB0RC	FAIL	fwd:lc=18,part=0,rc=18,s0=0 mir:lc=18,part=0,rc=0,s0=0
0RB1LA_1RC0LA_0LD1RB_1LB1LD	FAIL	fwd:lc=36,part=0,rc=18,s0=0 mir:lc=18,part=0,rc=0,s0=0
0RB1LA_1RC0LA_0LD1RB_1RA1LD	FAIL	fwd:lc=36,part=0,rc=18,s0=0 mir:lc=18,part=0,rc=0,s0=0
0RB1LA_1RC0LA_0LD1RB_1RC1LD	FAIL	fwd:lc=36,part=0,rc=18,s0=0 mir:lc=18,part=0,rc=0,s0=0
0RB1LA_1RC0LA_0RD1RB_0LD1LB	FAIL	fwd:lc=24,part=0,rc=32,s0=0 mir:lc=32,part=0,rc=0,s0=0
0RB1LA_1RC0LA_0RD1RB_1LD0LA	FAIL	fwd:lc=21,part=0,rc=19,s0=0 mir:lc=20,part=0,rc=3,s0=0
0RB1LA_1RC0LA_0RD1RB_1LD0LB	FAIL	fwd:lc=24,part=0,rc=18,s0=0 mir:lc=30,part=0,rc=6,s0=0
0RB1LA_1RC0LA_0RD1RB_1LD1LA	FAIL	fwd:lc=21,part=0,rc=19,s0=0 mir:lc=20,part=0,rc=3,s0=0
0RB1LA_1RC0LA_0RD1RB_1LD1LB	FAIL	fwd:lc=21,part=0,rc=32,s0=0 mir:lc=32,part=0,rc=3,s0=0
0RB1LA_1RC0LA_0RD1RB_1LD1RA	FAIL	fwd:lc=21,part=0,rc=19,s0=0 mir:lc=20,part=0,rc=3,s0=0
0RB1LA_1RC0LA_1LD1RB_---1LB	FAIL	fwd:lc=18,part=0,rc=18,s0=0 mir:lc=18,part=0,rc=0,s0=0
0RB1LA_1RC0LA_1LD1RB_0LA1LD	FAIL	fwd:lc=36,part=0,rc=18,s0=0 mir:lc=18,part=0,rc=0,s0=0
0RB1LA_1RC0LA_1LD1RB_0RA1LD	FAIL	fwd:lc=36,part=0,rc=18,s0=0 mir:lc=18,part=0,rc=0,s0=0
0RB1LA_1RC0LA_1LD1RB_0RB1LD	FAIL	fwd:lc=36,part=0,rc=18,s0=0 mir:lc=18,part=0,rc=0,s0=0
0RB1LA_1RC0LA_1LD1RB_1LA1LD	FAIL	fwd:lc=36,part=0,rc=18,s0=0 mir:lc=18,part=0,rc=0,s0=0
0RB1LA_1RC0LA_1LD1RB_1LA1RD	FAIL	fwd:lc=18,part=0,rc=18,s0=0 mir:lc=24,part=0,rc=0,s0=0
0RB1LA_1RC0LA_1LD1RB_1LB1LD	FAIL	fwd:lc=36,part=0,rc=18,s0=0 mir:lc=18,part=0,rc=0,s0=0
0RB1LA_1RC0LA_1LD1RB_1LB1RD	FAIL	fwd:lc=18,part=0,rc=18,s0=0 mir:lc=27,part=0,rc=0,s0=0
0RB1LA_1RC0LA_1LD1RB_1RA1LD	FAIL	fwd:lc=36,part=0,rc=18,s0=0 mir:lc=18,part=0,rc=0,s0=0
0RB1LA_1RC0LA_1LD1RB_1RC1LD	FAIL	fwd:lc=36,part=0,rc=18,s0=0 mir:lc=18,part=0,rc=0,s0=0
0RB1LA_1RC0LA_1RD1RB_1LA---	FAIL	fwd:lc=18,part=0,rc=18,s0=0 mir:lc=18,part=0,rc=0,s0=0
0RB1LA_1RC0LA_1RD1RB_1LB0LA	FAIL	fwd:lc=18,part=0,rc=18,s0=0 mir:lc=18,part=0,rc=0,s0=0
0RB1LA_1RC0LA_1RD1RB_1LB0LC	FAIL	fwd:lc=18,part=0,rc=29,s0=0 mir:lc=29,part=0,rc=0,s0=0
0RB1LA_1RC0LA_1RD1RB_1LB0RD	FAIL	fwd:lc=18,part=0,rc=34,s0=0 mir:lc=34,part=0,rc=0,s0=0
0RB1LA_1RC0LA_1RD1RB_1LB1LA	FAIL	fwd:lc=18,part=0,rc=18,s0=0 mir:lc=18,part=0,rc=0,s0=0
0RB1LA_1RC0LA_1RD1RB_1LB1LC	FAIL	fwd:lc=18,part=0,rc=18,s0=0 mir:lc=18,part=0,rc=0,s0=0
0RB1LA_1RC0LA_1RD1RB_1LB1LD	FAIL	fwd:lc=37,part=0,rc=18,s0=0 mir:lc=18,part=0,rc=1,s0=0
0RB1LA_1RC0LA_1RD1RB_1LB1RB	FAIL	fwd:lc=18,part=0,rc=33,s0=0 mir:lc=33,part=0,rc=0,s0=0
0RB1LA_1RC0LA_1RD1RB_1LB1RC	FAIL	fwd:lc=18,part=0,rc=30,s0=0 mir:lc=30,part=0,rc=0,s0=0
0RB1LA_1RC0LA_1RD1RB_1LB1RD	FAIL	fwd:lc=18,part=0,rc=18,s0=0 mir:lc=21,part=0,rc=0,s0=0
0RB1LA_1RC0LA_1RD1RB_1LD0LA	FAIL	fwd:lc=19,part=0,rc=18,s0=0 mir:lc=18,part=0,rc=1,s0=0
0RB1LA_1RC0LA_1RD1RB_1LD1LA	FAIL	fwd:lc=19,part=0,rc=18,s0=0 mir:lc=18,part=0,rc=1,s0=0
0RB1LA_1RC0LA_1RD1RB_1LD1LB	FAIL	fwd:lc=19,part=0,rc=18,s0=0 mir:lc=18,part=0,rc=1,s0=0
0RB1LA_1RC0LA_1RD1RB_1LD1LC	FAIL	fwd:lc=19,part=0,rc=18,s0=0 mir:lc=18,part=0,rc=1,s0=0
0RB1LA_1RC0LA_1RD1RB_1LD1RA	FAIL	fwd:lc=19,part=0,rc=18,s0=0 mir:lc=18,part=0,rc=1,s0=0
0RB1LA_1RC0LD_1LA1RB_0RB1LD	FAIL	fwd:lc=36,part=0,rc=18,s0=0 mir:lc=18,part=0,rc=0,s0=0
0RB1LA_1RC1LB_0LA1RD_0LB0RC	FAIL	fwd:lc=19,part=132,rc=26,s0=64 mir:lc=27,part=0,rc=0,s0=0
0RB1LA_1RC1LB_0LB1RD_0LA0RC	FAIL	fwd:lc=36,part=180,rc=18,s0=62 mir:lc=18,part=0,rc=0,s0=0
0RB1LA_1RC1LB_0LB1RD_1LA0RC	FAIL	fwd:lc=23,part=203,rc=25,s0=44 mir:lc=26,part=0,rc=0,s0=0
0RB1LA_1RC1RB_1LD0LA_0RB0LD	FAIL	fwd:lc=36,part=0,rc=0,s0=0 mir:lc=18,part=108,rc=18,s0=7
0RB1LA_1RC1RB_1LD0LA_0RC0LD	FAIL	fwd:lc=36,part=0,rc=0,s0=0 mir:lc=18,part=0,rc=18,s0=0
0RB1LA_1RC1RD_1LA---_1RB0LA	FAIL	fwd:lc=18,part=0,rc=18,s0=0 mir:lc=18,part=0,rc=0,s0=0
0RB1LA_1RC1RD_1LC0LA_1RB0LA	FAIL	fwd:lc=19,part=0,rc=18,s0=0 mir:lc=18,part=0,rc=1,s0=0
0RB1LA_1RC1RD_1LC1LA_1RB0LA	FAIL	fwd:lc=19,part=0,rc=18,s0=0 mir:lc=18,part=0,rc=1,s0=0
0RB1LA_1RC1RD_1LC1LB_1RB0LA	FAIL	fwd:lc=19,part=0,rc=18,s0=0 mir:lc=18,part=0,rc=1,s0=0
0RB1LA_1RC1RD_1LC1LD_1RB0LA	FAIL	fwd:lc=19,part=0,rc=18,s0=0 mir:lc=18,part=0,rc=1,s0=0
0RB1LA_1RC1RD_1LC1RA_1RB0LA	FAIL	fwd:lc=19,part=0,rc=18,s0=0 mir:lc=18,part=0,rc=1,s0=0
0RB1LA_1RC1RD_1LD0LA_1RB0LA	FAIL	fwd:lc=18,part=0,rc=18,s0=0 mir:lc=18,part=0,rc=0,s0=0
0RB1LA_1RC1RD_1LD0LB_1RB0LA	FAIL	fwd:lc=18,part=0,rc=29,s0=0 mir:lc=29,part=0,rc=0,s0=0
0RB1LA_1RC1RD_1LD0RC_1RB0LA	FAIL	fwd:lc=18,part=0,rc=34,s0=0 mir:lc=34,part=0,rc=0,s0=0
0RB1LA_1RC1RD_1LD1LA_1RB0LA	FAIL	fwd:lc=18,part=0,rc=18,s0=0 mir:lc=18,part=0,rc=0,s0=0
0RB1LA_1RC1RD_1LD1LB_1RB0LA	FAIL	fwd:lc=18,part=0,rc=18,s0=0 mir:lc=18,part=0,rc=0,s0=0
0RB1LA_1RC1RD_1LD1RB_1RB0LA	FAIL	fwd:lc=18,part=0,rc=30,s0=0 mir:lc=30,part=0,rc=0,s0=0
0RB1LA_1RC1RD_1LD1RC_1RB0LA	FAIL	fwd:lc=18,part=0,rc=18,s0=0 mir:lc=21,part=0,rc=0,s0=0
0RB1LA_1RC1RD_1LD1RD_1RB0LA	FAIL	fwd:lc=18,part=0,rc=33,s0=0 mir:lc=33,part=0,rc=0,s0=0
0RB1LB_1LA0RC_0LD1RB_1RC1LD	FAIL	fwd:lc=36,part=90,rc=18,s0=34 mir:lc=18,part=0,rc=18,s0=0
0RB1LB_1LC1RB_0RB1LD_0RA0LC	FAIL	fwd:lc=24,part=0,rc=0,s0=0 mir:lc=18,part=162,rc=24,s0=53
0RB1LB_1LC1RB_0RB1LD_1RA0LC	FAIL	fwd:lc=26,part=0,rc=0,s0=0 mir:lc=18,part=213,rc=25,s0=58
0RB1LB_1LC1RC_1RD0LA_0RC1RB	FAIL	fwd:lc=76,part=0,rc=47,s0=0 mir:lc=47,part=209,rc=73,s0=4
0RB1LB_1RC0LA_1LD1RB_0RC0LD	FAIL	fwd:lc=36,part=0,rc=18,s0=0 mir:lc=18,part=162,rc=36,s0=76
0RB1LB_1RC0LD_0LA1RB_0RB1LD	FAIL	fwd:lc=18,part=0,rc=18,s0=0 mir:lc=18,part=0,rc=0,s0=0
0RB1LB_1RC0LD_0LA1RB_0RC1LD	FAIL	fwd:lc=18,part=0,rc=18,s0=0 mir:lc=18,part=0,rc=0,s0=0
0RB1LB_1RC0LD_1LA1RB_0RB1LD	FAIL	fwd:lc=18,part=0,rc=18,s0=0 mir:lc=18,part=0,rc=0,s0=0
0RB1LB_1RC1LB_0LA1RD_0LB0RC	FAIL	fwd:lc=18,part=132,rc=26,s0=64 mir:lc=27,part=0,rc=0,s0=0
0RB1LB_1RC1LB_0LB1RD_1LA0RC	FAIL	fwd:lc=18,part=213,rc=25,s0=58 mir:lc=26,part=0,rc=0,s0=0
0RB1LC_0LC1RB_1RD1LA_0LA0RD	FAIL	fwd:lc=18,part=162,rc=18,s0=7 mir:lc=36,part=0,rc=0,s0=0
0RB1LC_0LC1RC_1LA0RD_0LA1RD	FAIL	fwd:lc=18,part=0,rc=0,s0=0 mir:lc=18,part=0,rc=18,s0=0
0RB1LC_0LC1RC_1LA0RD_0LC1RD	FAIL	fwd:lc=18,part=0,rc=0,s0=0 mir:lc=18,part=0,rc=18,s0=0
0RB1LC_0LC1RD_1RB1LC_1LA0RB	FAIL	fwd:lc=18,part=213,rc=25,s0=58 mir:lc=26,part=0,rc=0,s0=0
0RB1LC_0RC1LB_1RD0LB_0LA1RC	FAIL	fwd:lc=18,part=0,rc=18,s0=0 mir:lc=18,part=0,rc=0,s0=0
0RB1LC_0RC1LB_1RD0LB_1LA1RC	FAIL	fwd:lc=18,part=0,rc=18,s0=0 mir:lc=18,part=0,rc=0,s0=0
0RB1LC_0RC1LD_1LB1RC_0RA0LB	FAIL	fwd:lc=24,part=0,rc=0,s0=0 mir:lc=18,part=162,rc=24,s0=53
0RB1LC_0RC1LD_1LB1RC_1RA0LB	FAIL	fwd:lc=26,part=0,rc=0,s0=0 mir:lc=18,part=213,rc=25,s0=58
0RB1LC_0RC1RC_1LA0RD_0LA1RD	FAIL	fwd:lc=18,part=0,rc=15,s0=0 mir:lc=35,part=0,rc=18,s0=0
0RB1LC_0RC1RC_1LA0RD_0LC1RD	FAIL	fwd:lc=18,part=0,rc=0,s0=0 mir:lc=18,part=0,rc=18,s0=0
0RB1LC_1LA1RB_0LD0LA_0RD1RA	FAIL	fwd:lc=18,part=0,rc=0,s0=0 mir:lc=24,part=117,rc=18,s0=0
0RB1LC_1LA1RB_0LD0LA_1LB---	FAIL	fwd:lc=23,part=0,rc=0,s0=0 mir:lc=18,part=132,rc=23,s0=43
0RB1LC_1LA1RB_0LD0LA_1RA0LB	FAIL	fwd:lc=35,part=0,rc=0,s0=0 mir:lc=18,part=156,rc=35,s0=0
0RB1LC_1LA1RB_0LD0LA_1RA0RA	FAIL	fwd:lc=18,part=0,rc=0,s0=0 mir:lc=18,part=162,rc=18,s0=0
0RB1LC_1LA1RB_0LD0LA_1RA0RB	FAIL	fwd:lc=18,part=0,rc=0,s0=0 mir:lc=18,part=153,rc=18,s0=62
0RB1LC_1LA1RB_0LD0LA_1RA0RD	FAIL	fwd:lc=18,part=0,rc=3,s0=0 mir:lc=21,part=153,rc=18,s0=62
0RB1LC_1LA1RB_0LD0LA_1RA1LB	FAIL	fwd:lc=29,part=0,rc=0,s0=0 mir:lc=18,part=174,rc=29,s0=76
0RB1LC_1LA1RB_0LD0LA_1RA1LD	FAIL	fwd:lc=28,part=0,rc=0,s0=0 mir:lc=18,part=234,rc=26,s0=76
0RB1LC_1LA1RB_0LD0LA_1RA1RA	FAIL	fwd:lc=18,part=0,rc=0,s0=0 mir:lc=18,part=180,rc=18,s0=0
0RB1LC_1LA1RB_0LD0LA_1RC1LB	FAIL	fwd:lc=23,part=0,rc=0,s0=0 mir:lc=18,part=132,rc=23,s0=43
0RB1LC_1LA1RB_0LD0LA_1RC1RA	FAIL	fwd:lc=18,part=0,rc=0,s0=0 mir:lc=18,part=180,rc=18,s0=0
0RB1LC_1LA1RB_0LD0LA_1RD0RB	FAIL	fwd:lc=18,part=0,rc=3,s0=0 mir:lc=21,part=97,rc=18,s0=38
0RB1LC_1LA1RB_0LD0LA_1RD1RA	FAIL	fwd:lc=18,part=0,rc=3,s0=0 mir:lc=21,part=124,rc=18,s0=0
0RB1LC_1LA1RB_0RD0LA_---1LB	FAIL	fwd:lc=24,part=0,rc=0,s0=0 mir:lc=18,part=162,rc=24,s0=53
0RB1LC_1LA1RB_0RD0LA_0LA0LC	FAIL	fwd:lc=18,part=0,rc=0,s0=0 mir:lc=18,part=150,rc=18,s0=46
0RB1LC_1LA1RB_0RD0LA_0LB1RD	FAIL	fwd:lc=18,part=0,rc=0,s0=0 mir:lc=36,part=180,rc=18,s0=62
0RB1LC_1LA1RB_0RD0LA_1LA1LD	FAIL	fwd:lc=26,part=0,rc=0,s0=0 mir:lc=18,part=162,rc=24,s0=53
0RB1LC_1LA1RB_0RD0LA_1LA1RD	FAIL	fwd:lc=18,part=0,rc=0,s0=0 mir:lc=36,part=180,rc=18,s0=62
0RB1LC_1LA1RB_0RD0LA_1LB0LC	FAIL	fwd:lc=24,part=0,rc=0,s0=0 mir:lc=18,part=162,rc=24,s0=53
0RB1LC_1LA1RB_0RD0LA_1LB0RD	FAIL	fwd:lc=18,part=0,rc=6,s0=0 mir:lc=24,part=120,rc=18,s0=44
0RB1LC_1LA1RB_0RD0LA_1RB1LD	FAIL	fwd:lc=28,part=0,rc=0,s0=0 mir:lc=18,part=213,rc=25,s0=58
0RB1LC_1LA1RB_0RD0LA_1RB1RD	FAIL	fwd:lc=18,part=0,rc=0,s0=0 mir:lc=21,part=130,rc=18,s0=48
0RB1LC_1LA1RB_0RD0LC_1RD0LA	FAIL	fwd:lc=18,part=0,rc=18,s0=0 mir:lc=36,part=0,rc=18,s0=0
0RB1LC_1LA1RB_1LA0RD_0LC1RD	FAIL	fwd:lc=18,part=0,rc=0,s0=0 mir:lc=36,part=0,rc=18,s0=0
0RB1LC_1LA1RB_1LD0LA_0RB---	FAIL	fwd:lc=18,part=0,rc=0,s0=0 mir:lc=18,part=153,rc=18,s0=62
0RB1LC_1LA1RB_1LD0LA_0RD1LA	FAIL	fwd:lc=18,part=0,rc=0,s0=0 mir:lc=21,part=153,rc=18,s0=62
0RB1LC_1LA1RB_1LD0LA_0RD1RB	FAIL	fwd:lc=18,part=0,rc=0,s0=0 mir:lc=21,part=171,rc=18,s0=72
0RB1LC_1LA1RB_1LD0LA_1LB---	FAIL	fwd:lc=22,part=0,rc=0,s0=0 mir:lc=18,part=150,rc=22,s0=53
0RB1LC_1LA1RB_1LD0LA_1RD0RB	FAIL	fwd:lc=18,part=0,rc=1,s0=0 mir:lc=19,part=153,rc=18,s0=62
0RB1LC_1LA1RB_1LD0LA_1RD0RC	FAIL	fwd:lc=18,part=0,rc=2,s0=0 mir:lc=20,part=132,rc=18,s0=53
0RB1LC_1LA1RB_1RD0LA_---1LB	FAIL	fwd:lc=26,part=0,rc=0,s0=0 mir:lc=18,part=213,rc=25,s0=58
0RB1LC_1LA1RB_1RD0LA_---1RB	FAIL	fwd:lc=26,part=0,rc=0,s0=0 mir:lc=18,part=213,rc=25,s0=58
0RB1LC_1LA1RB_1RD0LA_---1RC	FAIL	fwd:lc=18,part=0,rc=18,s0=0 mir:lc=36,part=90,rc=18,s0=34
0RB1LC_1LA1RB_1RD0LA_0LB1RD	FAIL	fwd:lc=26,part=0,rc=0,s0=0 mir:lc=23,part=203,rc=25,s0=44
0RB1LC_1LA1RB_1RD0LA_0RB1LD	FAIL	fwd:lc=23,part=0,rc=0,s0=0 mir:lc=18,part=132,rc=18,s0=53
0RB1LC_1LA1RB_1RD0LA_1LA1RD	FAIL	fwd:lc=26,part=0,rc=0,s0=0 mir:lc=23,part=203,rc=25,s0=44
0RB1LC_1LA1RB_1RD0LA_1LB1LD	FAIL	fwd:lc=27,part=0,rc=0,s0=0 mir:lc=18,part=135,rc=22,s0=46
0RB1LC_1LA1RB_1RD0LA_1LB1RD	FAIL	fwd:lc=23,part=0,rc=0,s0=0 mir:lc=23,part=200,rc=23,s0=48
0RB1LC_1LA1RB_1RD0LA_1RB1RD	FAIL	fwd:lc=23,part=0,rc=0,s0=0 mir:lc=23,part=200,rc=23,s0=48
0RB1LC_1LA1RC_1LA0RD_0LA1RD	FAIL	fwd:lc=18,part=0,rc=7,s0=0 mir:lc=27,part=0,rc=18,s0=0
0RB1LC_1LA1RC_1LA0RD_0LC1RD	FAIL	fwd:lc=18,part=0,rc=0,s0=0 mir:lc=18,part=0,rc=18,s0=0
0RB1LC_1LA1RC_1RB0LD_0RB1LD	FAIL	fwd:lc=18,part=0,rc=18,s0=0 mir:lc=18,part=0,rc=0,s0=0
0RB1LC_1LA1RC_1RB0LD_0RC1LD	FAIL	fwd:lc=18,part=0,rc=18,s0=0 mir:lc=18,part=0,rc=0,s0=0
0RB1LC_1LC0LC_0RD1LA_1RD1RB	FAIL	fwd:lc=18,part=0,rc=18,s0=0 mir:lc=18,part=0,rc=0,s0=0
0RB1LC_1LC0RD_1RD0LC_1LA1RB	FAIL	fwd:lc=56,part=0,rc=44,s0=0 mir:lc=56,part=0,rc=54,s0=0
0RB1LC_1LC1RA_1RD1LB_0LC0RD	FAIL	fwd:lc=32,part=288,rc=18,s0=55 mir:lc=18,part=0,rc=30,s0=0
0RB1LC_1LC1RB_1LA0RD_0LA1RD	FAIL	fwd:lc=18,part=0,rc=0,s0=0 mir:lc=36,part=0,rc=18,s0=0
0RB1LC_1LC1RC_1LA0RD_0LA1RD	FAIL	fwd:lc=18,part=0,rc=0,s0=0 mir:lc=18,part=0,rc=18,s0=0
0RB1LC_1LC1RC_1LA0RD_0LC1RD	FAIL	fwd:lc=18,part=0,rc=0,s0=0 mir:lc=18,part=0,rc=18,s0=0
0RB1LC_1LC1RD_1LA0LC_0RD1RB	FAIL	fwd:lc=75,part=24,rc=30,s0=0 mir:lc=76,part=385,rc=69,s0=18
0RB1LC_1RC0LA_1LA0RD_0LA1RD	FAIL	fwd:lc=18,part=0,rc=7,s0=0 mir:lc=27,part=0,rc=18,s0=0
0RB1LC_1RC0LA_1LA0RD_0LC1RD	FAIL	fwd:lc=18,part=0,rc=0,s0=0 mir:lc=18,part=0,rc=18,s0=0
0RB1LC_1RC1LC_0RD0LA_1LA1RD	FAIL	fwd:lc=18,part=0,rc=0,s0=0 mir:lc=18,part=120,rc=18,s0=0
0RB1LC_1RC1RB_1LA0RD_0LC1RD	FAIL	fwd:lc=18,part=0,rc=0,s0=0 mir:lc=36,part=0,rc=18,s0=0
0RB1LC_1RC1RC_1LA0RD_0LA1RD	FAIL	fwd:lc=18,part=0,rc=7,s0=0 mir:lc=27,part=0,rc=18,s0=0
0RB1LC_1RC1RC_1LA0RD_0LC1RD	FAIL	fwd:lc=18,part=0,rc=0,s0=0 mir:lc=18,part=0,rc=18,s0=0
0RB1LC_1RC1RD_0RD0LA_1LA1RD	FAIL	fwd:lc=18,part=0,rc=0,s0=0 mir:lc=18,part=120,rc=18,s0=0
0RB1LD_0LC1RB_1LA1RC_0RC0LA	FAIL	fwd:lc=27,part=0,rc=0,s0=0 mir:lc=19,part=132,rc=26,s0=64
0RB1LD_0LC1RC_1LA1RC_0RC0LA	FAIL	fwd:lc=27,part=0,rc=0,s0=0 mir:lc=18,part=132,rc=26,s0=64
0RB1LD_0LC1RD_0LD1RC_1LA0RC	FAIL	fwd:lc=18,part=0,rc=0,s0=0 mir:lc=18,part=0,rc=18,s0=0
0RB1LD_0LC1RD_1RB1LC_1LA0RB	FAIL	fwd:lc=36,part=90,rc=18,s0=34 mir:lc=18,part=0,rc=18,s0=0
0RB1LD_0RC1LB_1LA1RD_1RC0LB	FAIL	fwd:lc=18,part=0,rc=18,s0=0 mir:lc=18,part=0,rc=0,s0=0
0RB1LD_0RC1RB_0LD1RC_1LA0RC	FAIL	fwd:lc=18,part=0,rc=0,s0=0 mir:lc=36,part=0,rc=18,s0=0
0RB1LD_0RC1RD_0LD1RC_1LA0RC	FAIL	fwd:lc=18,part=0,rc=0,s0=0 mir:lc=18,part=0,rc=18,s0=0
0RB1LD_1LA0RC_0LD1RB_1RC1LD	FAIL	fwd:lc=18,part=213,rc=25,s0=58 mir:lc=26,part=0,rc=0,s0=0
0RB1LD_1LA1RC_1RB0RC_0LD0LA	FAIL	fwd:lc=21,part=0,rc=21,s0=0 mir:lc=21,part=30,rc=3,s0=0
0RB1LD_1LA1RC_1RB0RC_0LD1LA	FAIL	fwd:lc=27,part=0,rc=21,s0=0 mir:lc=21,part=0,rc=4,s0=0
0RB1LD_1LC0RA_1LA1RC_0RC0LA	FAIL	fwd:lc=24,part=3,rc=3,s0=0 mir:lc=21,part=132,rc=24,s0=46
0RB1LD_1LC0RC_1LA1RC_0RC0LA	FAIL	fwd:lc=24,part=0,rc=0,s0=0 mir:lc=20,part=132,rc=24,s0=46
0RB1LD_1LC1LD_1LA1RC_0RC0LA	FAIL	fwd:lc=22,part=0,rc=0,s0=0 mir:lc=18,part=132,rc=22,s0=64
0RB1LD_1LC1RB_0LD1RC_1LA0RC	FAIL	fwd:lc=18,part=0,rc=0,s0=0 mir:lc=36,part=0,rc=18,s0=0
0RB1LD_1LC1RB_1LA1RC_0RC0LA	FAIL	fwd:lc=21,part=0,rc=0,s0=0 mir:lc=24,part=114,rc=21,s0=46
0RB1LD_1LC1RC_1LA1RC_0RC0LA	FAIL	fwd:lc=22,part=0,rc=0,s0=0 mir:lc=18,part=132,rc=22,s0=64
0RB1LD_1LC1RD_0LD1RC_1LA0RC	FAIL	fwd:lc=18,part=0,rc=0,s0=0 mir:lc=18,part=0,rc=18,s0=0
0RB1LD_1RC1LB_0LB1RD_1LA0RC	FAIL	fwd:lc=36,part=90,rc=18,s0=34 mir:lc=18,part=0,rc=18,s0=0
0RB1LD_1RC1RB_0LD1RC_1LA0RC	FAIL	fwd:lc=18,part=0,rc=0,s0=0 mir:lc=36,part=0,rc=18,s0=0
0RB1LD_1RC1RD_0LA1RC_1LA0RC	FAIL	fwd:lc=18,part=0,rc=2,s0=0 mir:lc=21,part=0,rc=18,s0=0
0RB1LD_1RC1RD_0LD1RC_1LA0RC	FAIL	fwd:lc=18,part=0,rc=0,s0=0 mir:lc=18,part=0,rc=18,s0=0
0RB1RA_0LC1RB_1LD0RB_0RA1LC	FAIL	fwd:lc=18,part=0,rc=0,s0=0 mir:lc=36,part=0,rc=18,s0=0
0RB1RA_0LC1RB_1LD0RB_1RA1LC	FAIL	fwd:lc=18,part=0,rc=0,s0=0 mir:lc=36,part=0,rc=18,s0=0
0RB1RB_1LC0RA_1RD1LB_0LC0RD	FAIL	fwd:lc=18,part=174,rc=36,s0=80 mir:lc=36,part=0,rc=18,s0=0
0RB1RB_1LC0RD_0RA1LB_0LB1RD	FAIL	fwd:lc=18,part=0,rc=0,s0=0 mir:lc=18,part=0,rc=18,s0=0
0RB1RB_1LC0RD_0RA1LB_0LC1RD	FAIL	fwd:lc=18,part=0,rc=15,s0=0 mir:lc=35,part=0,rc=18,s0=0
0RB1RB_1LC0RD_1RA1LB_0LB1RD	FAIL	fwd:lc=18,part=0,rc=0,s0=0 mir:lc=18,part=0,rc=18,s0=0
0RB1RB_1LC1RB_0RB1LD_1RA0LC	FAIL	fwd:lc=26,part=0,rc=0,s0=0 mir:lc=18,part=213,rc=25,s0=58
0RB1RB_1LC1RD_0RD0LC_1RB1LA	FAIL	fwd:lc=18,part=0,rc=30,s0=0 mir:lc=32,part=288,rc=18,s0=55
0RB1RB_1RC1LB_0LB1RD_1LA0RC	FAIL	fwd:lc=18,part=213,rc=25,s0=58 mir:lc=26,part=0,rc=0,s0=0
0RB1RC_0LC---_0LD0RA_1RA1LD	FAIL	fwd:lc=18,part=153,rc=18,s0=55 mir:lc=18,part=0,rc=0,s0=0
0RB1RC_0LC1RB_1LD0RB_0RA1LC	FAIL	fwd:lc=18,part=0,rc=0,s0=0 mir:lc=18,part=0,rc=18,s0=0
0RB1RC_0LC1RB_1LD0RB_1RA1LC	FAIL	fwd:lc=18,part=0,rc=0,s0=0 mir:lc=18,part=0,rc=18,s0=0
0RB1RC_0LC1RD_1RB1LC_1LA0RB	FAIL	fwd:lc=18,part=213,rc=25,s0=58 mir:lc=26,part=0,rc=0,s0=0
0RB1RC_0RC1LD_1LB1RC_1RA0LB	FAIL	fwd:lc=26,part=0,rc=0,s0=0 mir:lc=18,part=213,rc=25,s0=58
0RB1RC_1LA0LC_0LD0RA_1RA1LD	FAIL	fwd:lc=18,part=153,rc=18,s0=55 mir:lc=18,part=0,rc=0,s0=0
0RB1RC_1LA1LC_0LD0RA_1RA1LD	FAIL	fwd:lc=18,part=180,rc=18,s0=0 mir:lc=18,part=0,rc=0,s0=0
0RB1RC_1LC0LA_0LD0RA_1RA1LD	FAIL	fwd:lc=18,part=180,rc=18,s0=0 mir:lc=18,part=0,rc=0,s0=0
0RB1RC_1LC0LC_0LD0RA_1RA1LD	FAIL	fwd:lc=18,part=171,rc=18,s0=63 mir:lc=18,part=0,rc=0,s0=0
0RB1RC_1LC1LC_0LD0RA_1RA1LD	FAIL	fwd:lc=18,part=180,rc=18,s0=0 mir:lc=18,part=0,rc=0,s0=0
0RB1RC_1RC0LB_0RD0RC_1LD1LA	FAIL	fwd:lc=21,part=72,rc=25,s0=0 mir:lc=37,part=6,rc=21,s0=6
0RB1RC_1RC1LA_1LD1RB_0RC0LD	FAIL	fwd:lc=18,part=0,rc=30,s0=0 mir:lc=32,part=288,rc=18,s0=55
0RB1RD_0RC1LD_1LB1RC_1RA0LB	FAIL	fwd:lc=18,part=0,rc=18,s0=0 mir:lc=36,part=90,rc=18,s0=34
0RB1RD_1LA0RC_0LD1RB_1RC1LD	FAIL	fwd:lc=18,part=213,rc=25,s0=58 mir:lc=26,part=0,rc=0,s0=0
0RB1RD_1LC1RB_0RB1LD_1RA0LC	FAIL	fwd:lc=18,part=0,rc=18,s0=0 mir:lc=36,part=90,rc=18,s0=34
1RB---_0LB1LC_0RC1RD_1LB0RD	FAIL	fwd:lc=19,part=0,rc=18,s0=0 mir:lc=21,part=0,rc=0,s0=0
1RB---_0LB1LC_1RD0LC_0RD1RB	FAIL	fwd:lc=21,part=0,rc=0,s0=0 mir:lc=19,part=0,rc=18,s0=0
1RB---_0LB1RC_0RD0RC_1LB1LD	FAIL	fwd:lc=21,part=0,rc=18,s0=0 mir:lc=18,part=0,rc=0,s0=0
1RB---_0LB1RC_1LB0RD_1LB0RC	FAIL	fwd:lc=18,part=0,rc=18,s0=0 mir:lc=18,part=0,rc=0,s0=0
1RB---_0LB1RC_1LB0RD_1LC0RC	FAIL	fwd:lc=18,part=0,rc=18,s0=0 mir:lc=18,part=0,rc=0,s0=0
1RB---_0LB1RC_1LB0RD_1LC0RD	FAIL	fwd:lc=18,part=0,rc=18,s0=0 mir:lc=18,part=0,rc=0,s0=0
1RB---_0LB1RC_1LD0RC_1LB1RC	FAIL	fwd:lc=18,part=0,rc=18,s0=0 mir:lc=18,part=0,rc=0,s0=0
1RB---_0LC0LD_1RC1LB_0LB0RC	FAIL	fwd:lc=57,part=0,rc=18,s0=0 mir:lc=18,part=0,rc=55,s0=0
1RB---_0LC0LD_1RC1LD_0LB0RC	FAIL	fwd:lc=41,part=0,rc=18,s0=0 mir:lc=18,part=0,rc=38,s0=0
1RB---_0LC1RB_0LB1RD_1LC0RD	FAIL	fwd:lc=18,part=0,rc=18,s0=0 mir:lc=19,part=0,rc=0,s0=0
1RB---_0LC1RB_1LA1LD_1LC0RB	FAIL	fwd:lc=18,part=0,rc=0,s0=0 mir:lc=18,part=0,rc=18,s0=0
1RB---_0LC1RB_1LD0RB_1LA1LC	FAIL	fwd:lc=18,part=0,rc=0,s0=0 mir:lc=18,part=0,rc=18,s0=0
1RB---_0LC1RD_0LB1RC_1LB0RD	FAIL	fwd:lc=18,part=0,rc=18,s0=0 mir:lc=19,part=0,rc=0,s0=0
1RB---_0LC1RD_0LB1RD_1LB0RD	FAIL	fwd:lc=18,part=0,rc=18,s0=0 mir:lc=18,part=0,rc=0,s0=0
1RB---_0LC1RD_0LB1RD_1LC0RD	FAIL	fwd:lc=18,part=0,rc=18,s0=0 mir:lc=18,part=0,rc=0,s0=0
1RB---_0LC1RD_1LB1RC_1LB0RD	FAIL	fwd:lc=18,part=0,rc=18,s0=0 mir:lc=19,part=0,rc=18,s0=0
1RB---_0LC1RD_1LB1RC_1LC0RD	FAIL	fwd:lc=18,part=0,rc=18,s0=0 mir:lc=19,part=0,rc=18,s0=0
1RB---_0LC1RD_1LB1RD_1LB0RD	FAIL	fwd:lc=18,part=0,rc=18,s0=0 mir:lc=18,part=0,rc=18,s0=0
1RB---_0LC1RD_1LB1RD_1LC0RD	FAIL	fwd:lc=18,part=0,rc=18,s0=0 mir:lc=18,part=0,rc=18,s0=0
1RB---_0RC0LD_0RD0RB_1LD1RB	FAIL	fwd:lc=18,part=0,rc=30,s0=0 mir:lc=30,part=0,rc=18,s0=0
1RB---_0RC0LD_0RD0RB_1LD1RC	FAIL	fwd:lc=18,part=0,rc=24,s0=0 mir:lc=24,part=0,rc=18,s0=0
1RB---_0RC0RB_1LD1LC_0LD1RB	FAIL	fwd:lc=21,part=0,rc=18,s0=0 mir:lc=18,part=0,rc=0,s0=0
1RB---_0RC0RD_1LC1RB_0RB0LC	FAIL	fwd:lc=18,part=0,rc=42,s0=0 mir:lc=42,part=0,rc=18,s0=0
1RB---_0RC0RD_1LC1RD_0RB0LC	FAIL	fwd:lc=18,part=0,rc=24,s0=0 mir:lc=24,part=0,rc=18,s0=0
1RB---_1LB1RC_0RB0RD_0RC0LB	FAIL	fwd:lc=18,part=0,rc=36,s0=0 mir:lc=36,part=0,rc=18,s0=0
1RB---_1LB1RC_0RD0LB_0RB0RC	FAIL	fwd:lc=18,part=0,rc=41,s0=0 mir:lc=42,part=0,rc=18,s0=0
1RB---_1LC0LB_0RC0LD_1RD1RB	FAIL	fwd:lc=44,part=0,rc=18,s0=0 mir:lc=21,part=0,rc=32,s0=0
1RB---_1LC0RB_0LC1LD_0RD1RB	FAIL	fwd:lc=19,part=0,rc=18,s0=0 mir:lc=21,part=0,rc=0,s0=0
1RB---_1LC0RB_0LD1RB_0LC1RB	FAIL	fwd:lc=18,part=0,rc=18,s0=0 mir:lc=18,part=0,rc=0,s0=0
1RB---_1LC0RB_0LD1RB_0LC1RD	FAIL	fwd:lc=18,part=0,rc=18,s0=0 mir:lc=19,part=0,rc=0,s0=0
1RB---_1LC0RB_0LD1RB_1LC1RB	FAIL	fwd:lc=18,part=0,rc=18,s0=0 mir:lc=18,part=0,rc=18,s0=0
1RB---_1LC0RB_0LD1RB_1LC1RD	FAIL	fwd:lc=18,part=0,rc=18,s0=0 mir:lc=19,part=0,rc=18,s0=0
1RB---_1LC0RB_1LD1RB_0LC1RB	FAIL	fwd:lc=18,part=0,rc=18,s0=0 mir:lc=18,part=0,rc=18,s0=0
1RB---_1LC0RB_1LD1RB_0LD1RB	FAIL	fwd:lc=18,part=0,rc=18,s0=0 mir:lc=18,part=0,rc=0,s0=0
1RB---_1LC0RB_1LD1RB_1LC1RB	FAIL	fwd:lc=18,part=0,rc=18,s0=0 mir:lc=18,part=0,rc=18,s0=0
1RB---_1LC0RB_1LD1RC_0LC1RB	FAIL	fwd:lc=18,part=0,rc=18,s0=0 mir:lc=21,part=0,rc=18,s0=0
1RB---_1LC0RD_0LB1RB_1LB0RB	FAIL	fwd:lc=24,part=20,rc=18,s0=0 mir:lc=18,part=30,rc=24,s0=0
1RB---_1LC0RD_0LC1RB_1LB0RB	FAIL	fwd:lc=18,part=0,rc=18,s0=0 mir:lc=18,part=0,rc=0,s0=0
1RB---_1LC0RD_0LC1RB_1LB0RD	FAIL	fwd:lc=18,part=0,rc=18,s0=0 mir:lc=18,part=0,rc=0,s0=0
1RB---_1LC0RD_0LC1RB_1LC0RB	FAIL	fwd:lc=18,part=0,rc=18,s0=0 mir:lc=18,part=0,rc=0,s0=0
1RB---_1LC0RD_0LC1RD_1LC0RB	FAIL	fwd:lc=18,part=0,rc=18,s0=0 mir:lc=18,part=0,rc=0,s0=0
1RB---_1LC1LB_0LC1RD_0RB0RD	FAIL	fwd:lc=21,part=0,rc=18,s0=0 mir:lc=18,part=0,rc=0,s0=0
1RB---_1LC1RB_0LB1RD_1LB0RD	FAIL	fwd:lc=18,part=0,rc=18,s0=0 mir:lc=19,part=0,rc=18,s0=0
1RB---_1LC1RB_0LB1RD_1LC0RD	FAIL	fwd:lc=18,part=0,rc=18,s0=0 mir:lc=19,part=0,rc=18,s0=0
1RB---_1LC1RB_1RA1LD_0RB0LC	FAIL	fwd:lc=25,part=0,rc=0,s0=0 mir:lc=18,part=216,rc=24,s0=74
1RB---_1LC1RD_0LB1RD_1LB0RD	FAIL	fwd:lc=18,part=0,rc=18,s0=0 mir:lc=18,part=0,rc=18,s0=0
1RB---_1LC1RD_0LB1RD_1LC0RD	FAIL	fwd:lc=18,part=0,rc=18,s0=0 mir:lc=18,part=0,rc=18,s0=0
1RB---_1LC1RD_0LC1RD_1LB0RD	FAIL	fwd:lc=18,part=0,rc=18,s0=0 mir:lc=18,part=0,rc=0,s0=0
1RB---_1LC1RD_0RB0LC_1RB1RA	FAIL	fwd:lc=18,part=0,rc=24,s0=0 mir:lc=24,part=234,rc=18,s0=55
1RB---_1LC1RD_1LA0LC_0RD0LA	FAIL	fwd:lc=18,part=0,rc=0,s0=0 mir:lc=18,part=0,rc=18,s0=0
1RB---_1LC1RD_1LB1RD_1LB0RD	FAIL	fwd:lc=18,part=0,rc=18,s0=0 mir:lc=18,part=0,rc=18,s0=0
1RB---_1LC1RD_1LB1RD_1LC0RD	FAIL	fwd:lc=18,part=0,rc=18,s0=0 mir:lc=18,part=0,rc=18,s0=0
1RB---_1RC0RB_0LC0RD_1LD1LB	FAIL	fwd:lc=21,part=0,rc=30,s0=0 mir:lc=42,part=0,rc=18,s0=0
1RB---_1RC1LB_0LB1RD_0RA0RC	FAIL	fwd:lc=18,part=132,rc=23,s0=58 mir:lc=23,part=0,rc=0,s0=0
1RB---_1RC1LB_0LB1RD_1RA0RC	FAIL	fwd:lc=18,part=150,rc=22,s0=70 mir:lc=22,part=0,rc=0,s0=0
1RB0LA_0LC0RA_1LB1RD_1LC0RD	FAIL	fwd:lc=20,part=0,rc=18,s0=0 mir:lc=18,part=0,rc=20,s0=0
1RB0LA_0RC1LD_1LB1RC_1LA0LB	FAIL	fwd:lc=19,part=0,rc=0,s0=0 mir:lc=18,part=114,rc=19,s0=0
1RB0LA_1LC0RA_1RD1LB_0LC0RD	FAIL	fwd:lc=33,part=288,rc=18,s0=55 mir:lc=18,part=0,rc=31,s0=0
1RB0LA_1LC0RB_1LD1RB_0LC0RA	FAIL	fwd:lc=20,part=0,rc=18,s0=0 mir:lc=18,part=0,rc=20,s0=0
1RB0LA_1LC0RD_0LB1LA_0RB1LA	FAIL	fwd:lc=54,part=40,rc=60,s0=0 mir:lc=66,part=126,rc=53,s0=9
1RB0LA_1LC0RD_1LA1LB_0LB1RD	FAIL	fwd:lc=34,part=0,rc=0,s0=0 mir:lc=18,part=0,rc=34,s0=0
1RB0LA_1LC0RD_1LA1LB_0LC1RD	FAIL	fwd:lc=34,part=0,rc=0,s0=0 mir:lc=18,part=0,rc=34,s0=0
1RB0LA_1LC1LA_1RD1LB_0LC0RD	FAIL	fwd:lc=31,part=252,rc=18,s0=55 mir:lc=18,part=0,rc=31,s0=0
1RB0LA_1LC1RD_0LC1LA_0RD0RB	FAIL	fwd:lc=55,part=0,rc=50,s0=0 mir:lc=68,part=0,rc=36,s0=0
1RB0LA_1RC1LB_0LB1RD_0LA0RC	FAIL	fwd:lc=21,part=120,rc=18,s0=44 mir:lc=18,part=0,rc=3,s0=0
1RB0LB_0RC1LD_1LB1RC_0RA0LB	FAIL	fwd:lc=18,part=0,rc=0,s0=0 mir:lc=18,part=150,rc=18,s0=0
1RB0LB_1LA1RC_0LD0RB_1RB1LD	FAIL	fwd:lc=23,part=216,rc=31,s0=64 mir:lc=32,part=0,rc=2,s0=0
1RB0LB_1LB1RC_1LA0RD_0RC0LB	FAIL	fwd:lc=21,part=0,rc=25,s0=0 mir:lc=25,part=0,rc=18,s0=0
1RB0LB_1LC1RD_0LB1RA_1LB0RD	FAIL	fwd:lc=18,part=0,rc=18,s0=0 mir:lc=18,part=0,rc=18,s0=0
1RB0LB_1LC1RD_0RB0LC_1RA1LD	FAIL	fwd:lc=36,part=0,rc=27,s0=0 mir:lc=39,part=270,rc=18,s0=196
1RB0LB_1LC1RD_0RD0LC_1RA1LD	FAIL	fwd:lc=36,part=0,rc=27,s0=0 mir:lc=39,part=270,rc=18,s0=200
1RB0LB_1RC1LB_0LA1RD_0LB0RC	FAIL	fwd:lc=20,part=132,rc=24,s0=46 mir:lc=24,part=0,rc=0,s0=0
1RB0LB_1RC1LB_1LA1RD_0LB0RC	FAIL	fwd:lc=19,part=216,rc=24,s0=74 mir:lc=25,part=0,rc=1,s0=0
1RB0LC_0LA0RB_0RD1LC_1LA1RD	FAIL	fwd:lc=18,part=0,rc=18,s0=0 mir:lc=36,part=0,rc=0,s0=0
1RB0LC_0LA1LD_0RD1LA_1LC1RD	FAIL	fwd:lc=26,part=0,rc=0,s0=0 mir:lc=18,part=213,rc=25,s0=58
1RB0LC_0LA1RA_0RD1LA_1LC1RD	FAIL	fwd:lc=18,part=0,rc=18,s0=0 mir:lc=36,part=90,rc=18,s0=34
1RB0LC_0LA1RD_0RD1LA_1LC1RD	FAIL	fwd:lc=26,part=0,rc=0,s0=0 mir:lc=18,part=213,rc=25,s0=58
1RB0LC_0LC1LD_0RD1LA_1LC1RD	FAIL	fwd:lc=26,part=0,rc=0,s0=0 mir:lc=18,part=213,rc=25,s0=58
1RB0LC_0LC1RA_1LB1RD_1LC0RD	FAIL	fwd:lc=18,part=0,rc=18,s0=0 mir:lc=18,part=0,rc=18,s0=0
1RB0LC_0LC1RD_0RD1LA_1LC1RD	FAIL	fwd:lc=26,part=0,rc=0,s0=0 mir:lc=18,part=213,rc=25,s0=58
1RB0LC_0RC0LB_0RD1LA_1LC1RD	FAIL	fwd:lc=23,part=0,rc=0,s0=0 mir:lc=18,part=132,rc=23,s0=0
1RB0LC_0RC1LD_0RD1LA_1LC1RD	FAIL	fwd:lc=32,part=0,rc=0,s0=0 mir:lc=18,part=267,rc=31,s0=58
1RB0LC_0RC1LD_1LB1RC_0LA0LB	FAIL	fwd:lc=35,part=0,rc=0,s0=0 mir:lc=18,part=156,rc=35,s0=0
1RB0LC_0RC1RD_0RD1LA_1LC1RD	FAIL	fwd:lc=32,part=0,rc=0,s0=0 mir:lc=18,part=267,rc=31,s0=58
1RB0LC_1LA1LD_0RD1LA_1LC1RD	FAIL	fwd:lc=26,part=0,rc=0,s0=0 mir:lc=18,part=213,rc=25,s0=58
1RB0LC_1LA1RA_0RD1LA_1LC1RD	FAIL	fwd:lc=18,part=0,rc=18,s0=0 mir:lc=36,part=90,rc=18,s0=34
1RB0LC_1LA1RD_0RD1LA_1LC1RD	FAIL	fwd:lc=26,part=0,rc=0,s0=0 mir:lc=18,part=213,rc=25,s0=58
1RB0LC_1LA1RD_1LA0LC_0RD1RC	FAIL	fwd:lc=75,part=0,rc=0,s0=0 mir:lc=18,part=0,rc=70,s0=0
1RB0LC_1LA1RD_1LA1LB_0RD0LA	FAIL	fwd:lc=35,part=0,rc=0,s0=0 mir:lc=18,part=0,rc=33,s0=0
1RB0LC_1LC---_1RD0LB_0RD0LA	FAIL	fwd:lc=32,part=0,rc=0,s0=0 mir:lc=18,part=0,rc=29,s0=0
1RB0LC_1LC0RB_1LD1RB_0LC1RA	FAIL	fwd:lc=18,part=0,rc=18,s0=0 mir:lc=18,part=0,rc=18,s0=0
1RB0LC_1LC0RD_0RA1LB_0LB1RD	FAIL	fwd:lc=18,part=0,rc=0,s0=0 mir:lc=18,part=0,rc=18,s0=0
1RB0LC_1LC0RD_0RA1LB_0LC1RD	FAIL	fwd:lc=18,part=0,rc=7,s0=0 mir:lc=27,part=0,rc=18,s0=0
1RB0LC_1LC1LD_0RD1LA_1LC1RD	FAIL	fwd:lc=26,part=0,rc=0,s0=0 mir:lc=18,part=213,rc=25,s0=58
1RB0LC_1LC1RA_0RD1LA_1LC1RD	FAIL	fwd:lc=18,part=0,rc=18,s0=0 mir:lc=36,part=90,rc=18,s0=34
1RB0LC_1LC1RB_0RD1LA_1LC1RD	FAIL	fwd:lc=26,part=0,rc=0,s0=0 mir:lc=23,part=203,rc=25,s0=44
1RB0LC_1LC1RD_0RD1LA_1LC1RD	FAIL	fwd:lc=26,part=0,rc=0,s0=0 mir:lc=18,part=213,rc=25,s0=58
1RB0LC_1LC1RD_1LA0LC_0RD1RC	FAIL	fwd:lc=75,part=0,rc=0,s0=0 mir:lc=18,part=0,rc=70,s0=0
1RB0LC_1RC1LA_1LD1RB_0RB0LD	FAIL	fwd:lc=18,part=0,rc=29,s0=0 mir:lc=30,part=288,rc=18,s0=55
1RB0LC_1RC1LB_0LA1RD_0LB0RC	FAIL	fwd:lc=21,part=132,rc=24,s0=46 mir:lc=24,part=3,rc=3,s0=0
1RB0LC_1RC1LB_1LA1RD_0LB0RC	FAIL	fwd:lc=20,part=216,rc=24,s0=74 mir:lc=25,part=0,rc=1,s0=0
1RB0LC_1RC1LD_0RD1LA_1LC1RD	FAIL	fwd:lc=26,part=0,rc=0,s0=0 mir:lc=18,part=213,rc=25,s0=58
1RB0LC_1RC1RA_0RD1LA_1LC1RD	FAIL	fwd:lc=18,part=0,rc=18,s0=0 mir:lc=36,part=90,rc=18,s0=34
1RB0LC_1RC1RD_0RD1LA_1LC1RD	FAIL	fwd:lc=26,part=0,rc=0,s0=0 mir:lc=18,part=213,rc=25,s0=58
1RB0LC_1RC1RD_1LA0LC_0RD1RC	FAIL	fwd:lc=68,part=0,rc=0,s0=0 mir:lc=18,part=0,rc=63,s0=0
1RB0LD_0LB1LC_1LD1RC_0RC1LA	FAIL	fwd:lc=29,part=0,rc=0,s0=0 mir:lc=18,part=213,rc=25,s0=58
1RB0LD_0LB1RC_1LD1RC_0RC1LA	FAIL	fwd:lc=29,part=0,rc=0,s0=0 mir:lc=18,part=213,rc=25,s0=58
1RB0LD_0LC0RB_1LA1RC_0RC1LD	FAIL	fwd:lc=18,part=0,rc=18,s0=0 mir:lc=36,part=0,rc=0,s0=0
1RB0LD_0LC1LC_1LD1RC_0RC1LA	FAIL	fwd:lc=26,part=0,rc=0,s0=0 mir:lc=18,part=213,rc=25,s0=58
1RB0LD_0LC1RA_---1LA_0RA1LD	FAIL	fwd:lc=18,part=0,rc=18,s0=0 mir:lc=18,part=0,rc=0,s0=0
1RB0LD_0LC1RA_0LA1LA_0RB1LD	FAIL	fwd:lc=35,part=0,rc=18,s0=0 mir:lc=18,part=0,rc=15,s0=0
1RB0LD_0LC1RA_0LD1LC_0RA1LD	FAIL	fwd:lc=36,part=0,rc=18,s0=0 mir:lc=18,part=0,rc=0,s0=0
1RB0LD_0LC1RA_0RA1LA_0RB1LD	FAIL	fwd:lc=18,part=0,rc=18,s0=0 mir:lc=18,part=0,rc=0,s0=0
1RB0LD_0LC1RA_0RC1LA_0RB1LD	FAIL	fwd:lc=18,part=0,rc=18,s0=0 mir:lc=24,part=0,rc=0,s0=0
1RB0LD_0LC1RA_1LA0RB_0RA1LD	FAIL	fwd:lc=18,part=0,rc=18,s0=0 mir:lc=18,part=0,rc=0,s0=0
1RB0LD_0LC1RA_1LA0RB_0RB1LD	FAIL	fwd:lc=27,part=0,rc=18,s0=0 mir:lc=18,part=0,rc=7,s0=0
1RB0LD_0LC1RA_1LA1LA_0RB1LD	FAIL	fwd:lc=27,part=0,rc=18,s0=0 mir:lc=18,part=0,rc=7,s0=0
1RB0LD_0LC1RA_1LA1LC_0RA1LD	FAIL	fwd:lc=36,part=0,rc=18,s0=0 mir:lc=18,part=0,rc=0,s0=0
1RB0LD_0LC1RA_1LD1LA_0RB1LD	FAIL	fwd:lc=21,part=0,rc=18,s0=0 mir:lc=18,part=0,rc=2,s0=0
1RB0LD_0LC1RA_1LD1LC_0RA1LD	FAIL	fwd:lc=36,part=0,rc=18,s0=0 mir:lc=18,part=0,rc=0,s0=0
1RB0LD_0LC1RA_1LD1RC_0RC1LA	FAIL	fwd:lc=18,part=0,rc=18,s0=0 mir:lc=36,part=90,rc=18,s0=34
1RB0LD_0LC1RA_1RA1LA_0RB1LD	FAIL	fwd:lc=18,part=0,rc=18,s0=0 mir:lc=18,part=0,rc=0,s0=0
1RB0LD_0LC1RA_1RA1LC_0RB1LD	FAIL	fwd:lc=36,part=0,rc=18,s0=0 mir:lc=18,part=0,rc=0,s0=0
1RB0LD_0LC1RA_1RB1LA_0RB1LD	FAIL	fwd:lc=27,part=0,rc=18,s0=0 mir:lc=18,part=0,rc=7,s0=0
1RB0LD_0LC1RA_1RB1LC_0RA1LD	FAIL	fwd:lc=36,part=0,rc=18,s0=0 mir:lc=18,part=0,rc=0,s0=0
1RB0LD_0LC1RA_1RC1LA_0RB1LD	FAIL	fwd:lc=21,part=0,rc=21,s0=0 mir:lc=21,part=0,rc=2,s0=0
1RB0LD_0LC1RA_1RD1LC_0RA1LD	FAIL	fwd:lc=36,part=0,rc=18,s0=0 mir:lc=18,part=0,rc=0,s0=0
1RB0LD_0LC1RB_1LD1RC_0RC1LA	FAIL	fwd:lc=26,part=0,rc=0,s0=0 mir:lc=23,part=203,rc=25,s0=44
1RB0LD_0LC1RC_0RC1RD_1LA0LD	FAIL	fwd:lc=75,part=0,rc=0,s0=0 mir:lc=18,part=0,rc=70,s0=0
1RB0LD_0LC1RC_1LD1RC_0RC1LA	FAIL	fwd:lc=26,part=0,rc=0,s0=0 mir:lc=18,part=213,rc=25,s0=58
1RB0LD_0RC1LC_1LD1RC_0RC1LA	FAIL	fwd:lc=26,part=0,rc=0,s0=0 mir:lc=18,part=213,rc=25,s0=58
1RB0LD_0RC1RA_0LC1LA_0RA1LD	FAIL	fwd:lc=24,part=0,rc=32,s0=0 mir:lc=32,part=0,rc=0,s0=0
1RB0LD_0RC1RA_0LC1LA_0RB1LD	FAIL	fwd:lc=24,part=0,rc=32,s0=0 mir:lc=32,part=0,rc=0,s0=0
1RB0LD_0RC1RA_1LC0LA_0RA1LD	FAIL	fwd:lc=24,part=0,rc=18,s0=0 mir:lc=30,part=0,rc=6,s0=0
1RB0LD_0RC1RA_1LC0LD_0RA1LD	FAIL	fwd:lc=21,part=0,rc=19,s0=0 mir:lc=20,part=0,rc=3,s0=0
1RB0LD_0RC1RA_1LC1LA_0RA1LD	FAIL	fwd:lc=21,part=0,rc=32,s0=0 mir:lc=32,part=0,rc=3,s0=0
1RB0LD_0RC1RA_1LC1LA_0RB1LD	FAIL	fwd:lc=21,part=0,rc=32,s0=0 mir:lc=32,part=0,rc=3,s0=0
1RB0LD_0RC1RA_1LC1LD_0RA1LD	FAIL	fwd:lc=21,part=0,rc=19,s0=0 mir:lc=20,part=0,rc=3,s0=0
1RB0LD_0RC1RA_1LC1LD_0RB1LD	FAIL	fwd:lc=21,part=0,rc=19,s0=0 mir:lc=19,part=0,rc=3,s0=0
1RB0LD_0RC1RA_1LC1RD_0RA1LD	FAIL	fwd:lc=21,part=0,rc=19,s0=0 mir:lc=20,part=0,rc=3,s0=0
1RB0LD_0RC1RA_1LC1RD_0RB1LD	FAIL	fwd:lc=21,part=0,rc=19,s0=0 mir:lc=19,part=0,rc=3,s0=0
1RB0LD_0RC1RC_1LD1RC_0RC1LA	FAIL	fwd:lc=26,part=0,rc=0,s0=0 mir:lc=18,part=213,rc=25,s0=58
1RB0LD_1LB1LC_1LD1RC_0RC1LA	FAIL	fwd:lc=27,part=0,rc=0,s0=0 mir:lc=18,part=213,rc=26,s0=58
1RB0LD_1LB1RC_0RC1RD_1LA0LD	FAIL	fwd:lc=69,part=0,rc=0,s0=0 mir:lc=18,part=0,rc=64,s0=0
1RB0LD_1LB1RC_1LD1RC_0RC1LA	FAIL	fwd:lc=27,part=0,rc=0,s0=0 mir:lc=18,part=213,rc=26,s0=58
1RB0LD_1LC0LA_1LA0LC_1RD1RC	FAIL	fwd:lc=40,part=0,rc=18,s0=0 mir:lc=18,part=48,rc=28,s0=0
1RB0LD_1LC1LB_1LD1RC_0RC1LA	FAIL	fwd:lc=25,part=0,rc=0,s0=0 mir:lc=18,part=135,rc=22,s0=61
1RB0LD_1LC1LC_1LD1RC_0RC1LA	FAIL	fwd:lc=26,part=0,rc=0,s0=0 mir:lc=18,part=213,rc=25,s0=58
1RB0LD_1LC1RA_---1LA_0RA1LD	FAIL	fwd:lc=18,part=0,rc=18,s0=0 mir:lc=18,part=0,rc=0,s0=0
1RB0LD_1LC1RA_0LC1LD_0RA0RB	FAIL	fwd:lc=30,part=0,rc=25,s0=0 mir:lc=26,part=0,rc=12,s0=0
1RB0LD_1LC1RA_0LD1LC_0RA1LD	FAIL	fwd:lc=36,part=0,rc=18,s0=0 mir:lc=18,part=0,rc=0,s0=0
1RB0LD_1LC1RA_0RA1LC_0RA1LD	FAIL	fwd:lc=36,part=0,rc=18,s0=0 mir:lc=18,part=0,rc=0,s0=0
1RB0LD_1LC1RA_0RB0LC_---1LA	FAIL	fwd:lc=36,part=0,rc=18,s0=0 mir:lc=18,part=162,rc=36,s0=76
1RB0LD_1LC1RA_0RB0LC_1LA0RD	FAIL	fwd:lc=18,part=0,rc=33,s0=0 mir:lc=35,part=288,rc=18,s0=55
1RB0LD_1LC1RA_0RB0LC_1RA1RD	FAIL	fwd:lc=18,part=0,rc=30,s0=0 mir:lc=35,part=288,rc=18,s0=55
1RB0LD_1LC1RA_0RB1LA_0RB1LD	FAIL	fwd:lc=18,part=0,rc=18,s0=0 mir:lc=18,part=0,rc=0,s0=0
1RB0LD_1LC1RA_0RB1LC_0RB1LD	FAIL	fwd:lc=36,part=0,rc=18,s0=0 mir:lc=18,part=0,rc=0,s0=0
1RB0LD_1LC1RA_0RD1LA_0RB1LD	FAIL	fwd:lc=18,part=0,rc=18,s0=0 mir:lc=18,part=0,rc=0,s0=0
1RB0LD_1LC1RA_0RD1LC_0RA1LD	FAIL	fwd:lc=36,part=0,rc=18,s0=0 mir:lc=18,part=0,rc=0,s0=0
1RB0LD_1LC1RA_1LA1LC_0RA1LD	FAIL	fwd:lc=36,part=0,rc=18,s0=0 mir:lc=18,part=0,rc=0,s0=0
1RB0LD_1LC1RA_1LA1RC_0RA1LD	FAIL	fwd:lc=18,part=0,rc=18,s0=0 mir:lc=27,part=0,rc=0,s0=0
1RB0LD_1LC1RA_1LA1RC_0RB1LD	FAIL	fwd:lc=18,part=0,rc=18,s0=0 mir:lc=27,part=0,rc=0,s0=0
1RB0LD_1LC1RA_1LD1LA_0RB1LD	FAIL	fwd:lc=18,part=0,rc=18,s0=0 mir:lc=18,part=0,rc=0,s0=0
1RB0LD_1LC1RA_1LD1LC_0RA1LD	FAIL	fwd:lc=36,part=0,rc=18,s0=0 mir:lc=18,part=0,rc=0,s0=0
1RB0LD_1LC1RA_1LD1LC_0RB1LD	FAIL	fwd:lc=36,part=0,rc=18,s0=0 mir:lc=18,part=0,rc=0,s0=0
1RB0LD_1LC1RA_1LD1RC_0RA1LD	FAIL	fwd:lc=18,part=0,rc=18,s0=0 mir:lc=24,part=0,rc=0,s0=0
1RB0LD_1LC1RA_1LD1RC_0RB1LD	FAIL	fwd:lc=18,part=0,rc=18,s0=0 mir:lc=24,part=0,rc=0,s0=0
1RB0LD_1LC1RA_1LD1RC_0RC1LA	FAIL	fwd:lc=18,part=0,rc=18,s0=0 mir:lc=36,part=90,rc=18,s0=34
1RB0LD_1LC1RA_1RA1LA_0RB1LD	FAIL	fwd:lc=21,part=0,rc=18,s0=0 mir:lc=18,part=0,rc=3,s0=0
1RB0LD_1LC1RA_1RA1LC_0RB1LD	FAIL	fwd:lc=36,part=0,rc=18,s0=0 mir:lc=18,part=0,rc=0,s0=0
1RB0LD_1LC1RA_1RB1LC_0RA1LD	FAIL	fwd:lc=36,part=0,rc=18,s0=0 mir:lc=18,part=0,rc=0,s0=0
1RB0LD_1LC1RA_1RD1LA_0RB1LD	FAIL	fwd:lc=18,part=0,rc=18,s0=0 mir:lc=18,part=0,rc=0,s0=0
1RB0LD_1LC1RA_1RD1LC_0RA1LD	FAIL	fwd:lc=36,part=0,rc=18,s0=0 mir:lc=18,part=0,rc=0,s0=0
1RB0LD_1LC1RA_1RD1LC_0RB1LD	FAIL	fwd:lc=36,part=0,rc=18,s0=0 mir:lc=18,part=0,rc=0,s0=0
1RB0LD_1LC1RA_1RD1RC_0RB1LD	FAIL	fwd:lc=18,part=0,rc=19,s0=0 mir:lc=25,part=0,rc=0,s0=0
1RB0LD_1LC1RB_1LD1RC_0RC1LA	FAIL	fwd:lc=23,part=0,rc=0,s0=0 mir:lc=20,part=180,rc=23,s0=48
1RB0LD_1LC1RC_1LD1RC_0RC1LA	FAIL	fwd:lc=26,part=0,rc=0,s0=0 mir:lc=18,part=213,rc=25,s0=58
1RB0LD_1RC0RC_1LA1RB_0LC0LD	FAIL	fwd:lc=71,part=38,rc=51,s0=0 mir:lc=53,part=126,rc=70,s0=0
1RB0LD_1RC1LB_1LA1RD_0LB0RC	FAIL	fwd:lc=18,part=216,rc=24,s0=74 mir:lc=25,part=0,rc=0,s0=0
1RB0LD_1RC1LC_1LD1RC_0RC1LA	FAIL	fwd:lc=26,part=0,rc=0,s0=0 mir:lc=18,part=213,rc=25,s0=58
1RB0LD_1RC1RA_1LA0LB_0RA1LD	FAIL	fwd:lc=18,part=0,rc=29,s0=0 mir:lc=29,part=0,rc=0,s0=0
1RB0LD_1RC1RA_1LA0LB_0RB1LD	FAIL	fwd:lc=18,part=0,rc=29,s0=0 mir:lc=29,part=0,rc=0,s0=0
1RB0LD_1RC1RA_1LA0LD_0RA1LD	FAIL	fwd:lc=18,part=0,rc=18,s0=0 mir:lc=18,part=0,rc=0,s0=0
1RB0LD_1RC1RA_1LA0LD_0RB1LD	FAIL	fwd:lc=18,part=0,rc=18,s0=0 mir:lc=18,part=0,rc=0,s0=0
1RB0LD_1RC1RA_1LA0RC_0RA1LD	FAIL	fwd:lc=18,part=0,rc=34,s0=0 mir:lc=34,part=0,rc=0,s0=0
1RB0LD_1RC1RA_1LA0RC_0RB1LD	FAIL	fwd:lc=18,part=0,rc=34,s0=0 mir:lc=34,part=0,rc=0,s0=0
1RB0LD_1RC1RA_1LA1LB_0RA1LD	FAIL	fwd:lc=18,part=0,rc=18,s0=0 mir:lc=18,part=0,rc=0,s0=0
1RB0LD_1RC1RA_1LA1LB_0RB1LD	FAIL	fwd:lc=18,part=0,rc=18,s0=0 mir:lc=18,part=0,rc=0,s0=0
1RB0LD_1RC1RA_1LA1LC_0RA1LD	FAIL	fwd:lc=37,part=0,rc=18,s0=0 mir:lc=18,part=0,rc=1,s0=0
1RB0LD_1RC1RA_1LA1LD_0RA1LD	FAIL	fwd:lc=18,part=0,rc=18,s0=0 mir:lc=18,part=0,rc=0,s0=0
1RB0LD_1RC1RA_1LA1LD_0RB1LD	FAIL	fwd:lc=18,part=0,rc=18,s0=0 mir:lc=18,part=0,rc=0,s0=0
1RB0LD_1RC1RA_1LA1RA_0RA1LD	FAIL	fwd:lc=18,part=0,rc=33,s0=0 mir:lc=33,part=0,rc=0,s0=0
1RB0LD_1RC1RA_1LA1RA_0RB1LD	FAIL	fwd:lc=18,part=0,rc=33,s0=0 mir:lc=33,part=0,rc=0,s0=0
1RB0LD_1RC1RA_1LA1RB_0RA1LD	FAIL	fwd:lc=18,part=0,rc=30,s0=0 mir:lc=30,part=0,rc=0,s0=0
1RB0LD_1RC1RA_1LA1RB_0RB1LD	FAIL	fwd:lc=18,part=0,rc=30,s0=0 mir:lc=30,part=0,rc=0,s0=0
1RB0LD_1RC1RA_1LA1RC_0RA1LD	FAIL	fwd:lc=18,part=0,rc=18,s0=0 mir:lc=21,part=0,rc=0,s0=0
1RB0LD_1RC1RA_1LA1RC_0RB1LD	FAIL	fwd:lc=18,part=0,rc=18,s0=0 mir:lc=21,part=0,rc=0,s0=0
1RB0LD_1RC1RA_1LC0LD_0RA1LD	FAIL	fwd:lc=19,part=0,rc=18,s0=0 mir:lc=18,part=0,rc=1,s0=0
1RB0LD_1RC1RA_1LC0LD_0RB1LD	FAIL	fwd:lc=19,part=0,rc=18,s0=0 mir:lc=18,part=0,rc=1,s0=0
1RB0LD_1RC1RA_1LC1LA_0RA1LD	FAIL	fwd:lc=19,part=0,rc=18,s0=0 mir:lc=18,part=0,rc=1,s0=0
1RB0LD_1RC1RA_1LC1LB_0RA1LD	FAIL	fwd:lc=19,part=0,rc=18,s0=0 mir:lc=18,part=0,rc=1,s0=0
1RB0LD_1RC1RA_1LC1LB_0RB1LD	FAIL	fwd:lc=19,part=0,rc=18,s0=0 mir:lc=18,part=0,rc=1,s0=0
1RB0LD_1RC1RA_1LC1LD_0RA1LD	FAIL	fwd:lc=19,part=0,rc=18,s0=0 mir:lc=18,part=0,rc=1,s0=0
1RB0LD_1RC1RA_1LC1LD_0RB1LD	FAIL	fwd:lc=19,part=0,rc=18,s0=0 mir:lc=18,part=0,rc=1,s0=0
1RB0LD_1RC1RA_1LC1RD_0RA1LD	FAIL	fwd:lc=19,part=0,rc=18,s0=0 mir:lc=18,part=0,rc=1,s0=0
1RB0LD_1RC1RA_1LC1RD_0RB1LD	FAIL	fwd:lc=19,part=0,rc=18,s0=0 mir:lc=18,part=0,rc=1,s0=0
1RB0LD_1RC1RA_1LD---_0RA1LD	FAIL	fwd:lc=18,part=0,rc=18,s0=0 mir:lc=18,part=0,rc=0,s0=0
1RB0LD_1RC1RA_1LD---_0RB1LD	FAIL	fwd:lc=18,part=0,rc=18,s0=0 mir:lc=18,part=0,rc=0,s0=0
1RB0LD_1RC1RA_1LD1RC_0RC1LA	FAIL	fwd:lc=18,part=0,rc=18,s0=0 mir:lc=36,part=90,rc=18,s0=34
1RB0LD_1RC1RB_1LD1RC_0RC1LA	FAIL	fwd:lc=23,part=0,rc=0,s0=0 mir:lc=20,part=180,rc=23,s0=48
1RB0LD_1RC1RC_1LD1RC_0RC1LA	FAIL	fwd:lc=26,part=0,rc=0,s0=0 mir:lc=18,part=213,rc=25,s0=58
1RB0RA_0RC1LD_1LB1RC_0LA0LB	FAIL	fwd:lc=18,part=0,rc=3,s0=0 mir:lc=21,part=153,rc=18,s0=62
1RB0RB_0LC0LD_1LC1LD_1RA0RA	FAIL	fwd:lc=18,part=0,rc=12,s0=0 mir:lc=12,part=0,rc=18,s0=0
1RB0RB_0LC1RB_1LC1LD_1LA0RA	FAIL	fwd:lc=18,part=0,rc=0,s0=0 mir:lc=18,part=0,rc=18,s0=0
1RB0RB_0LC1RD_1LB1LA_1LC0RD	FAIL	fwd:lc=18,part=0,rc=18,s0=0 mir:lc=18,part=0,rc=18,s0=0
1RB0RB_0LC1RD_1LC1LA_0LA1RB	FAIL	fwd:lc=18,part=0,rc=0,s0=0 mir:lc=18,part=0,rc=18,s0=0
1RB0RB_0RC0LD_1LD1RC_0LA1LB	FAIL	fwd:lc=18,part=0,rc=0,s0=0 mir:lc=18,part=171,rc=18,s0=63
1RB0RB_0RC1LD_1LB1RC_0LA0LB	FAIL	fwd:lc=18,part=0,rc=0,s0=0 mir:lc=18,part=162,rc=18,s0=59
1RB0RB_0RC1RC_0LD1LA_1LD0LA	FAIL	fwd:lc=18,part=0,rc=12,s0=0 mir:lc=12,part=0,rc=18,s0=0
1RB0RB_1LA1RC_0LD0RB_1RB1LD	FAIL	fwd:lc=18,part=180,rc=26,s0=64 mir:lc=27,part=0,rc=0,s0=0
1RB0RB_1LC0RB_1LD1RB_0LC1RA	FAIL	fwd:lc=18,part=0,rc=18,s0=0 mir:lc=18,part=0,rc=18,s0=0
1RB0RB_1LC0RC_1RA0LD_0LB0LC	FAIL	fwd:lc=119,part=305,rc=86,s0=0 mir:lc=90,part=404,rc=111,s0=0
1RB0RB_1LC1LD_0LC1RA_0LD0RA	FAIL	fwd:lc=36,part=0,rc=0,s0=0 mir:lc=0,part=0,rc=0,s0=0
1RB0RB_1LC1RA_0LC0LD_0RA0RD	FAIL	fwd:lc=18,part=0,rc=23,s0=0 mir:lc=23,part=0,rc=0,s0=0
1RB0RB_1LC1RA_1RA0LD_0LB0LD	FAIL	fwd:lc=78,part=38,rc=51,s0=0 mir:lc=53,part=126,rc=75,s0=0
1RB0RB_1LC1RD_0LB1LA_1LB0RD	FAIL	fwd:lc=18,part=0,rc=18,s0=0 mir:lc=18,part=0,rc=18,s0=0
1RB0RB_1LC1RD_0LB1RA_1LB0RD	FAIL	fwd:lc=18,part=0,rc=18,s0=0 mir:lc=18,part=0,rc=18,s0=0
1RB0RB_1RC1LB_1LA1RD_0LB0RC	FAIL	fwd:lc=18,part=216,rc=24,s0=74 mir:lc=25,part=0,rc=0,s0=0
1RB0RC_0LA0RB_0LD1RC_1LA1LD	FAIL	fwd:lc=18,part=0,rc=18,s0=0 mir:lc=36,part=0,rc=0,s0=0
1RB0RC_0LA1LC_0RD0LB_1LB1RD	FAIL	fwd:lc=18,part=0,rc=0,s0=0 mir:lc=18,part=153,rc=18,s0=55
1RB0RC_0LB1RC_0LD1RA_1RC1LD	FAIL	fwd:lc=21,part=153,rc=18,s0=62 mir:lc=18,part=0,rc=0,s0=0
1RB0RC_0LC1LA_1LB1RD_1LC0RD	FAIL	fwd:lc=18,part=0,rc=18,s0=0 mir:lc=18,part=0,rc=18,s0=0
1RB0RC_0LC1LB_0LD1LC_1RD0RA	FAIL	fwd:lc=64,part=11,rc=30,s0=0 mir:lc=45,part=201,rc=33,s0=0
1RB0RC_0LC1RD_1LB1LA_1LC0RD	FAIL	fwd:lc=18,part=0,rc=18,s0=0 mir:lc=18,part=0,rc=18,s0=0
1RB0RC_0RC1LD_1LB1RC_0LA0LB	FAIL	fwd:lc=18,part=0,rc=0,s0=0 mir:lc=18,part=153,rc=18,s0=62
1RB0RC_1LA1RC_0LD0RB_1RB1LD	FAIL	fwd:lc=18,part=180,rc=26,s0=64 mir:lc=27,part=0,rc=0,s0=0
1RB0RC_1LA1RD_1RB1LC_0LC0RB	FAIL	fwd:lc=18,part=180,rc=26,s0=64 mir:lc=27,part=0,rc=0,s0=0
1RB0RC_1LC0RB_0LC1RD_0RB1LA	FAIL	fwd:lc=18,part=0,rc=20,s0=0 mir:lc=20,part=0,rc=0,s0=0
1RB0RC_1LC0RD_0LC1RD_0RB1LA	FAIL	fwd:lc=18,part=0,rc=20,s0=0 mir:lc=20,part=0,rc=0,s0=0
1RB0RC_1LC0RD_1LA1LB_0LB1RD	FAIL	fwd:lc=29,part=0,rc=0,s0=0 mir:lc=18,part=0,rc=29,s0=0
1RB0RC_1LC0RD_1LA1LB_0LC1RD	FAIL	fwd:lc=29,part=0,rc=0,s0=0 mir:lc=18,part=0,rc=29,s0=0
1RB0RC_1LC1LA_0LB1RD_1LB0RD	FAIL	fwd:lc=18,part=0,rc=18,s0=0 mir:lc=18,part=0,rc=18,s0=0
1RB0RC_1LC1LA_1RD1LB_0LC0RD	FAIL	fwd:lc=24,part=234,rc=18,s0=55 mir:lc=18,part=0,rc=24,s0=0
1RB0RC_1LC1RA_1RD1LB_0LC0RD	FAIL	fwd:lc=30,part=252,rc=18,s0=55 mir:lc=18,part=0,rc=29,s0=0
1RB0RC_1LC1RD_0LB1LA_1LB0RD	FAIL	fwd:lc=18,part=0,rc=18,s0=0 mir:lc=18,part=0,rc=18,s0=0
1RB0RC_1RC1LB_1LA1RD_0LB0RC	FAIL	fwd:lc=18,part=216,rc=24,s0=74 mir:lc=25,part=0,rc=0,s0=0
1RB0RD_0LB1LC_1RD1LC_0LC1RA	FAIL	fwd:lc=21,part=171,rc=18,s0=72 mir:lc=18,part=0,rc=0,s0=0
1RB0RD_0LC0RB_1LA1LC_0LC1RD	FAIL	fwd:lc=18,part=108,rc=18,s0=7 mir:lc=36,part=0,rc=0,s0=0
1RB0RD_0LC1RA_1LB1RD_1LC0RD	FAIL	fwd:lc=18,part=0,rc=18,s0=0 mir:lc=18,part=0,rc=18,s0=0
1RB0RD_0RC0LD_1LD1RC_0LA1LB	FAIL	fwd:lc=18,part=0,rc=0,s0=0 mir:lc=18,part=180,rc=18,s0=0
1RB0RD_0RC1LA_1LD0RB_0LD1RC	FAIL	fwd:lc=18,part=0,rc=27,s0=0 mir:lc=29,part=0,rc=0,s0=0
1RB0RD_1LB0LC_1RD1LC_0LC1RA	FAIL	fwd:lc=19,part=153,rc=18,s0=62 mir:lc=18,part=0,rc=1,s0=0
1RB0RD_1LB1LC_1RC0RA_0LB1RD	FAIL	fwd:lc=18,part=0,rc=8,s0=0 mir:lc=26,part=0,rc=18,s0=0
1RB0RD_1LC0LB_1LD0LB_1RD0RA	FAIL	fwd:lc=77,part=0,rc=51,s0=0 mir:lc=52,part=0,rc=69,s0=0
1RB0RD_1LC0LC_1LD0LB_1RD0RA	FAIL	fwd:lc=60,part=0,rc=51,s0=0 mir:lc=52,part=18,rc=52,s0=0
1RB0RD_1LC0RB_0LC1RD_0RB1LA	FAIL	fwd:lc=18,part=0,rc=18,s0=0 mir:lc=18,part=0,rc=0,s0=0
1RB0RD_1LC0RD_0LB1RA_1LB0RB	FAIL	fwd:lc=24,part=20,rc=18,s0=0 mir:lc=18,part=30,rc=24,s0=0
1RB0RD_1LC0RD_1LA1LB_0LB1RD	FAIL	fwd:lc=18,part=0,rc=0,s0=0 mir:lc=18,part=0,rc=18,s0=0
1RB0RD_1LC0RD_1LA1LB_0LC1RD	FAIL	fwd:lc=18,part=0,rc=0,s0=0 mir:lc=18,part=0,rc=18,s0=0
1RB0RD_1LC1LB_1RA0LB_1LC1RA	FAIL	fwd:lc=82,part=147,rc=48,s0=0 mir:lc=54,part=689,rc=50,s0=0
1RB0RD_1LC1RA_0RB0LC_1LD0LA	FAIL	fwd:lc=51,part=0,rc=18,s0=0 mir:lc=18,part=162,rc=36,s0=46
1RB0RD_1LC1RD_0LB1RA_1LB0RD	FAIL	fwd:lc=18,part=0,rc=18,s0=0 mir:lc=18,part=0,rc=18,s0=0
1RB0RD_1LC1RD_0RB0LC_1RB1LA	FAIL	fwd:lc=18,part=0,rc=30,s0=0 mir:lc=32,part=288,rc=18,s0=55
1RB0RD_1RC---_1RD1LC_0LC1RA	FAIL	fwd:lc=18,part=150,rc=22,s0=70 mir:lc=22,part=0,rc=0,s0=0
1RB0RD_1RC1LB_1LA1RD_0LB0RC	FAIL	fwd:lc=18,part=216,rc=24,s0=74 mir:lc=25,part=0,rc=0,s0=0
1RB1LA_0LA0LC_1LC1RD_0RB0RD	FAIL	fwd:lc=36,part=216,rc=18,s0=7 mir:lc=18,part=0,rc=18,s0=0
1RB1LA_0LA0RC_0LD0RB_1LD1RC	FAIL	fwd:lc=36,part=90,rc=18,s0=4 mir:lc=18,part=0,rc=18,s0=0
1RB1LA_0LA0RC_0LD1RB_1RC1LD	FAIL	fwd:lc=19,part=120,rc=18,s0=44 mir:lc=18,part=0,rc=0,s0=0
1RB1LA_0LA1RC_0LD0RB_---1RA	FAIL	fwd:lc=18,part=162,rc=24,s0=53 mir:lc=24,part=0,rc=0,s0=0
1RB1LA_0LA1RC_0LD0RB_0RA1LD	FAIL	fwd:lc=36,part=180,rc=18,s0=62 mir:lc=18,part=0,rc=0,s0=0
1RB1LA_0LA1RC_0LD0RB_0RB0RC	FAIL	fwd:lc=18,part=150,rc=18,s0=46 mir:lc=18,part=0,rc=0,s0=0
1RB1LA_0LA1RC_0LD0RB_1LA1LD	FAIL	fwd:lc=21,part=130,rc=18,s0=48 mir:lc=18,part=0,rc=0,s0=0
1RB1LA_0LA1RC_0LD0RB_1LA1RD	FAIL	fwd:lc=18,part=213,rc=25,s0=58 mir:lc=28,part=0,rc=0,s0=0
1RB1LA_0LA1RC_0LD0RB_1RA0LD	FAIL	fwd:lc=24,part=120,rc=18,s0=44 mir:lc=18,part=0,rc=6,s0=0
1RB1LA_0LA1RC_0LD0RB_1RA0RC	FAIL	fwd:lc=18,part=162,rc=24,s0=53 mir:lc=24,part=0,rc=0,s0=0
1RB1LA_0LA1RC_0LD0RB_1RB1LD	FAIL	fwd:lc=36,part=180,rc=18,s0=62 mir:lc=18,part=0,rc=0,s0=0
1RB1LA_0LA1RC_0LD0RB_1RB1RD	FAIL	fwd:lc=18,part=162,rc=24,s0=53 mir:lc=26,part=0,rc=0,s0=0
1RB1LA_0LA1RC_0LD0RB_1RC1LD	FAIL	fwd:lc=21,part=130,rc=18,s0=44 mir:lc=18,part=0,rc=0,s0=0
1RB1LA_0LA1RC_0LD0RC_1LD0RB	FAIL	fwd:lc=36,part=0,rc=18,s0=0 mir:lc=18,part=0,rc=18,s0=0
1RB1LA_0LA1RC_0RD0RB_0LD1LB	FAIL	fwd:lc=24,part=117,rc=18,s0=0 mir:lc=18,part=0,rc=0,s0=0
1RB1LA_0LA1RC_0RD0RB_1LB0LA	FAIL	fwd:lc=18,part=153,rc=18,s0=62 mir:lc=18,part=0,rc=0,s0=0
1RB1LA_0LA1RC_0RD0RB_1LB0LB	FAIL	fwd:lc=18,part=162,rc=18,s0=0 mir:lc=18,part=0,rc=0,s0=0
1RB1LA_0LA1RC_0RD0RB_1LB0LD	FAIL	fwd:lc=21,part=153,rc=18,s0=62 mir:lc=18,part=0,rc=3,s0=0
1RB1LA_0LA1RC_0RD0RB_1LB0RA	FAIL	fwd:lc=18,part=156,rc=35,s0=0 mir:lc=35,part=0,rc=0,s0=0
1RB1LA_0LA1RC_0RD0RB_1LB1LB	FAIL	fwd:lc=18,part=180,rc=18,s0=0 mir:lc=18,part=0,rc=0,s0=0
1RB1LA_0LA1RC_0RD0RB_1LB1RA	FAIL	fwd:lc=18,part=174,rc=29,s0=76 mir:lc=29,part=0,rc=0,s0=0
1RB1LA_0LA1RC_0RD0RB_1LB1RD	FAIL	fwd:lc=18,part=234,rc=26,s0=76 mir:lc=28,part=0,rc=0,s0=0
1RB1LA_0LA1RC_0RD0RB_1LC1LB	FAIL	fwd:lc=18,part=180,rc=18,s0=0 mir:lc=18,part=0,rc=0,s0=0
1RB1LA_0LA1RC_0RD0RB_1LC1RA	FAIL	fwd:lc=18,part=132,rc=23,s0=43 mir:lc=23,part=0,rc=0,s0=0
1RB1LA_0LA1RC_0RD0RB_1LD0LA	FAIL	fwd:lc=21,part=97,rc=18,s0=38 mir:lc=18,part=0,rc=3,s0=0
1RB1LA_0LA1RC_0RD0RB_1LD1LB	FAIL	fwd:lc=21,part=124,rc=18,s0=0 mir:lc=18,part=0,rc=3,s0=0
1RB1LA_0LA1RC_0RD0RB_1RA---	FAIL	fwd:lc=18,part=132,rc=23,s0=43 mir:lc=23,part=0,rc=0,s0=0
1RB1LA_0LA1RC_1LD0RB_---1LA	FAIL	fwd:lc=18,part=213,rc=25,s0=58 mir:lc=26,part=0,rc=0,s0=0
1RB1LA_0LA1RC_1LD0RB_---1LC	FAIL	fwd:lc=36,part=90,rc=18,s0=34 mir:lc=18,part=0,rc=18,s0=0
1RB1LA_0LA1RC_1LD0RB_---1RA	FAIL	fwd:lc=18,part=213,rc=25,s0=58 mir:lc=26,part=0,rc=0,s0=0
1RB1LA_0LA1RC_1LD0RB_0RA1LD	FAIL	fwd:lc=23,part=203,rc=25,s0=44 mir:lc=26,part=0,rc=0,s0=0
1RB1LA_0LA1RC_1LD0RB_1LA1LD	FAIL	fwd:lc=23,part=200,rc=23,s0=48 mir:lc=23,part=0,rc=0,s0=0
1RB1LA_0LA1RC_1LD0RB_1RA1LD	FAIL	fwd:lc=23,part=200,rc=23,s0=48 mir:lc=23,part=0,rc=0,s0=0
1RB1LA_0LA1RC_1LD0RB_1RA1RD	FAIL	fwd:lc=18,part=135,rc=22,s0=46 mir:lc=27,part=0,rc=0,s0=0
1RB1LA_0LA1RC_1LD0RB_1RB1LD	FAIL	fwd:lc=23,part=203,rc=25,s0=44 mir:lc=26,part=0,rc=0,s0=0
1RB1LA_0LA1RC_1RB0LD_0RC1LD	FAIL	fwd:lc=36,part=0,rc=18,s0=0 mir:lc=18,part=0,rc=0,s0=0
1RB1LA_0LA1RC_1RD0RB_0LD1LA	FAIL	fwd:lc=21,part=171,rc=18,s0=72 mir:lc=18,part=0,rc=0,s0=0
1RB1LA_0LA1RC_1RD0RB_1LD0LA	FAIL	fwd:lc=19,part=153,rc=18,s0=62 mir:lc=18,part=0,rc=1,s0=0
1RB1LA_0LA1RC_1RD0RB_1LD0LC	FAIL	fwd:lc=20,part=132,rc=18,s0=53 mir:lc=18,part=0,rc=2,s0=0
1RB1LA_0LA1RC_1RD0RB_1RA---	FAIL	fwd:lc=18,part=150,rc=22,s0=53 mir:lc=22,part=0,rc=0,s0=0
1RB1LA_0LC0RD_1LC1RD_0LA0RB	FAIL	fwd:lc=36,part=90,rc=18,s0=4 mir:lc=18,part=0,rc=18,s0=0
1RB1LA_0LC1RB_1LD0RB_1RA1LC	FAIL	fwd:lc=24,part=0,rc=0,s0=0 mir:lc=18,part=0,rc=18,s0=0
1RB1LA_0LC1RB_1RA1LD_1LC0RB	FAIL	fwd:lc=24,part=0,rc=0,s0=0 mir:lc=18,part=0,rc=18,s0=0
1RB1LA_0LC1RD_0RA1LA_0LA0RB	FAIL	fwd:lc=18,part=132,rc=26,s0=64 mir:lc=27,part=0,rc=0,s0=0
1RB1LA_0LC1RD_0RA1LC_0LA0RB	FAIL	fwd:lc=19,part=132,rc=26,s0=64 mir:lc=27,part=0,rc=0,s0=0
1RB1LA_0LC1RD_1LA1LB_0LA0RB	FAIL	fwd:lc=21,part=150,rc=18,s0=0 mir:lc=18,part=3,rc=2,s0=0
1RB1LA_0LC1RD_1LC1LA_0LA0RB	FAIL	fwd:lc=19,part=120,rc=18,s0=48 mir:lc=18,part=0,rc=1,s0=0
1RB1LA_0LC1RD_1RA0LB_0LA0RB	FAIL	fwd:lc=24,part=132,rc=24,s0=46 mir:lc=24,part=3,rc=6,s0=0
1RB1LA_0LC1RD_1RA1LA_0LA0RB	FAIL	fwd:lc=18,part=132,rc=22,s0=64 mir:lc=22,part=0,rc=0,s0=0
1RB1LA_0LC1RD_1RA1LC_0LA0RB	FAIL	fwd:lc=27,part=138,rc=21,s0=46 mir:lc=21,part=0,rc=0,s0=0
1RB1LA_0LC1RD_1RA1RD_0LA0RB	FAIL	fwd:lc=18,part=132,rc=22,s0=64 mir:lc=22,part=0,rc=0,s0=0
1RB1LA_0LC1RD_1RB1LC_0LA0RB	FAIL	fwd:lc=36,part=180,rc=18,s0=62 mir:lc=18,part=0,rc=0,s0=0
1RB1LA_0LC1RD_1RB1LC_1LA0RB	FAIL	fwd:lc=23,part=203,rc=25,s0=44 mir:lc=26,part=0,rc=0,s0=0
1RB1LA_0LC1RD_1RD1LB_0LA0RB	FAIL	fwd:lc=21,part=150,rc=18,s0=0 mir:lc=18,part=6,rc=2,s0=0
1RB1LA_0RC1LB_1LA1RD_1RC0LB	FAIL	fwd:lc=36,part=0,rc=18,s0=0 mir:lc=18,part=0,rc=0,s0=0
1RB1LA_0RC1LB_1RD0LB_0LA1RC	FAIL	fwd:lc=36,part=0,rc=18,s0=0 mir:lc=18,part=0,rc=0,s0=0
1RB1LA_0RC1LB_1RD0LB_1LA1RC	FAIL	fwd:lc=36,part=0,rc=18,s0=0 mir:lc=18,part=0,rc=0,s0=0
1RB1LA_0RC1LD_1LB1RC_0LA0LB	FAIL	fwd:lc=25,part=0,rc=0,s0=0 mir:lc=18,part=210,rc=24,s0=57
1RB1LA_0RC1RD_0LC1LD_0LA0RB	FAIL	fwd:lc=24,part=117,rc=18,s0=0 mir:lc=18,part=0,rc=0,s0=0
1RB1LA_0RC1RD_0LD---_0LA0RB	FAIL	fwd:lc=18,part=153,rc=18,s0=55 mir:lc=18,part=0,rc=0,s0=0
1RB1LA_0RC1RD_1LB0LD_0LA0RB	FAIL	fwd:lc=18,part=153,rc=18,s0=55 mir:lc=18,part=0,rc=0,s0=0
1RB1LA_0RC1RD_1LB1LD_0LA0RB	FAIL	fwd:lc=18,part=180,rc=18,s0=0 mir:lc=18,part=0,rc=0,s0=0
1RB1LA_0RC1RD_1LC1LD_0LA0RB	FAIL	fwd:lc=21,part=124,rc=18,s0=0 mir:lc=18,part=0,rc=3,s0=0
1RB1LA_0RC1RD_1LD0LB_0LA0RB	FAIL	fwd:lc=18,part=180,rc=18,s0=0 mir:lc=18,part=0,rc=0,s0=0
1RB1LA_0RC1RD_1LD0LD_0LA0RB	FAIL	fwd:lc=18,part=171,rc=18,s0=0 mir:lc=18,part=0,rc=0,s0=0
1RB1LA_0RC1RD_1LD1LD_0LA0RB	FAIL	fwd:lc=18,part=180,rc=18,s0=0 mir:lc=18,part=0,rc=0,s0=0
1RB1LA_1LA1RC_0LD0RB_1RB1LD	FAIL	fwd:lc=20,part=180,rc=26,s0=64 mir:lc=27,part=0,rc=0,s0=0
1RB1LA_1LA1RC_1RB0LD_0RC1LD	FAIL	fwd:lc=36,part=0,rc=18,s0=0 mir:lc=18,part=0,rc=0,s0=0
1RB1LA_1LC0RB_0LC1RD_0RB0LA	FAIL	fwd:lc=19,part=0,rc=18,s0=0 mir:lc=18,part=0,rc=0,s0=0
1RB1LA_1LC0RB_0LC1RD_0RB1LA	FAIL	fwd:lc=20,part=0,rc=18,s0=0 mir:lc=18,part=0,rc=0,s0=0
1RB1LA_1LC0RB_1LD1RB_0LC0RA	FAIL	fwd:lc=21,part=0,rc=18,s0=0 mir:lc=18,part=0,rc=18,s0=0
1RB1LA_1LC0RD_0LB0RA_1LB0RB	FAIL	fwd:lc=27,part=20,rc=18,s0=0 mir:lc=18,part=30,rc=24,s0=0
1RB1LA_1LC0RD_0RA0LC_0LA1RD	FAIL	fwd:lc=36,part=0,rc=0,s0=0 mir:lc=18,part=0,rc=18,s0=0
1RB1LA_1LC0RD_0RB0LC_0LA1RD	FAIL	fwd:lc=36,part=0,rc=0,s0=0 mir:lc=18,part=0,rc=18,s0=0
1RB1LA_1LC0RD_1LA1LB_0LB1RD	FAIL	fwd:lc=21,part=0,rc=0,s0=0 mir:lc=18,part=0,rc=18,s0=0
1RB1LA_1LC0RD_1LA1LB_0LC1RD	FAIL	fwd:lc=21,part=0,rc=0,s0=0 mir:lc=18,part=0,rc=18,s0=0
1RB1LA_1LC0RD_1RA1LB_0LB1RD	FAIL	fwd:lc=27,part=0,rc=0,s0=0 mir:lc=18,part=0,rc=18,s0=0
1RB1LA_1LC0RD_1RA1LB_0LC1RD	FAIL	fwd:lc=27,part=0,rc=0,s0=0 mir:lc=18,part=0,rc=18,s0=0
1RB1LA_1LC1RB_0RB1LD_0RA0LC	FAIL	fwd:lc=28,part=0,rc=0,s0=0 mir:lc=18,part=213,rc=25,s0=58
1RB1LA_1LC1RD_0RC1RA_0LA0RB	FAIL	fwd:lc=18,part=174,rc=30,s0=50 mir:lc=31,part=0,rc=0,s0=0
1RB1LA_1LC1RD_1LA0LB_0LA0RB	FAIL	fwd:lc=23,part=216,rc=24,s0=74 mir:lc=25,part=3,rc=2,s0=0
1RB1LA_1LC1RD_1LA0LC_0LA0RB	FAIL	fwd:lc=19,part=216,rc=24,s0=74 mir:lc=25,part=0,rc=1,s0=0
1RB1LA_1LC1RD_1LA0RA_0LA0RB	FAIL	fwd:lc=18,part=216,rc=24,s0=74 mir:lc=25,part=0,rc=0,s0=0
1RB1LA_1LC1RD_1LA0RB_0LA0RB	FAIL	fwd:lc=18,part=216,rc=24,s0=74 mir:lc=25,part=0,rc=0,s0=0
1RB1LA_1LC1RD_1LA0RC_0LA0RB	FAIL	fwd:lc=18,part=246,rc=30,s0=104 mir:lc=31,part=0,rc=0,s0=0
1RB1LA_1LC1RD_1LA0RD_0LA0RB	FAIL	fwd:lc=18,part=216,rc=24,s0=74 mir:lc=25,part=0,rc=0,s0=0
1RB1LA_1LC1RD_1LA1LA_0LA0RB	FAIL	fwd:lc=18,part=216,rc=24,s0=74 mir:lc=25,part=0,rc=0,s0=0
1RB1LA_1LC1RD_1LA1LB_0LA0RB	FAIL	fwd:lc=21,part=226,rc=24,s0=74 mir:lc=25,part=0,rc=3,s0=0
1RB1LA_1LC1RD_1LA1LC_0LA0RB	FAIL	fwd:lc=20,part=216,rc=24,s0=74 mir:lc=25,part=0,rc=0,s0=0
1RB1LA_1LC1RD_1LA1RA_0LA0RB	FAIL	fwd:lc=18,part=216,rc=24,s0=74 mir:lc=25,part=0,rc=0,s0=0
1RB1LA_1LC1RD_1LA1RB_0LA0RB	FAIL	fwd:lc=18,part=216,rc=24,s0=74 mir:lc=25,part=0,rc=0,s0=0
1RB1LA_1LC1RD_1LA1RC_0LA0RB	FAIL	fwd:lc=18,part=216,rc=24,s0=74 mir:lc=28,part=0,rc=0,s0=0
1RB1LA_1LC1RD_1LA1RD_0LA0RB	FAIL	fwd:lc=18,part=216,rc=24,s0=74 mir:lc=25,part=0,rc=0,s0=0
1RB1LA_1LC1RD_1LC1LA_0LA0RB	FAIL	fwd:lc=20,part=186,rc=24,s0=60 mir:lc=25,part=0,rc=2,s0=0
1RB1LA_1LC1RD_1LC1RA_0LA0RB	FAIL	fwd:lc=20,part=186,rc=24,s0=60 mir:lc=25,part=0,rc=2,s0=0
1RB1LA_1LC1RD_1RA0LB_0LA0RB	FAIL	fwd:lc=23,part=216,rc=24,s0=74 mir:lc=25,part=3,rc=2,s0=0
1RB1LA_1LC1RD_1RA0LC_0LA0RB	FAIL	fwd:lc=19,part=216,rc=24,s0=74 mir:lc=25,part=0,rc=1,s0=0
1RB1LA_1LC1RD_1RA0RA_0LA0RB	FAIL	fwd:lc=18,part=216,rc=24,s0=74 mir:lc=25,part=0,rc=0,s0=0
1RB1LA_1LC1RD_1RA0RB_0LA0RB	FAIL	fwd:lc=18,part=216,rc=24,s0=74 mir:lc=25,part=0,rc=0,s0=0
1RB1LA_1LC1RD_1RA0RD_0LA0RB	FAIL	fwd:lc=18,part=216,rc=24,s0=74 mir:lc=25,part=0,rc=0,s0=0
1RB1LA_1LC1RD_1RA1LA_0LA0RB	FAIL	fwd:lc=18,part=216,rc=24,s0=74 mir:lc=25,part=0,rc=0,s0=0
1RB1LA_1LC1RD_1RA1LB_0LA0RB	FAIL	fwd:lc=21,part=226,rc=24,s0=74 mir:lc=25,part=0,rc=3,s0=0
1RB1LA_1LC1RD_1RA1LC_0LA0RB	FAIL	fwd:lc=20,part=216,rc=24,s0=74 mir:lc=25,part=0,rc=0,s0=0
1RB1LA_1LC1RD_1RA1RA_0LA0RB	FAIL	fwd:lc=18,part=216,rc=24,s0=74 mir:lc=25,part=0,rc=0,s0=0
1RB1LA_1LC1RD_1RA1RB_0LA0RB	FAIL	fwd:lc=18,part=216,rc=24,s0=74 mir:lc=25,part=0,rc=0,s0=0
1RB1LA_1LC1RD_1RA1RD_0LA0RB	FAIL	fwd:lc=18,part=216,rc=24,s0=74 mir:lc=25,part=0,rc=0,s0=0
1RB1LA_1LC1RD_1RB0LB_0LA0RB	FAIL	fwd:lc=23,part=216,rc=31,s0=64 mir:lc=32,part=0,rc=2,s0=0
1RB1LA_1LC1RD_1RB0RA_0LA0RB	FAIL	fwd:lc=18,part=180,rc=26,s0=64 mir:lc=27,part=0,rc=0,s0=0
1RB1LA_1LC1RD_1RB0RB_0LA0RB	FAIL	fwd:lc=18,part=180,rc=26,s0=64 mir:lc=27,part=0,rc=0,s0=0
1RB1LA_1LC1RD_1RB0RD_0LA0RB	FAIL	fwd:lc=18,part=180,rc=26,s0=64 mir:lc=27,part=0,rc=0,s0=0
1RB1LA_1LC1RD_1RB1LA_0LA0RB	FAIL	fwd:lc=18,part=180,rc=26,s0=64 mir:lc=27,part=0,rc=0,s0=0
1RB1LA_1LC1RD_1RB1LB_0LA0RB	FAIL	fwd:lc=21,part=196,rc=26,s0=64 mir:lc=27,part=0,rc=3,s0=0
1RB1LA_1LC1RD_1RB1LC_0LA0RB	FAIL	fwd:lc=20,part=180,rc=26,s0=64 mir:lc=27,part=0,rc=0,s0=0
1RB1LA_1LC1RD_1RB1RA_0LA0RB	FAIL	fwd:lc=18,part=180,rc=26,s0=64 mir:lc=27,part=0,rc=0,s0=0
1RB1LA_1LC1RD_1RB1RB_0LA0RB	FAIL	fwd:lc=18,part=180,rc=26,s0=64 mir:lc=27,part=0,rc=0,s0=0
1RB1LA_1LC1RD_1RB1RD_0LA0RB	FAIL	fwd:lc=18,part=180,rc=25,s0=64 mir:lc=26,part=0,rc=0,s0=0
1RB1LA_1LC1RD_1RC0LB_0LA0RB	FAIL	fwd:lc=23,part=150,rc=21,s0=0 mir:lc=21,part=0,rc=2,s0=0
1RB1LA_1LC1RD_1RC1LA_0LA0RB	FAIL	fwd:lc=18,part=216,rc=27,s0=74 mir:lc=28,part=0,rc=0,s0=0
1RB1LA_1LC1RD_1RC1RA_0LA0RB	FAIL	fwd:lc=18,part=180,rc=29,s0=64 mir:lc=29,part=0,rc=0,s0=0
1RB1LA_1LC1RD_1RC1RD_0LA0RB	FAIL	fwd:lc=18,part=180,rc=27,s0=64 mir:lc=28,part=0,rc=0,s0=0
1RB1LA_1RC0LC_1LD1RA_0RB0LD	FAIL	fwd:lc=36,part=0,rc=27,s0=0 mir:lc=39,part=162,rc=18,s0=92
1RB1LA_1RC0LC_1LD1RA_0RC0LD	FAIL	fwd:lc=36,part=0,rc=27,s0=0 mir:lc=39,part=270,rc=18,s0=196
1RB1LA_1RC0LD_0LA1RB_0RC1LD	FAIL	fwd:lc=36,part=0,rc=18,s0=0 mir:lc=18,part=0,rc=0,s0=0
1RB1LA_1RC0LD_1LA1RB_0RC1LD	FAIL	fwd:lc=36,part=0,rc=18,s0=0 mir:lc=18,part=0,rc=0,s0=0
1RB1LA_1RC1LB_0LA1RD_0LB0RC	FAIL	fwd:lc=24,part=114,rc=21,s0=46 mir:lc=21,part=0,rc=0,s0=0
1RB1LA_1RC1LB_0LB1RD_1LA0RC	FAIL	fwd:lc=20,part=180,rc=23,s0=48 mir:lc=23,part=0,rc=0,s0=0
1RB1LA_1RC1LB_1LA1RD_0LB0RC	FAIL	fwd:lc=23,part=226,rc=24,s0=74 mir:lc=25,part=0,rc=0,s0=0
1RB1LA_1RC1RD_0LA---_0LA0RB	FAIL	fwd:lc=18,part=153,rc=18,s0=76 mir:lc=18,part=0,rc=0,s0=0
1RB1LA_1RC1RD_0LC0LA_0LA0RB	FAIL	fwd:lc=21,part=153,rc=18,s0=55 mir:lc=18,part=0,rc=0,s0=0
1RB1LA_1RC1RD_0LC1LA_0LA0RB	FAIL	fwd:lc=21,part=162,rc=19,s0=82 mir:lc=19,part=0,rc=0,s0=0
1RB1LA_1RC1RD_0LC1LD_0LA0RB	FAIL	fwd:lc=21,part=153,rc=25,s0=0 mir:lc=25,part=0,rc=0,s0=0
1RB1LA_1RC1RD_1LC0LA_0LA0RB	FAIL	fwd:lc=19,part=153,rc=18,s0=76 mir:lc=18,part=0,rc=1,s0=0
1RB1LA_1RC1RD_1LC0LB_0LA0RB	FAIL	fwd:lc=23,part=97,rc=18,s0=34 mir:lc=18,part=0,rc=5,s0=0
1RB1LB_0LB1LC_1RD0RC_1LA0RC	FAIL	fwd:lc=18,part=0,rc=70,s0=0 mir:lc=75,part=0,rc=0,s0=0
1RB1LB_0RC0LD_1LD1RC_0RA1LB	FAIL	fwd:lc=18,part=0,rc=0,s0=0 mir:lc=18,part=120,rc=18,s0=0
1RB1LB_0RC1LD_1LB1RC_0RA0LB	FAIL	fwd:lc=18,part=0,rc=0,s0=0 mir:lc=18,part=150,rc=18,s0=0
1RB1LB_1LA0RC_0LD1RB_1RC1LD	FAIL	fwd:lc=36,part=90,rc=18,s0=34 mir:lc=18,part=0,rc=18,s0=0
1RB1LB_1LA1RC_0LD0RB_1RB1LD	FAIL	fwd:lc=21,part=196,rc=26,s0=64 mir:lc=27,part=0,rc=3,s0=0
1RB1LB_1LC0RD_0LB1LA_0LA1RA	FAIL	fwd:lc=47,part=209,rc=73,s0=4 mir:lc=76,part=0,rc=47,s0=0
1RB1LB_1LC0RD_1LA1LB_0LB1RD	FAIL	fwd:lc=33,part=0,rc=0,s0=0 mir:lc=18,part=0,rc=33,s0=0
1RB1LB_1LC0RD_1LA1LB_0LC1RD	FAIL	fwd:lc=33,part=0,rc=0,s0=0 mir:lc=18,part=0,rc=33,s0=0
1RB1LB_1LC1LA_0LB1RD_0RB0RD	FAIL	fwd:lc=36,part=36,rc=18,s0=0 mir:lc=18,part=51,rc=33,s0=0
1RB1LB_1LC1RB_0RB1LD_0RA0LC	FAIL	fwd:lc=24,part=0,rc=0,s0=0 mir:lc=18,part=162,rc=24,s0=53
1RB1LB_1LC1RB_0RB1LD_1RA0LC	FAIL	fwd:lc=26,part=0,rc=0,s0=0 mir:lc=18,part=213,rc=25,s0=58
1RB1LB_1LC1RD_0LB1RA_1LB0RD	FAIL	fwd:lc=18,part=0,rc=18,s0=0 mir:lc=18,part=0,rc=18,s0=0
1RB1LB_1RC0LA_1LD1RB_0RB0LD	FAIL	fwd:lc=36,part=0,rc=18,s0=0 mir:lc=18,part=162,rc=36,s0=79
1RB1LB_1RC0LD_0LA1RB_0RB1LD	FAIL	fwd:lc=18,part=0,rc=18,s0=0 mir:lc=18,part=0,rc=0,s0=0
1RB1LB_1RC0LD_0LA1RB_0RC1LD	FAIL	fwd:lc=18,part=0,rc=18,s0=0 mir:lc=18,part=0,rc=0,s0=0
1RB1LB_1RC0LD_1LA1RB_0RB1LD	FAIL	fwd:lc=18,part=0,rc=18,s0=0 mir:lc=18,part=0,rc=0,s0=0
1RB1LB_1RC0LD_1LA1RB_0RC1LD	FAIL	fwd:lc=21,part=0,rc=18,s0=0 mir:lc=18,part=0,rc=3,s0=0
1RB1LB_1RC1LB_0LA1RD_0LB0RC	FAIL	fwd:lc=18,part=132,rc=22,s0=64 mir:lc=22,part=0,rc=0,s0=0
1RB1LB_1RC1LB_0LB1RD_1LA0RC	FAIL	fwd:lc=18,part=213,rc=25,s0=58 mir:lc=26,part=0,rc=0,s0=0
1RB1LB_1RC1LB_1LA1RD_0LB0RC	FAIL	fwd:lc=18,part=216,rc=24,s0=74 mir:lc=25,part=0,rc=0,s0=0
1RB1LB_1RC1LD_0LB0RC_1LB1RA	FAIL	fwd:lc=32,part=288,rc=18,s0=55 mir:lc=18,part=0,rc=30,s0=0
1RB1LC_0LA0LC_1LA1RD_0RD0RB	FAIL	fwd:lc=27,part=30,rc=12,s0=0 mir:lc=30,part=0,rc=26,s0=0
1RB1LC_0LA0LD_1LD1RC_0RC1LB	FAIL	fwd:lc=23,part=0,rc=0,s0=0 mir:lc=18,part=132,rc=23,s0=58
1RB1LC_0LA0RB_0LD1LD_1RA0RA	FAIL	fwd:lc=12,part=0,rc=18,s0=0 mir:lc=18,part=0,rc=12,s0=0
1RB1LC_0LA0RB_0RD0LC_1RD1LA	FAIL	fwd:lc=18,part=0,rc=36,s0=0 mir:lc=36,part=0,rc=18,s0=0
1RB1LC_0LA0RB_0RD1LA_0LC1RD	FAIL	fwd:lc=18,part=162,rc=18,s0=8 mir:lc=36,part=0,rc=0,s0=0
1RB1LC_0LA0RB_1RD1LA_0LA1RD	FAIL	fwd:lc=18,part=162,rc=18,s0=55 mir:lc=36,part=0,rc=0,s0=0
1RB1LC_0LA0RB_1RD1LA_0LC1RD	FAIL	fwd:lc=18,part=162,rc=18,s0=45 mir:lc=36,part=0,rc=0,s0=0
1RB1LC_0LA0RC_1LA0RD_0LA1RD	FAIL	fwd:lc=18,part=0,rc=1,s0=0 mir:lc=19,part=0,rc=18,s0=0
1RB1LC_0LA0RD_1RD1LC_0LC1RB	FAIL	fwd:lc=18,part=150,rc=18,s0=54 mir:lc=18,part=0,rc=0,s0=0
1RB1LC_0LA1RB_1LA0RD_0LA1RD	FAIL	fwd:lc=18,part=0,rc=0,s0=0 mir:lc=36,part=0,rc=18,s0=0
1RB1LC_0LA1RB_1RD1LA_0LA0RD	FAIL	fwd:lc=18,part=162,rc=18,s0=46 mir:lc=36,part=0,rc=0,s0=0
1RB1LC_0LA1RB_1RD1LA_0LC0RD	FAIL	fwd:lc=18,part=162,rc=18,s0=45 mir:lc=36,part=0,rc=0,s0=0
1RB1LC_0LA1RC_1LA0RD_0LA1RD	FAIL	fwd:lc=18,part=0,rc=0,s0=0 mir:lc=18,part=0,rc=18,s0=0
1RB1LC_0LA1RC_1LA0RD_0LC1RD	FAIL	fwd:lc=18,part=0,rc=0,s0=0 mir:lc=18,part=0,rc=18,s0=0
1RB1LC_0LA1RC_1RB0LD_0RB1LD	FAIL	fwd:lc=27,part=0,rc=18,s0=0 mir:lc=18,part=0,rc=7,s0=0
1RB1LC_0LA1RC_1RB0LD_0RC1LD	FAIL	fwd:lc=18,part=0,rc=18,s0=0 mir:lc=18,part=0,rc=0,s0=0
1RB1LC_0LA1RD_1LA0LC_0RD0RB	FAIL	fwd:lc=21,part=30,rc=3,s0=0 mir:lc=21,part=0,rc=21,s0=0
1RB1LC_0LA1RD_1LA0LC_0RD1RB	FAIL	fwd:lc=21,part=0,rc=4,s0=0 mir:lc=27,part=0,rc=21,s0=0
1RB1LC_0LB1RC_1LA0RD_0LC1RD	FAIL	fwd:lc=21,part=0,rc=0,s0=0 mir:lc=18,part=0,rc=18,s0=0
1RB1LC_0LC0RB_0RD1LA_0LA1RD	FAIL	fwd:lc=18,part=162,rc=18,s0=7 mir:lc=36,part=0,rc=0,s0=0
1RB1LC_0LC0RB_1LA0RD_1LC1LD	FAIL	fwd:lc=35,part=288,rc=18,s0=55 mir:lc=18,part=0,rc=30,s0=0
1RB1LC_0LC0RB_1LA0RD_1LC1RC	FAIL	fwd:lc=18,part=162,rc=36,s0=79 mir:lc=36,part=0,rc=18,s0=0
1RB1LC_0LC0RB_1LA1LD_0RA---	FAIL	fwd:lc=24,part=198,rc=18,s0=55 mir:lc=18,part=0,rc=24,s0=0
1RB1LC_0LC0RB_1LA1LD_0RD1LC	FAIL	fwd:lc=24,part=198,rc=18,s0=55 mir:lc=21,part=0,rc=24,s0=0
1RB1LC_0LC0RB_1LA1LD_1LA---	FAIL	fwd:lc=24,part=198,rc=18,s0=55 mir:lc=18,part=0,rc=24,s0=0
1RB1LC_0LC0RB_1LA1LD_1RC0LD	FAIL	fwd:lc=31,part=288,rc=18,s0=62 mir:lc=18,part=0,rc=31,s0=0
1RB1LC_0LC0RB_1LA1LD_1RC0RA	FAIL	fwd:lc=24,part=198,rc=18,s0=55 mir:lc=18,part=0,rc=24,s0=0
1RB1LC_0LC0RB_1LA1LD_1RC1LA	FAIL	fwd:lc=24,part=198,rc=18,s0=55 mir:lc=18,part=0,rc=24,s0=0
1RB1LC_0LC0RB_1LA1RD_0LA0RA	FAIL	fwd:lc=30,part=288,rc=18,s0=55 mir:lc=18,part=0,rc=29,s0=0
1RB1LC_0LC0RB_1LA1RD_0LA0RC	FAIL	fwd:lc=18,part=213,rc=36,s0=99 mir:lc=36,part=0,rc=18,s0=0
1RB1LC_0LC0RB_1LA1RD_0LA0RD	FAIL	fwd:lc=18,part=324,rc=36,s0=74 mir:lc=36,part=0,rc=18,s0=0
1RB1LC_0LC0RB_1LA1RD_0LA1LA	FAIL	fwd:lc=32,part=288,rc=18,s0=55 mir:lc=18,part=0,rc=30,s0=0
1RB1LC_0LC0RB_1LA1RD_0RC0RA	FAIL	fwd:lc=30,part=288,rc=19,s0=55 mir:lc=20,part=0,rc=29,s0=0
1RB1LC_0LC0RB_1LA1RD_0RC0RD	FAIL	fwd:lc=18,part=225,rc=52,s0=67 mir:lc=53,part=0,rc=18,s0=0
1RB1LC_0LC0RB_1LA1RD_0RC1LA	FAIL	fwd:lc=32,part=288,rc=19,s0=55 mir:lc=20,part=0,rc=30,s0=0
1RB1LC_0LC0RB_1LA1RD_1LD0RA	FAIL	fwd:lc=31,part=288,rc=18,s0=55 mir:lc=18,part=0,rc=30,s0=0
1RB1LC_0LC0RB_1LA1RD_1LD1LA	FAIL	fwd:lc=33,part=288,rc=18,s0=55 mir:lc=18,part=0,rc=31,s0=0
1RB1LC_0LC0RB_1LA1RD_1RC0RA	FAIL	fwd:lc=30,part=288,rc=19,s0=55 mir:lc=19,part=0,rc=29,s0=0
1RB1LC_0LC0RB_1LA1RD_1RC0RD	FAIL	fwd:lc=18,part=255,rc=42,s0=79 mir:lc=42,part=0,rc=18,s0=0
1RB1LC_0LC0RB_1LA1RD_1RC1LA	FAIL	fwd:lc=32,part=288,rc=19,s0=55 mir:lc=19,part=0,rc=30,s0=0
1RB1LC_0LC0RB_1LD1RC_1LA0RA	FAIL	fwd:lc=39,part=270,rc=18,s0=200 mir:lc=36,part=0,rc=27,s0=0
1RB1LC_0LC0RB_1RD1LA_0LA1RD	FAIL	fwd:lc=18,part=162,rc=18,s0=45 mir:lc=36,part=0,rc=0,s0=0
1RB1LC_0LC0RB_1RD1LA_0LC1RD	FAIL	fwd:lc=18,part=162,rc=18,s0=46 mir:lc=36,part=0,rc=0,s0=0
1RB1LC_0LC1RA_1LB1RD_1LC0RD	FAIL	fwd:lc=18,part=0,rc=18,s0=0 mir:lc=18,part=0,rc=18,s0=0
1RB1LC_0LC1RB_1LA0RD_0LC1RD	FAIL	fwd:lc=18,part=0,rc=0,s0=0 mir:lc=36,part=0,rc=18,s0=0
1RB1LC_0LC1RB_1RD1LA_0LA0RD	FAIL	fwd:lc=18,part=162,rc=18,s0=45 mir:lc=36,part=0,rc=0,s0=0
1RB1LC_0LC1RB_1RD1LA_0LC0RD	FAIL	fwd:lc=18,part=162,rc=18,s0=55 mir:lc=36,part=0,rc=0,s0=0
1RB1LC_0LC1RC_1LA0RD_0LC1RD	FAIL	fwd:lc=18,part=0,rc=0,s0=0 mir:lc=18,part=0,rc=18,s0=0
1RB1LC_0LC1RD_1RB1LC_1LA0RB	FAIL	fwd:lc=18,part=213,rc=25,s0=58 mir:lc=26,part=0,rc=0,s0=0
1RB1LC_0RC1LB_1RD0LB_0LA1RC	FAIL	fwd:lc=18,part=0,rc=18,s0=0 mir:lc=18,part=0,rc=0,s0=0
1RB1LC_0RC1LB_1RD0LB_1LA1RC	FAIL	fwd:lc=18,part=0,rc=18,s0=0 mir:lc=18,part=0,rc=0,s0=0
1RB1LC_0RC1LD_1LB1RC_0LA0LB	FAIL	fwd:lc=26,part=0,rc=0,s0=0 mir:lc=18,part=162,rc=26,s0=57
1RB1LC_0RC1LD_1LB1RC_0RA0LB	FAIL	fwd:lc=28,part=0,rc=0,s0=0 mir:lc=18,part=180,rc=28,s0=53
1RB1LC_0RC1LD_1LB1RC_1RA0LB	FAIL	fwd:lc=26,part=0,rc=0,s0=0 mir:lc=18,part=213,rc=25,s0=58
1RB1LC_0RC1RC_1LA0RD_0LC1RD	FAIL	fwd:lc=18,part=0,rc=0,s0=0 mir:lc=18,part=0,rc=18,s0=0
1RB1LC_1LA---_0RD0LA_1LA1RD	FAIL	fwd:lc=27,part=0,rc=0,s0=0 mir:lc=18,part=180,rc=26,s0=64
1RB1LC_1LA0RC_1LA0RD_0LA1RD	FAIL	fwd:lc=18,part=0,rc=2,s0=0 mir:lc=20,part=0,rc=18,s0=0
1RB1LC_1LA0RD_1RD1LC_0LC1RB	FAIL	fwd:lc=18,part=213,rc=25,s0=58 mir:lc=26,part=0,rc=0,s0=0
1RB1LC_1LA1RB_1LA0RD_0LC1RD	FAIL	fwd:lc=18,part=0,rc=0,s0=0 mir:lc=36,part=0,rc=18,s0=0
1RB1LC_1LA1RC_1LA0RD_0LC1RD	FAIL	fwd:lc=18,part=0,rc=0,s0=0 mir:lc=18,part=0,rc=18,s0=0
1RB1LC_1LA1RC_1RB0LD_0RC1LD	FAIL	fwd:lc=18,part=0,rc=18,s0=0 mir:lc=18,part=0,rc=0,s0=0
1RB1LC_1LA1RD_1RB1LC_0LC0RB	FAIL	fwd:lc=18,part=180,rc=26,s0=64 mir:lc=27,part=0,rc=0,s0=0
1RB1LC_1LB0RA_0RD0LA_1LA1RD	FAIL	fwd:lc=21,part=0,rc=0,s0=0 mir:lc=18,part=150,rc=21,s0=54
1RB1LC_1LB1LC_0RD0LA_1LA1RD	FAIL	fwd:lc=30,part=0,rc=0,s0=0 mir:lc=18,part=180,rc=29,s0=64
1RB1LC_1LB1RA_0LC0LD_0RA0RD	FAIL	fwd:lc=21,part=0,rc=21,s0=0 mir:lc=21,part=0,rc=3,s0=0
1RB1LC_1LB1RC_1LA0RD_0LC1RD	FAIL	fwd:lc=19,part=0,rc=0,s0=0 mir:lc=18,part=0,rc=19,s0=0
1RB1LC_1LC0RB_1LD1RB_0LC1RA	FAIL	fwd:lc=18,part=0,rc=18,s0=0 mir:lc=18,part=0,rc=18,s0=0
1RB1LC_1LC0RD_1LA1LB_0LB1RD	FAIL	fwd:lc=30,part=0,rc=0,s0=0 mir:lc=18,part=0,rc=30,s0=0
1RB1LC_1LC0RD_1LA1LB_0LC1RD	FAIL	fwd:lc=30,part=0,rc=0,s0=0 mir:lc=18,part=0,rc=30,s0=0
1RB1LC_1LC1LA_1RD1LB_0LC0RD	FAIL	fwd:lc=24,part=234,rc=18,s0=55 mir:lc=18,part=0,rc=24,s0=0
1RB1LC_1LC1RA_0LC0LD_0RA0RD	FAIL	fwd:lc=18,part=0,rc=21,s0=0 mir:lc=21,part=0,rc=0,s0=0
1RB1LC_1LC1RA_1RD1LB_0LC0RD	FAIL	fwd:lc=32,part=288,rc=18,s0=55 mir:lc=18,part=0,rc=30,s0=0
1RB1LC_1LC1RB_1LA0RD_0LA1RD	FAIL	fwd:lc=18,part=0,rc=0,s0=0 mir:lc=36,part=0,rc=18,s0=0
1RB1LC_1LC1RC_1LA0RD_0LA1RD	FAIL	fwd:lc=18,part=0,rc=3,s0=0 mir:lc=21,part=0,rc=18,s0=0
1RB1LC_1LC1RC_1LA0RD_0LC1RD	FAIL	fwd:lc=18,part=0,rc=0,s0=0 mir:lc=18,part=0,rc=18,s0=0
1RB1LC_1LC1RD_1LA0LC_0RD0RB	FAIL	fwd:lc=48,part=0,rc=31,s0=0 mir:lc=49,part=0,rc=47,s0=0
1RB1LC_1RC1LB_1LA0RD_0LA1RD	FAIL	fwd:lc=27,part=0,rc=0,s0=0 mir:lc=18,part=0,rc=18,s0=0
1RB1LC_1RC1LB_1LA0RD_0LC1RD	FAIL	fwd:lc=27,part=0,rc=0,s0=0 mir:lc=18,part=0,rc=18,s0=0
1RB1LC_1RC1LB_1LA1RD_0LB0RC	FAIL	fwd:lc=19,part=216,rc=24,s0=74 mir:lc=25,part=0,rc=1,s0=0
1RB1LC_1RC1RB_1LA0RD_0LC1RD	FAIL	fwd:lc=18,part=0,rc=0,s0=0 mir:lc=36,part=0,rc=18,s0=0
1RB1LC_1RC1RC_1LA0RD_0LC1RD	FAIL	fwd:lc=18,part=0,rc=0,s0=0 mir:lc=18,part=0,rc=18,s0=0
1RB1LD_0LB1LC_1LA1RC_0RC0LA	FAIL	fwd:lc=32,part=0,rc=0,s0=0 mir:lc=18,part=174,rc=29,s0=41
1RB1LD_0LB1RC_1LA0RC_0RB0LB	FAIL	fwd:lc=37,part=24,rc=25,s0=0 mir:lc=26,part=0,rc=11,s0=0
1RB1LD_0LC0RD_0LA1RC_1LA0RC	FAIL	fwd:lc=18,part=0,rc=1,s0=0 mir:lc=19,part=0,rc=18,s0=0
1RB1LD_0LC1RB_0LD1RC_1LA0RC	FAIL	fwd:lc=18,part=0,rc=0,s0=0 mir:lc=36,part=0,rc=18,s0=0
1RB1LD_0LC1RD_0LA1RC_1LA0RC	FAIL	fwd:lc=18,part=0,rc=0,s0=0 mir:lc=18,part=0,rc=18,s0=0
1RB1LD_0LC1RD_0LD1RC_1LA0RC	FAIL	fwd:lc=18,part=0,rc=0,s0=0 mir:lc=18,part=0,rc=18,s0=0
1RB1LD_0LC1RD_1RB1LC_1LA0RB	FAIL	fwd:lc=36,part=90,rc=18,s0=34 mir:lc=18,part=0,rc=18,s0=0
1RB1LD_0RC1LB_1LA1RD_1RC0LB	FAIL	fwd:lc=18,part=0,rc=18,s0=0 mir:lc=18,part=0,rc=0,s0=0
1RB1LD_0RC1RB_0LD1RC_1LA0RC	FAIL	fwd:lc=18,part=0,rc=0,s0=0 mir:lc=36,part=0,rc=18,s0=0
1RB1LD_0RC1RD_0LD1RC_1LA0RC	FAIL	fwd:lc=18,part=0,rc=0,s0=0 mir:lc=18,part=0,rc=18,s0=0
1RB1LD_1LB1LC_1LA1RC_0RC0LA	FAIL	fwd:lc=28,part=0,rc=0,s0=0 mir:lc=18,part=180,rc=28,s0=53
1RB1LD_1LB1RC_1LA0RD_0RC0LB	FAIL	fwd:lc=19,part=0,rc=25,s0=0 mir:lc=25,part=0,rc=18,s0=0
1RB1LD_1LB1RC_1LA1RC_0RC0LA	FAIL	fwd:lc=28,part=0,rc=0,s0=0 mir:lc=18,part=216,rc=27,s0=74
1RB1LD_1LC---_1LA1RC_0RC0LA	FAIL	fwd:lc=25,part=0,rc=0,s0=0 mir:lc=18,part=216,rc=24,s0=74
1RB1LD_1LC1LB_0LA1RC_1LA0RC	FAIL	fwd:lc=29,part=0,rc=0,s0=0 mir:lc=18,part=0,rc=23,s0=0
1RB1LD_1LC1RA_0LC0LD_0RA0RB	FAIL	fwd:lc=26,part=0,rc=24,s0=0 mir:lc=25,part=30,rc=8,s0=0
1RB1LD_1LC1RA_0RB0LC_---1RB	FAIL	fwd:lc=18,part=0,rc=30,s0=0 mir:lc=32,part=288,rc=18,s0=55
1RB1LD_1LC1RA_0RB0LC_0LB0LD	FAIL	fwd:lc=46,part=0,rc=18,s0=0 mir:lc=18,part=243,rc=45,s0=77
1RB1LD_1LC1RA_0RB0LC_0LB1RD	FAIL	fwd:lc=18,part=0,rc=24,s0=0 mir:lc=30,part=234,rc=18,s0=55
1RB1LD_1LC1RA_0RB0LC_0RA0LD	FAIL	fwd:lc=36,part=0,rc=18,s0=0 mir:lc=18,part=324,rc=36,s0=74
1RB1LD_1LC1RA_0RB0LC_1RB0RA	FAIL	fwd:lc=18,part=0,rc=30,s0=0 mir:lc=32,part=288,rc=18,s0=55
1RB1LD_1LC1RA_0RB0LC_1RB1RD	FAIL	fwd:lc=18,part=0,rc=24,s0=0 mir:lc=30,part=234,rc=18,s0=55
1RB1LD_1LC1RB_0LA1RC_1LA0RC	FAIL	fwd:lc=18,part=0,rc=0,s0=0 mir:lc=36,part=0,rc=18,s0=0
1RB1LD_1LC1RB_0LD1RC_1LA0RC	FAIL	fwd:lc=18,part=0,rc=0,s0=0 mir:lc=36,part=0,rc=18,s0=0
1RB1LD_1LC1RD_0LA1RC_1LA0RC	FAIL	fwd:lc=18,part=0,rc=0,s0=0 mir:lc=18,part=0,rc=18,s0=0
1RB1LD_1LC1RD_0LD1RC_1LA0RC	FAIL	fwd:lc=18,part=0,rc=0,s0=0 mir:lc=18,part=0,rc=18,s0=0
1RB1LD_1LC1RD_0RB0LC_1RB0LA	FAIL	fwd:lc=36,part=0,rc=18,s0=0 mir:lc=18,part=192,rc=36,s0=90
1RB1LD_1RC---_1LA1RC_0RC0LA	FAIL	fwd:lc=25,part=0,rc=0,s0=0 mir:lc=18,part=216,rc=24,s0=74
1RB1LD_1RC0RB_1LA0RB_0LD1LB	FAIL	fwd:lc=18,part=0,rc=73,s0=0 mir:lc=78,part=0,rc=0,s0=0
1RB1LD_1RC0RB_1LA0RC_0LD0LA	FAIL	fwd:lc=65,part=123,rc=56,s0=12 mir:lc=56,part=0,rc=47,s0=0
1RB1LD_1RC0RC_1LA0LA_0RA0LD	FAIL	fwd:lc=18,part=0,rc=12,s0=0 mir:lc=12,part=0,rc=18,s0=0
1RB1LD_1RC1LB_0LA1RC_1LA0RC	FAIL	fwd:lc=24,part=0,rc=0,s0=0 mir:lc=18,part=0,rc=18,s0=0
1RB1LD_1RC1LB_0LB1RD_1LA0RC	FAIL	fwd:lc=36,part=90,rc=18,s0=34 mir:lc=18,part=0,rc=18,s0=0
1RB1LD_1RC1LB_0LD1RC_1LA0RC	FAIL	fwd:lc=24,part=0,rc=0,s0=0 mir:lc=18,part=0,rc=18,s0=0
1RB1LD_1RC1LB_1LA1RD_0LB0RC	FAIL	fwd:lc=18,part=216,rc=24,s0=74 mir:lc=25,part=0,rc=0,s0=0
1RB1LD_1RC1RB_0LA1RC_1LA0RC	FAIL	fwd:lc=18,part=0,rc=0,s0=0 mir:lc=36,part=0,rc=18,s0=0
1RB1LD_1RC1RB_0LD1RC_1LA0RC	FAIL	fwd:lc=18,part=0,rc=0,s0=0 mir:lc=36,part=0,rc=18,s0=0
1RB1LD_1RC1RB_1LC1LA_0RC0RD	FAIL	fwd:lc=18,part=0,rc=23,s0=0 mir:lc=41,part=0,rc=18,s0=0
1RB1LD_1RC1RD_0LA1RC_1LA0RC	FAIL	fwd:lc=18,part=0,rc=0,s0=0 mir:lc=18,part=0,rc=18,s0=0
1RB1LD_1RC1RD_0LD1RC_1LA0RC	FAIL	fwd:lc=18,part=0,rc=0,s0=0 mir:lc=18,part=0,rc=18,s0=0
1RB1RA_0LC1RB_1LD0RB_0RA1LC	FAIL	fwd:lc=18,part=0,rc=0,s0=0 mir:lc=36,part=0,rc=18,s0=0
1RB1RA_0LC1RB_1LD0RB_1RA1LC	FAIL	fwd:lc=18,part=0,rc=0,s0=0 mir:lc=36,part=0,rc=18,s0=0
1RB1RA_0LC1RB_1RA1LD_1LC0RB	FAIL	fwd:lc=18,part=0,rc=0,s0=0 mir:lc=36,part=0,rc=18,s0=0
1RB1RA_0RC0RB_0RD1RA_1LD1LB	FAIL	fwd:lc=18,part=0,rc=21,s0=0 mir:lc=39,part=0,rc=18,s0=0
1RB1RA_0RC0RB_1LC1LD_0RA0LA	FAIL	fwd:lc=18,part=0,rc=31,s0=0 mir:lc=49,part=0,rc=18,s0=0
1RB1RA_0RC1LA_1LC1LD_0RB0RD	FAIL	fwd:lc=18,part=0,rc=25,s0=0 mir:lc=43,part=0,rc=18,s0=0
1RB1RA_0RC1LB_1LA1RD_1RC0LB	FAIL	fwd:lc=18,part=0,rc=19,s0=0 mir:lc=25,part=0,rc=0,s0=0
1RB1RA_1LC0LD_0RA0LC_0RA1LD	FAIL	fwd:lc=36,part=0,rc=0,s0=0 mir:lc=18,part=108,rc=18,s0=7
1RB1RA_1LC0LD_0RB0LC_0RA1LD	FAIL	fwd:lc=36,part=0,rc=0,s0=0 mir:lc=18,part=0,rc=18,s0=0
1RB1RA_1LC0RD_0RA1LB_0LB1RD	FAIL	fwd:lc=18,part=0,rc=0,s0=0 mir:lc=36,part=0,rc=18,s0=0
1RB1RA_1LC0RD_1LA1LB_0LB1RD	FAIL	fwd:lc=18,part=0,rc=1,s0=0 mir:lc=37,part=0,rc=18,s0=0
1RB1RA_1LC0RD_1RA1LB_0LB1RD	FAIL	fwd:lc=18,part=0,rc=0,s0=0 mir:lc=36,part=0,rc=18,s0=0
1RB1RA_1LC1RB_0RB1LD_0RA0LC	FAIL	fwd:lc=18,part=0,rc=0,s0=0 mir:lc=21,part=130,rc=18,s0=48
1RB1RA_1LC1RB_0RB1LD_1RA0LC	FAIL	fwd:lc=23,part=0,rc=0,s0=0 mir:lc=23,part=200,rc=23,s0=48
1RB1RA_1LC1RD_0RB0LC_1RB1LA	FAIL	fwd:lc=18,part=0,rc=24,s0=0 mir:lc=30,part=234,rc=18,s0=55
1RB1RA_1RC0LA_1LD1RB_0RB0LD	FAIL	fwd:lc=18,part=0,rc=30,s0=0 mir:lc=35,part=288,rc=18,s0=55
1RB1RA_1RC1LB_0LB1RD_1LA0RC	FAIL	fwd:lc=18,part=135,rc=22,s0=61 mir:lc=25,part=0,rc=0,s0=0
1RB1RB_0LC1RD_1LB1LA_1LC0RD	FAIL	fwd:lc=18,part=0,rc=18,s0=0 mir:lc=18,part=0,rc=18,s0=0
1RB1RB_0RC0LD_1LD1RC_0LA1LB	FAIL	fwd:lc=18,part=0,rc=0,s0=0 mir:lc=18,part=180,rc=18,s0=0
1RB1RB_0RC1LD_1LB1RC_0LA0LB	FAIL	fwd:lc=18,part=0,rc=0,s0=0 mir:lc=18,part=180,rc=18,s0=0
1RB1RB_1LA1RC_0LD0RB_1RB1LD	FAIL	fwd:lc=18,part=180,rc=26,s0=64 mir:lc=27,part=0,rc=0,s0=0
1RB1RB_1LC0RA_1RD1LB_0LC0RD	FAIL	fwd:lc=18,part=162,rc=36,s0=76 mir:lc=36,part=0,rc=18,s0=0
1RB1RB_1LC0RB_0LC1RD_0RB1LA	FAIL	fwd:lc=18,part=0,rc=18,s0=0 mir:lc=18,part=0,rc=0,s0=0
1RB1RB_1LC0RD_0RA1LB_0LB1RD	FAIL	fwd:lc=18,part=0,rc=0,s0=0 mir:lc=18,part=0,rc=18,s0=0
1RB1RB_1LC0RD_0RA1LB_0LC1RD	FAIL	fwd:lc=18,part=0,rc=7,s0=0 mir:lc=27,part=0,rc=18,s0=0
1RB1RB_1LC0RD_1RA1LB_0LB1RD	FAIL	fwd:lc=18,part=0,rc=0,s0=0 mir:lc=18,part=0,rc=18,s0=0
1RB1RB_1LC1RB_0RB1LD_1RA0LC	FAIL	fwd:lc=26,part=0,rc=0,s0=0 mir:lc=18,part=213,rc=25,s0=58
1RB1RB_1LC1RD_0LB1LA_1LB0RD	FAIL	fwd:lc=18,part=0,rc=18,s0=0 mir:lc=18,part=0,rc=18,s0=0
1RB1RB_1LC1RD_0RB0LC_1RB1LA	FAIL	fwd:lc=18,part=0,rc=30,s0=0 mir:lc=32,part=288,rc=18,s0=55
1RB1RB_1RC1LB_0LB1RD_1LA0RC	FAIL	fwd:lc=18,part=213,rc=25,s0=58 mir:lc=26,part=0,rc=0,s0=0
1RB1RB_1RC1LB_1LA1RD_0LB0RC	FAIL	fwd:lc=18,part=216,rc=24,s0=74 mir:lc=25,part=0,rc=0,s0=0
1RB1RC_0LA0LC_0RD1LB_1LC1RD	FAIL	fwd:lc=18,part=0,rc=0,s0=0 mir:lc=18,part=180,rc=18,s0=0
1RB1RC_0LA0RB_0LD0RC_1LD1LA	FAIL	fwd:lc=18,part=0,rc=36,s0=0 mir:lc=36,part=0,rc=18,s0=0
1RB1RC_0LA1LC_0RD0LB_1LB1RD	FAIL	fwd:lc=18,part=0,rc=0,s0=0 mir:lc=18,part=180,rc=18,s0=0
1RB1RC_0LB1LC_0LD0RA_1RA1LD	FAIL	fwd:lc=21,part=153,rc=25,s0=0 mir:lc=25,part=0,rc=0,s0=0
1RB1RC_0LC1LA_1LB1RD_1LC0RD	FAIL	fwd:lc=18,part=0,rc=18,s0=0 mir:lc=18,part=0,rc=18,s0=0
1RB1RC_0LC1RB_1LD0RB_0RA1LC	FAIL	fwd:lc=18,part=0,rc=0,s0=0 mir:lc=18,part=0,rc=18,s0=0
1RB1RC_0LC1RB_1LD0RB_1RA1LC	FAIL	fwd:lc=18,part=0,rc=0,s0=0 mir:lc=18,part=0,rc=18,s0=0
1RB1RC_0LC1RD_1RB1LC_0LA0RB	FAIL	fwd:lc=18,part=162,rc=24,s0=53 mir:lc=24,part=0,rc=0,s0=0
1RB1RC_0LC1RD_1RB1LC_1LA0RB	FAIL	fwd:lc=18,part=213,rc=25,s0=58 mir:lc=26,part=0,rc=0,s0=0
1RB1RC_0RC0LD_1LD1RC_0RA1LB	FAIL	fwd:lc=18,part=0,rc=0,s0=0 mir:lc=18,part=120,rc=18,s0=0
1RB1RC_0RC1LA_1LD0RB_0LD1RC	FAIL	fwd:lc=18,part=0,rc=22,s0=0 mir:lc=24,part=0,rc=0,s0=0
1RB1RC_0RC1LD_1LB1RC_0RA0LB	FAIL	fwd:lc=18,part=0,rc=0,s0=0 mir:lc=18,part=150,rc=18,s0=0
1RB1RC_0RC1LD_1LB1RC_1RA0LB	FAIL	fwd:lc=26,part=0,rc=0,s0=0 mir:lc=18,part=213,rc=25,s0=58
1RB1RC_1LA0LB_1LD0RD_1LB0RC	FAIL	fwd:lc=33,part=0,rc=18,s0=0 mir:lc=18,part=90,rc=18,s0=0
1RB1RC_1LA0RD_1RD1LC_0LC1RB	FAIL	fwd:lc=18,part=213,rc=25,s0=58 mir:lc=26,part=0,rc=0,s0=0
1RB1RC_1LA1LD_0RB0RC_1LB0LB	FAIL	fwd:lc=33,part=18,rc=18,s0=0 mir:lc=18,part=57,rc=33,s0=0
1RB1RC_1LA1RA_0RC1LD_1LB0LD	FAIL	fwd:lc=24,part=0,rc=3,s0=0 mir:lc=21,part=0,rc=24,s0=0
1RB1RC_1LA1RC_0LD0RB_1RB1LD	FAIL	fwd:lc=18,part=180,rc=25,s0=64 mir:lc=26,part=0,rc=0,s0=0
1RB1RC_1LA1RD_1RB1LC_0LC0RB	FAIL	fwd:lc=18,part=180,rc=26,s0=64 mir:lc=27,part=0,rc=0,s0=0
1RB1RC_1LB0RA_0LC1RD_1LC0RD	FAIL	fwd:lc=19,part=0,rc=18,s0=0 mir:lc=18,part=0,rc=1,s0=0
1RB1RC_1LB0RA_1LD0RC_0LD1RC	FAIL	fwd:lc=19,part=0,rc=18,s0=0 mir:lc=18,part=0,rc=1,s0=0
1RB1RC_1LB1LA_0LC1RD_1LC0RD	FAIL	fwd:lc=19,part=0,rc=18,s0=0 mir:lc=18,part=0,rc=1,s0=0
1RB1RC_1LB1LA_0RC1LD_1RC0LD	FAIL	fwd:lc=19,part=0,rc=0,s0=0 mir:lc=18,part=0,rc=19,s0=0
1RB1RC_1LB1LA_1LD0RC_0LD1RC	FAIL	fwd:lc=19,part=0,rc=18,s0=0 mir:lc=18,part=0,rc=1,s0=0
1RB1RC_1LB1LA_1RA0LD_0RA1LD	FAIL	fwd:lc=19,part=0,rc=18,s0=0 mir:lc=18,part=0,rc=1,s0=0
1RB1RC_1LB1LA_1RA0LD_0RC1LD	FAIL	fwd:lc=19,part=0,rc=18,s0=0 mir:lc=18,part=0,rc=1,s0=0
1RB1RC_1LB1LA_1RD0LC_0RD1LC	FAIL	fwd:lc=19,part=0,rc=0,s0=0 mir:lc=18,part=0,rc=19,s0=0
1RB1RC_1LB1LC_1RA0LD_0RA1LD	FAIL	fwd:lc=19,part=0,rc=18,s0=0 mir:lc=18,part=0,rc=1,s0=0
1RB1RC_1LB1LC_1RA0LD_0RC1LD	FAIL	fwd:lc=19,part=0,rc=18,s0=0 mir:lc=18,part=0,rc=1,s0=0
1RB1RC_1LB1RA_0LC1RD_1LC0RD	FAIL	fwd:lc=19,part=0,rc=18,s0=0 mir:lc=18,part=0,rc=1,s0=0
1RB1RC_1LB1RA_1LD0RC_0LD1RC	FAIL	fwd:lc=19,part=0,rc=18,s0=0 mir:lc=18,part=0,rc=1,s0=0
1RB1RC_1LC0LA_1RA0LD_0RA1LD	FAIL	fwd:lc=18,part=0,rc=29,s0=0 mir:lc=29,part=0,rc=0,s0=0
1RB1RC_1LC0LA_1RA0LD_0RC1LD	FAIL	fwd:lc=18,part=0,rc=29,s0=0 mir:lc=29,part=0,rc=0,s0=0
1RB1RC_1LC0LD_1RA0LD_0RA1LD	FAIL	fwd:lc=18,part=0,rc=18,s0=0 mir:lc=18,part=0,rc=0,s0=0
1RB1RC_1LC0LD_1RA0LD_0RC1LD	FAIL	fwd:lc=18,part=0,rc=18,s0=0 mir:lc=18,part=0,rc=0,s0=0
1RB1RC_1LC0RB_0LC1RD_0RB0LA	FAIL	fwd:lc=18,part=0,rc=18,s0=0 mir:lc=18,part=0,rc=0,s0=0
1RB1RC_1LC0RB_0LC1RD_0RB1LA	FAIL	fwd:lc=18,part=0,rc=18,s0=0 mir:lc=19,part=0,rc=0,s0=0
1RB1RC_1LC0RB_1RA0LD_0RA1LD	FAIL	fwd:lc=18,part=0,rc=34,s0=0 mir:lc=34,part=0,rc=0,s0=0
1RB1RC_1LC0RB_1RA0LD_0RC1LD	FAIL	fwd:lc=18,part=0,rc=34,s0=0 mir:lc=34,part=0,rc=0,s0=0
1RB1RC_1LC0RD_0LC1RD_0RB0LA	FAIL	fwd:lc=18,part=0,rc=18,s0=0 mir:lc=18,part=0,rc=0,s0=0
1RB1RC_1LC0RD_0LC1RD_0RB1LA	FAIL	fwd:lc=18,part=0,rc=18,s0=0 mir:lc=19,part=0,rc=0,s0=0
1RB1RC_1LC0RD_1LA1LB_0LB1RD	FAIL	fwd:lc=18,part=0,rc=0,s0=0 mir:lc=18,part=0,rc=18,s0=0
1RB1RC_1LC0RD_1LA1LB_0LC1RD	FAIL	fwd:lc=18,part=0,rc=0,s0=0 mir:lc=18,part=0,rc=18,s0=0
1RB1RC_1LC1LA_0LB1RD_1LB0RD	FAIL	fwd:lc=18,part=0,rc=18,s0=0 mir:lc=18,part=0,rc=18,s0=0
1RB1RC_1LC1LA_1RA0LD_0RA1LD	FAIL	fwd:lc=18,part=0,rc=18,s0=0 mir:lc=18,part=0,rc=0,s0=0
1RB1RC_1LC1LA_1RA0LD_0RC1LD	FAIL	fwd:lc=18,part=0,rc=18,s0=0 mir:lc=18,part=0,rc=0,s0=0
1RB1RC_1LC1LB_1RA0LD_0RC1LD	FAIL	fwd:lc=37,part=0,rc=18,s0=0 mir:lc=18,part=0,rc=1,s0=0
1RB1RC_1LC1LD_1RA0LD_0RA1LD	FAIL	fwd:lc=18,part=0,rc=18,s0=0 mir:lc=18,part=0,rc=0,s0=0
1RB1RC_1LC1LD_1RA0LD_0RC1LD	FAIL	fwd:lc=18,part=0,rc=18,s0=0 mir:lc=18,part=0,rc=0,s0=0
1RB1RC_1LC1RA_1RA0LD_0RA1LD	FAIL	fwd:lc=18,part=0,rc=30,s0=0 mir:lc=30,part=0,rc=0,s0=0
1RB1RC_1LC1RA_1RA0LD_0RC1LD	FAIL	fwd:lc=18,part=0,rc=30,s0=0 mir:lc=30,part=0,rc=0,s0=0
1RB1RC_1LC1RB_1RA0LD_0RA1LD	FAIL	fwd:lc=18,part=0,rc=18,s0=0 mir:lc=21,part=0,rc=0,s0=0
1RB1RC_1LC1RB_1RA0LD_0RC1LD	FAIL	fwd:lc=18,part=0,rc=18,s0=0 mir:lc=21,part=0,rc=0,s0=0
1RB1RC_1LC1RC_1RA0LD_0RA1LD	FAIL	fwd:lc=18,part=0,rc=33,s0=0 mir:lc=33,part=0,rc=0,s0=0
1RB1RC_1LC1RC_1RA0LD_0RC1LD	FAIL	fwd:lc=18,part=0,rc=33,s0=0 mir:lc=33,part=0,rc=0,s0=0
1RB1RC_1LC1RD_1RA1LD_0RD0LB	FAIL	fwd:lc=49,part=14,rc=18,s0=0 mir:lc=36,part=36,rc=43,s0=21
1RB1RC_1RC1LA_1LD1RB_0RB0LD	FAIL	fwd:lc=18,part=0,rc=30,s0=0 mir:lc=32,part=288,rc=18,s0=55
1RB1RC_1RC1LB_1LA1RD_0LB0RC	FAIL	fwd:lc=18,part=216,rc=24,s0=74 mir:lc=25,part=0,rc=0,s0=0
1RB1RD_0LB0LC_1RA1LC_0LC0RA	FAIL	fwd:lc=21,part=153,rc=18,s0=55 mir:lc=18,part=0,rc=0,s0=0
1RB1RD_0LB1LC_1RA1LC_0LC0RA	FAIL	fwd:lc=21,part=162,rc=18,s0=82 mir:lc=18,part=0,rc=0,s0=0
1RB1RD_0LC---_1RA1LC_0LC0RA	FAIL	fwd:lc=18,part=153,rc=18,s0=76 mir:lc=18,part=0,rc=0,s0=0
1RB1RD_0LC1RB_0RA1LD_1LC0RB	FAIL	fwd:lc=18,part=0,rc=2,s0=0 mir:lc=21,part=0,rc=18,s0=0
1RB1RD_0LC1RB_1RA1LD_1LC0RB	FAIL	fwd:lc=18,part=0,rc=0,s0=0 mir:lc=18,part=0,rc=18,s0=0
1RB1RD_0LC1RD_1LB1LA_1LC0RD	FAIL	fwd:lc=18,part=0,rc=18,s0=0 mir:lc=18,part=0,rc=18,s0=0
1RB1RD_0RC1LA_1LD0RB_0LD1RC	FAIL	fwd:lc=18,part=0,rc=25,s0=0 mir:lc=27,part=0,rc=0,s0=0
1RB1RD_0RC1LD_1LB1RC_1RA0LB	FAIL	fwd:lc=18,part=0,rc=18,s0=0 mir:lc=36,part=90,rc=18,s0=34
1RB1RD_1LB0LC_0RA1LC_1RA0LC	FAIL	fwd:lc=19,part=0,rc=18,s0=0 mir:lc=18,part=0,rc=1,s0=0
1RB1RD_1LB0LC_0RD1LC_1RA0LC	FAIL	fwd:lc=19,part=0,rc=18,s0=0 mir:lc=18,part=0,rc=1,s0=0
1RB1RD_1LB0LC_1RA1LC_0LC0RA	FAIL	fwd:lc=19,part=153,rc=18,s0=76 mir:lc=18,part=0,rc=1,s0=0
1RB1RD_1LB1LC_0RA1LC_1RA0LC	FAIL	fwd:lc=19,part=0,rc=18,s0=0 mir:lc=18,part=0,rc=1,s0=0
1RB1RD_1LB1LC_0RD1LC_1RA0LC	FAIL	fwd:lc=19,part=0,rc=18,s0=0 mir:lc=18,part=0,rc=1,s0=0
1RB1RD_1LB1RC_0RA1LC_1RA0LC	FAIL	fwd:lc=19,part=0,rc=18,s0=0 mir:lc=18,part=0,rc=1,s0=0
1RB1RD_1LB1RC_0RD1LC_1RA0LC	FAIL	fwd:lc=19,part=0,rc=18,s0=0 mir:lc=18,part=0,rc=1,s0=0
1RB1RD_1LC---_0RA1LC_1RA0LC	FAIL	fwd:lc=18,part=0,rc=18,s0=0 mir:lc=18,part=0,rc=0,s0=0
1RB1RD_1LC---_0RD1LC_1RA0LC	FAIL	fwd:lc=18,part=0,rc=18,s0=0 mir:lc=18,part=0,rc=0,s0=0
1RB1RD_1LC0LB_1RA0LB_0RD1RB	FAIL	fwd:lc=75,part=0,rc=0,s0=0 mir:lc=18,part=0,rc=70,s0=0
1RB1RD_1LC0LC_1RA0LB_0RD0LA	FAIL	fwd:lc=55,part=0,rc=0,s0=0 mir:lc=18,part=0,rc=51,s0=0
1RB1RD_1LC0RB_0LC1RD_0RB0LA	FAIL	fwd:lc=18,part=0,rc=18,s0=0 mir:lc=18,part=0,rc=0,s0=0
1RB1RD_1LC0RD_0LB1RA_1LB0RB	FAIL	fwd:lc=24,part=20,rc=18,s0=0 mir:lc=18,part=30,rc=24,s0=0
1RB1RD_1LC0RD_0LC1RD_0RB0LA	FAIL	fwd:lc=18,part=0,rc=18,s0=0 mir:lc=18,part=0,rc=0,s0=0
1RB1RD_1LC0RD_1LA1LB_0LB1RD	FAIL	fwd:lc=18,part=0,rc=0,s0=0 mir:lc=18,part=0,rc=18,s0=0
1RB1RD_1LC0RD_1LA1LB_0LC1RD	FAIL	fwd:lc=18,part=0,rc=0,s0=0 mir:lc=18,part=0,rc=18,s0=0
1RB1RD_1LC1RA_0RB0LC_0LB---	FAIL	fwd:lc=18,part=0,rc=24,s0=0 mir:lc=24,part=234,rc=18,s0=55
1RB1RD_1LC1RA_0RB0LC_0LD1RA	FAIL	fwd:lc=21,part=0,rc=24,s0=0 mir:lc=24,part=234,rc=18,s0=55
1RB1RD_1LC1RA_0RB0LC_1LA0LB	FAIL	fwd:lc=18,part=0,rc=24,s0=0 mir:lc=24,part=234,rc=18,s0=55
1RB1RD_1LC1RA_0RB0LC_1LA0RD	FAIL	fwd:lc=18,part=0,rc=31,s0=0 mir:lc=31,part=252,rc=18,s0=62
1RB1RD_1LC1RA_0RB0LC_1LA1RB	FAIL	fwd:lc=18,part=0,rc=24,s0=0 mir:lc=24,part=234,rc=18,s0=55
1RB1RD_1LC1RA_0RB0LC_1RB---	FAIL	fwd:lc=18,part=0,rc=24,s0=0 mir:lc=24,part=234,rc=18,s0=55
1RB1RD_1LC1RB_0RB1LD_1RA0LC	FAIL	fwd:lc=18,part=0,rc=18,s0=0 mir:lc=36,part=90,rc=18,s0=34
1RB1RD_1LC1RD_0LB1LA_1LB0RD	FAIL	fwd:lc=18,part=0,rc=18,s0=0 mir:lc=18,part=0,rc=18,s0=0
1RB1RD_1RC0LD_1LB0RA_1LC0LC	FAIL	fwd:lc=42,part=0,rc=55,s0=0 mir:lc=67,part=49,rc=38,s0=0
1RB1RD_1RC1LB_0LA1RD_0LB0RC	FAIL	fwd:lc=18,part=132,rc=22,s0=64 mir:lc=22,part=0,rc=0,s0=0
1RB1RD_1RC1LB_1LA1RD_0LB0RC	FAIL	fwd:lc=18,part=216,rc=24,s0=74 mir:lc=25,part=0,rc=0,s0=0
1RB1RD_1RC1LD_0LB0RC_1LB0RA	FAIL	fwd:lc=18,part=174,rc=36,s0=80 mir:lc=36,part=0,rc=18,s0=0
