machine	theorem	file	n	t	contexts
1RB0LA_0RC0RD_1LC1RD_1RB1LA	nqh_1RB0LA_0RC0RD_1LC1RD_1RB1LA	theories/Machines/Bulk/Bulk_R01.v	2	0	75
1RB0LA_0RC1LA_1RD1RB_1LB1RB	nqh_1RB0LA_0RC1LA_1RD1RB_1LB1RB	theories/Machines/Bulk/Bulk_R01.v	2	0	64
1RB0LA_0RC1LD_1LA0RA_0LB1LB	nqh_1RB0LA_0RC1LD_1LA0RA_0LB1LB	theories/Machines/Bulk/Bulk_R01.v	2	0	57
1RB0LA_0RC1RB_0RD1RC_1LD1LA	nqh_1RB0LA_0RC1RB_0RD1RC_1LD1LA	theories/Machines/Bulk/Bulk_R01.v	3	0	183
1RB0LA_1LC1RD_1RA1LA_0RB0RD	nqh_1RB0LA_1LC1RD_1RA1LA_0RB0RD	theories/Machines/Bulk/Bulk_R01.v	2	0	98
1RB0LA_1RC1RB_0LD0RB_0RA1LD	nqh_1RB0LA_1RC1RB_0LD0RB_0RA1LD	theories/Machines/Bulk/Bulk_R01.v	2	0	55
1RB0LB_0LC0LD_1RA1LB_1LA0RC	nqh_1RB0LB_0LC0LD_1RA1LB_1LA0RC	theories/Machines/Bulk/Bulk_R01.v	2	0	71
1RB0LB_0LC0RA_1LA0RD_1RC0RC	nqh_1RB0LB_0LC0RA_1LA0RD_1RC0RC	theories/Machines/Bulk/Bulk_R01.v	2	0	70
1RB0LB_0LC1LB_0RD1LA_1LC1RD	nqh_1RB0LB_0LC1LB_0RD1LA_1LC1RD	theories/Machines/Bulk/Bulk_R01.v	2	0	56
1RB0LB_0RC1LD_1LD0RA_0LA0LD	nqh_1RB0LB_0RC1LD_1LD0RA_0LA0LD	theories/Machines/Bulk/Bulk_R01.v	2	0	81
1RB0LB_0RC1RB_1LD1RC_1LA1LD	nqh_1RB0LB_0RC1RB_1LD1RC_1LA1LD	theories/Machines/Bulk/Bulk_R01.v	2	0	58
1RB0LB_1LC0RB_0LA1RD_0RC1RC	nqh_1RB0LB_1LC0RB_0LA1RD_0RC1RC	theories/Machines/Bulk/Bulk_R01.v	2	0	59
1RB0LB_1LC1LA_1RD1RC_0LA1LD	nqh_1RB0LB_1LC1LA_1RD1RC_0LA1LD	theories/Machines/Bulk/Bulk_R01.v	2	0	51
1RB0LB_1LC1LB_0RD1LA_1LC1RD	nqh_1RB0LB_1LC1LB_0RD1LA_1LC1RD	theories/Machines/Bulk/Bulk_R01.v	2	0	47
1RB0LB_1LC1LB_1RC0RD_1LA1RD	nqh_1RB0LB_1LC1LB_1RC0RD_1LA1RD	theories/Machines/Bulk/Bulk_R01.v	2	0	87
1RB0LB_1RC0RB_0LD0RB_0LA1LD	nqh_1RB0LB_1RC0RB_0LD0RB_0LA1LD	theories/Machines/Bulk/Bulk_R01.v	2	0	74
1RB0LB_1RC1LB_0RD1RC_1LD0LA	nqh_1RB0LB_1RC1LB_0RD1RC_1LD0LA	theories/Machines/Bulk/Bulk_R01.v	2	0	58
1RB0LB_1RC1LB_1LD1RC_---1LA	nqh_1RB0LB_1RC1LB_1LD1RC_XXX1LA	theories/Machines/Bulk/Bulk_R01.v	2	0	38
1RB0LC_0RC0RB_1LD0RD_0LA1RB	nqh_1RB0LC_0RC0RB_1LD0RD_0LA1RB	theories/Machines/Bulk/Bulk_R01.v	2	0	81
1RB0LC_0RC1RC_1LA0RD_1RC1RB	nqh_1RB0LC_0RC1RC_1LA0RD_1RC1RB	theories/Machines/Bulk/Bulk_R01.v	3	0	65
1RB0LC_1LA1RB_1LD1LC_1RD0RB	nqh_1RB0LC_1LA1RB_1LD1LC_1RD0RB	theories/Machines/Bulk/Bulk_R01.v	2	0	85
1RB0LC_1LC0RA_0RD1LD_1LA0LA	nqh_1RB0LC_1LC0RA_0RD1LD_1LA0LA	theories/Machines/Bulk/Bulk_R01.v	2	0	80
1RB0LC_1LC0RA_1LA1LB_------	nqh_1RB0LC_1LC0RA_1LA1LB_XXXXXX	theories/Machines/Bulk/Bulk_R01.v	2	0	67
1RB0LC_1LC1LB_0RD1RC_1LA1RA	nqh_1RB0LC_1LC1LB_0RD1RC_1LA1RA	theories/Machines/Bulk/Bulk_R01.v	2	0	47
1RB0LC_1LC1RA_1LA1RD_0RC0RB	nqh_1RB0LC_1LC1RA_1LA1RD_0RC0RB	theories/Machines/Bulk/Bulk_R01.v	2	0	85
1RB0LC_1RC0RB_1LA1LD_0LA0RD	nqh_1RB0LC_1RC0RB_1LA1LD_0LA0RD	theories/Machines/Bulk/Bulk_R01.v	3	0	256
1RB0LC_1RC1RA_1LA0RB_------	nqh_1RB0LC_1RC1RA_1LA0RB_XXXXXX	theories/Machines/Bulk/Bulk_R01.v	2	0	69
1RB0LC_1RC1RA_1LD0RB_0LA1LD	nqh_1RB0LC_1RC1RA_1LD0RB_0LA1LD	theories/Machines/Bulk/Bulk_R01.v	2	0	83
1RB0LD_0LC0RB_1RA1LC_0LB1LA	nqh_1RB0LD_0LC0RB_1RA1LC_0LB1LA	theories/Machines/Bulk/Bulk_R01.v	2	0	91
1RB0LD_0LC1RC_1RD0RD_1LA0RB	nqh_1RB0LD_0LC1RC_1RD0RD_1LA0RB	theories/Machines/Bulk/Bulk_R01.v	2	0	85
1RB0LD_0RC1RA_0LD1RB_1LA1RB	nqh_1RB0LD_0RC1RA_0LD1RB_1LA1RB	theories/Machines/Bulk/Bulk_R01.v	2	0	36
1RB0LD_0RC1RA_0LD1RC_1LA1RB	nqh_1RB0LD_0RC1RA_0LD1RC_1LA1RB	theories/Machines/Bulk/Bulk_R01.v	2	0	41
1RB0LD_0RC1RB_1LC0LA_1RB1LD	nqh_1RB0LD_0RC1RB_1LC0LA_1RB1LD	theories/Machines/Bulk/Bulk_R01.v	3	0	113
1RB0LD_0RC1RB_1LD0RA_1LA1LC	nqh_1RB0LD_0RC1RB_1LD0RA_1LA1LC	theories/Machines/Bulk/Bulk_R01.v	2	0	80
1RB0LD_1LC0RA_0LA1LA_1LA1LC	nqh_1RB0LD_1LC0RA_0LA1LA_1LA1LC	theories/Machines/Bulk/Bulk_R01.v	3	0	74
1RB0LD_1LC0RC_0RA0LB_1LA0LA	nqh_1RB0LD_1LC0RC_0RA0LB_1LA0LA	theories/Machines/Bulk/Bulk_R01.v	2	0	69
1RB0LD_1LC0RC_0RD0RA_1LB1RC	nqh_1RB0LD_1LC0RC_0RD0RA_1LB1RC	theories/Machines/Bulk/Bulk_R01.v	2	0	69
1RB0LD_1LC1RB_---1LA_1RB1LD	nqh_1RB0LD_1LC1RB_XXX1LA_1RB1LD	theories/Machines/Bulk/Bulk_R01.v	2	0	39
1RB0LD_1LC1RB_0LA1LA_0RC1LD	nqh_1RB0LD_1LC1RB_0LA1LA_0RC1LD	theories/Machines/Bulk/Bulk_R01.v	2	0	45
1RB0LD_1LC1RB_0RA1LA_0LC1LD	nqh_1RB0LD_1LC1RB_0RA1LA_0LC1LD	theories/Machines/Bulk/Bulk_R01.v	2	0	43
1RB0LD_1LC1RB_0RB1LA_0LC1LD	nqh_1RB0LD_1LC1RB_0RB1LA_0LC1LD	theories/Machines/Bulk/Bulk_R01.v	2	0	51
1RB0LD_1LC1RB_0RB1LA_0RC1LD	nqh_1RB0LD_1LC1RB_0RB1LA_0RC1LD	theories/Machines/Bulk/Bulk_R01.v	2	0	48
1RB0LD_1LC1RB_0RB1LA_1LC1LD	nqh_1RB0LD_1LC1RB_0RB1LA_1LC1LD	theories/Machines/Bulk/Bulk_R01.v	2	0	45
1RB0LD_1LC1RB_0RC1LA_0LC1LD	nqh_1RB0LD_1LC1RB_0RC1LA_0LC1LD	theories/Machines/Bulk/Bulk_R01.v	3	0	77
1RB0LD_1LC1RB_0RC1LA_0RC1LD	nqh_1RB0LD_1LC1RB_0RC1LA_0RC1LD	theories/Machines/Bulk/Bulk_R01.v	2	0	42
1RB0LD_1LC1RB_0RD1LA_0RC1LD	nqh_1RB0LD_1LC1RB_0RD1LA_0RC1LD	theories/Machines/Bulk/Bulk_R01.v	2	0	43
1RB0LD_1LC1RB_1LA1LA_0RC1LD	nqh_1RB0LD_1LC1RB_1LA1LA_0RC1LD	theories/Machines/Bulk/Bulk_R01.v	2	0	42
1RB0LD_1LC1RB_1LD1LA_0RC1LD	nqh_1RB0LD_1LC1RB_1LD1LA_0RC1LD	theories/Machines/Bulk/Bulk_R01.v	2	0	42
1RB0LD_1LC1RB_1RB1LA_0RC1LD	nqh_1RB0LD_1LC1RB_1RB1LA_0RC1LD	theories/Machines/Bulk/Bulk_R01.v	2	0	42
1RB0LD_1LC1RB_1RD1LA_0RC1LD	nqh_1RB0LD_1LC1RB_1RD1LA_0RC1LD	theories/Machines/Bulk/Bulk_R01.v	2	0	43
1RB0LD_1RC1LA_1LB1RC_0RB1LD	nqh_1RB0LD_1RC1LA_1LB1RC_0RB1LD	theories/Machines/Bulk/Bulk_R02.v	2	0	45
1RB0LD_1RC1RB_0LD1LC_1RA1LA	nqh_1RB0LD_1RC1RB_0LD1LC_1RA1LA	theories/Machines/Bulk/Bulk_R02.v	2	0	37
1RB0LD_1RC1RB_1LD1LC_0RD1LA	nqh_1RB0LD_1RC1RB_1LD1LC_0RD1LA	theories/Machines/Bulk/Bulk_R02.v	2	0	48
1RB0RA_0LC0RA_1RC1RD_1LD0LB	nqh_1RB0RA_0LC0RA_1RC1RD_1LD0LB	theories/Machines/Bulk/Bulk_R02.v	3	0	96
1RB0RA_1LC0RA_1RD0LB_1RC1RD	nqh_1RB0RA_1LC0RA_1RD0LB_1RC1RD	theories/Machines/Bulk/Bulk_R02.v	4	0	263
1RB0RA_1LC1LB_0RD0LB_0LA1RD	nqh_1RB0RA_1LC1LB_0RD0LB_0LA1RD	theories/Machines/Bulk/Bulk_R02.v	2	0	82
1RB0RA_1LC1LD_1RA0LB_0LC0RD	nqh_1RB0RA_1LC1LD_1RA0LB_0LC0RD	theories/Machines/Bulk/Bulk_R02.v	3	0	258
1RB0RA_1LC1RA_0RA0LD_1LC0LA	nqh_1RB0RA_1LC1RA_0RA0LD_1LC0LA	theories/Machines/Bulk/Bulk_R02.v	2	0	62
1RB0RA_1LC1RA_1LA0LD_0LC1LD	nqh_1RB0RA_1LC1RA_1LA0LD_0LC1LD	theories/Machines/Bulk/Bulk_R02.v	2	0	98
1RB0RB_0LC1RA_1LD1LC_1RA1RD	nqh_1RB0RB_0LC1RA_1LD1LC_1RA1RD	theories/Machines/Bulk/Bulk_R02.v	2	0	51
1RB0RB_0LC1RD_1LA1LB_0RA1RC	nqh_1RB0RB_0LC1RD_1LA1LB_0RA1RC	theories/Machines/Bulk/Bulk_R02.v	2	0	59
1RB0RB_0RC1RB_0LD1RA_1RC1LD	nqh_1RB0RB_0RC1RB_0LD1RA_1RC1LD	theories/Machines/Bulk/Bulk_R02.v	2	0	51
1RB0RB_1LC0RA_1RD0LD_0LB0RC	nqh_1RB0RB_1LC0RA_1RD0LD_0LB0RC	theories/Machines/Bulk/Bulk_R02.v	2	0	69
1RB0RB_1LC0RC_0LD1RA_1RA1LC	nqh_1RB0RB_1LC0RC_0LD1RA_1RA1LC	theories/Machines/Bulk/Bulk_R02.v	2	0	71
1RB0RB_1LC0RD_1RD0LB_0LA1RA	nqh_1RB0RB_1LC0RD_1RD0LB_0LA1RA	theories/Machines/Bulk/Bulk_R02.v	2	0	79
1RB0RB_1LC1RA_0LA1LD_0RB1RD	nqh_1RB0RB_1LC1RA_0LA1LD_0RB1RD	theories/Machines/Bulk/Bulk_R02.v	2	0	55
1RB0RB_1LC1RA_0LD1LC_1RD1LB	nqh_1RB0RB_1LC1RA_0LD1LC_1RD1LB	theories/Machines/Bulk/Bulk_R02.v	2	0	69
1RB0RB_1LC1RB_0LD1LC_1RD0RA	nqh_1RB0RB_1LC1RB_0LD1LC_1RD0RA	theories/Machines/Bulk/Bulk_R02.v	2	0	50
1RB0RB_1LC1RB_1RD1LC_---1RA	nqh_1RB0RB_1LC1RB_1RD1LC_XXX1RA	theories/Machines/Bulk/Bulk_R02.v	2	0	36
1RB0RB_1RC1RB_0LD1RA_1RC1LD	nqh_1RB0RB_1RC1RB_0LD1RA_1RC1LD	theories/Machines/Bulk/Bulk_R02.v	2	0	45
1RB0RB_1RC1RB_1LC0LD_1RA1LD	nqh_1RB0RB_1RC1RB_1LC0LD_1RA1LD	theories/Machines/Bulk/Bulk_R02.v	2	0	85
1RB0RC_0LC0RA_1LD0LC_1RB1LC	nqh_1RB0RC_0LC0RA_1LD0LC_1RB1LC	theories/Machines/Bulk/Bulk_R02.v	2	0	63
1RB0RC_0LC0RB_1RA1LD_0LC0LA	nqh_1RB0RC_0LC0RB_1RA1LD_0LC0LA	theories/Machines/Bulk/Bulk_R02.v	2	0	50
1RB0RC_0LC0RB_1RA1LD_0RB0LA	nqh_1RB0RC_0LC0RB_1RA1LD_0RB0LA	theories/Machines/Bulk/Bulk_R02.v	2	0	58
1RB0RC_0LC0RB_1RA1LD_1LA0LA	nqh_1RB0RC_0LC0RB_1RA1LD_1LA0LA	theories/Machines/Bulk/Bulk_R02.v	2	0	89
1RB0RC_0LC0RB_1RA1LD_1RD0LA	nqh_1RB0RC_0LC0RB_1RA1LD_1RD0LA	theories/Machines/Bulk/Bulk_R02.v	2	0	58
1RB0RC_0LC0RD_1RA1LD_0LC0LA	nqh_1RB0RC_0LC0RD_1RA1LD_0LC0LA	theories/Machines/Bulk/Bulk_R02.v	2	0	49
1RB0RC_0LC1LD_1RA1LB_1LB0LA	nqh_1RB0RC_0LC1LD_1RA1LB_1LB0LA	theories/Machines/Bulk/Bulk_R02.v	2	0	68
1RB0RC_0LC1RA_1LD1RC_1RB1LD	nqh_1RB0RC_0LC1RA_1LD1RC_1RB1LD	theories/Machines/Bulk/Bulk_R02.v	2	0	39
1RB0RC_0LC1RA_1RA1LD_0LC0LA	nqh_1RB0RC_0LC1RA_1RA1LD_0LC0LA	theories/Machines/Bulk/Bulk_R02.v	2	0	45
1RB0RC_0LC1RA_1RA1LD_0RB0LA	nqh_1RB0RC_0LC1RA_1RA1LD_0RB0LA	theories/Machines/Bulk/Bulk_R02.v	2	0	46
1RB0RC_0LC1RA_1RA1LD_1RD0LA	nqh_1RB0RC_0LC1RA_1RA1LD_1RD0LA	theories/Machines/Bulk/Bulk_R02.v	2	0	51
1RB0RC_0RC0LD_1LB1RC_0LA1LD	nqh_1RB0RC_0RC0LD_1LB1RC_0LA1LD	theories/Machines/Bulk/Bulk_R02.v	2	0	92
1RB0RC_1LC1RA_1LD1RC_1RB1LD	nqh_1RB0RC_1LC1RA_1LD1RC_1RB1LD	theories/Machines/Bulk/Bulk_R02.v	2	0	39
1RB0RC_1LC1RD_1LA0LB_0RB0RC	nqh_1RB0RC_1LC1RD_1LA0LB_0RB0RC	theories/Machines/Bulk/Bulk_R02.v	3	0	75
1RB0RC_1RC0LA_0LD1LC_1RA1LA	nqh_1RB0RC_1RC0LA_0LD1LC_1RA1LA	theories/Machines/Bulk/Bulk_R02.v	2	0	65
1RB0RC_1RC0RA_1LD0LD_1LA1LD	nqh_1RB0RC_1RC0RA_1LD0LD_1LA1LD	theories/Machines/Bulk/Bulk_R02.v	2	0	79
1RB0RC_1RC1LB_1LD1RC_0LB0LA	nqh_1RB0RC_1RC1LB_1LD1RC_0LB0LA	theories/Machines/Bulk/Bulk_R02.v	2	0	47
1RB0RC_1RC1RA_1LD1RC_1RB1LD	nqh_1RB0RC_1RC1RA_1LD1RC_1RB1LD	theories/Machines/Bulk/Bulk_R02.v	2	0	38
1RB0RC_1RC1RB_0LD1LC_1RA1LA	nqh_1RB0RC_1RC1RB_0LD1LC_1RA1LA	theories/Machines/Bulk/Bulk_R02.v	2	0	43
1RB0RD_0LC0LD_0RB1LC_1RA1RD	nqh_1RB0RD_0LC0LD_0RB1LC_1RA1RD	theories/Machines/Bulk/Bulk_R02.v	2	0	62
1RB0RD_0LC0RA_1LA1LC_1LD1LB	nqh_1RB0RD_0LC0RA_1LA1LC_1LD1LB	theories/Machines/Bulk/Bulk_R02.v	3	0	80
1RB0RD_0LC1RA_1RB1LC_0LB1RD	nqh_1RB0RD_0LC1RA_1RB1LC_0LB1RD	theories/Machines/Bulk/Bulk_R02.v	2	0	48
1RB0RD_0LC1RA_1RB1LC_0RB1RD	nqh_1RB0RD_0LC1RA_1RB1LC_0RB1RD	theories/Machines/Bulk/Bulk_R02.v	2	0	51
1RB0RD_0LC1RA_1RB1LC_1LC1RD	nqh_1RB0RD_0LC1RA_1RB1LC_1LC1RD	theories/Machines/Bulk/Bulk_R02.v	2	0	45
1RB0RD_0LC1RA_1RB1LC_1RB1RD	nqh_1RB0RD_0LC1RA_1RB1LC_1RB1RD	theories/Machines/Bulk/Bulk_R02.v	2	0	45
1RB0RD_0RC0LB_1LD1RA_1LB0LC	nqh_1RB0RD_0RC0LB_1LD1RA_1LB0LC	theories/Machines/Bulk/Bulk_R02.v	2	0	76
1RB0RD_0RC1RA_1LD1RB_1LB0LC	nqh_1RB0RD_0RC1RA_1LD1RB_1LB0LC	theories/Machines/Bulk/Bulk_R02.v	2	0	65
1RB0RD_1LB0LC_1RA1LC_1RB1RD	nqh_1RB0RD_1LB0LC_1RA1LC_1RB1RD	theories/Machines/Bulk/Bulk_R02.v	2	0	85
1RB0RD_1LC0LC_1LD1LC_1RA0RB	nqh_1RB0RD_1LC0LC_1LD1LC_1RA0RB	theories/Machines/Bulk/Bulk_R02.v	2	0	81
1RB0RD_1LC1LB_0RD1RC_1LA1RA	nqh_1RB0RD_1LC1LB_0RD1RC_1LA1RA	theories/Machines/Bulk/Bulk_R03.v	2	0	41
1RB0RD_1LC1RA_1RB1LC_0LA1RD	nqh_1RB0RD_1LC1RA_1RB1LC_0LA1RD	theories/Machines/Bulk/Bulk_R03.v	2	0	41
1RB0RD_1LC1RA_1RB1LC_1LC1RD	nqh_1RB0RD_1LC1RA_1RB1LC_1LC1RD	theories/Machines/Bulk/Bulk_R03.v	2	0	38
1RB0RD_1RC1LB_0LB1RA_0LA1RD	nqh_1RB0RD_1RC1LB_0LB1RA_0LA1RD	theories/Machines/Bulk/Bulk_R03.v	2	0	44
1RB0RD_1RC1LB_0LB1RA_0RC1RD	nqh_1RB0RD_1RC1LB_0LB1RA_0RC1RD	theories/Machines/Bulk/Bulk_R03.v	2	0	51
1RB0RD_1RC1LB_0LB1RA_1LB1RD	nqh_1RB0RD_1RC1LB_0LB1RA_1LB1RD	theories/Machines/Bulk/Bulk_R03.v	2	0	41
1RB0RD_1RC1LB_0LB1RA_1RC1RD	nqh_1RB0RD_1RC1LB_0LB1RA_1RC1RD	theories/Machines/Bulk/Bulk_R03.v	2	0	47
1RB0RD_1RC1LB_0LD1RA_1LB1RD	nqh_1RB0RD_1RC1LB_0LD1RA_1LB1RD	theories/Machines/Bulk/Bulk_R03.v	2	0	39
1RB0RD_1RC1LB_1LB1RA_1LB1RD	nqh_1RB0RD_1RC1LB_1LB1RA_1LB1RD	theories/Machines/Bulk/Bulk_R03.v	2	0	39
1RB0RD_1RC1LB_1LD1RA_1LB1RD	nqh_1RB0RD_1RC1LB_1LD1RA_1LB1RD	theories/Machines/Bulk/Bulk_R03.v	2	0	39
1RB0RD_1RC1LB_1RD1RA_1LB1RD	nqh_1RB0RD_1RC1LB_1RD1RA_1LB1RD	theories/Machines/Bulk/Bulk_R03.v	2	0	39
1RB1LA_0LA0RC_0RD1RC_1LB0LA	nqh_1RB1LA_0LA0RC_0RD1RC_1LB0LA	theories/Machines/Bulk/Bulk_R03.v	2	0	92
1RB1LA_0LA0RC_1RD1RC_1LD0LA	nqh_1RB1LA_0LA0RC_1RD1RC_1LD0LA	theories/Machines/Bulk/Bulk_R03.v	2	0	87
1RB1LA_0LA1RC_0LA0RD_0RB1RD	nqh_1RB1LA_0LA1RC_0LA0RD_0RB1RD	theories/Machines/Bulk/Bulk_R03.v	2	0	50
1RB1LA_0LA1RC_0LA0RD_0RC1RD	nqh_1RB1LA_0LA1RC_0LA0RD_0RC1RD	theories/Machines/Bulk/Bulk_R03.v	2	0	50
1RB1LA_0LA1RC_0LA0RD_1RB1RD	nqh_1RB1LA_0LA1RC_0LA0RD_1RB1RD	theories/Machines/Bulk/Bulk_R03.v	2	0	45
1RB1LA_0LA1RC_0LD0RD_0RB1RD	nqh_1RB1LA_0LA1RC_0LD0RD_0RB1RD	theories/Machines/Bulk/Bulk_R03.v	2	0	50
1RB1LA_0LA1RC_0LD0RD_1RB1RD	nqh_1RB1LA_0LA1RC_0LD0RD_1RB1RD	theories/Machines/Bulk/Bulk_R03.v	2	0	45
1RB1LA_0LA1RC_0RB0RD_0LB1RD	nqh_1RB1LA_0LA1RC_0RB0RD_0LB1RD	theories/Machines/Bulk/Bulk_R03.v	2	0	51
1RB1LA_0LA1RC_0RB0RD_0RB1RD	nqh_1RB1LA_0LA1RC_0RB0RD_0RB1RD	theories/Machines/Bulk/Bulk_R03.v	2	0	50
1RB1LA_0LA1RC_0RB0RD_1LA1RD	nqh_1RB1LA_0LA1RC_0RB0RD_1LA1RD	theories/Machines/Bulk/Bulk_R03.v	2	0	48
1RB1LA_0LA1RC_0RB0RD_1RB1RD	nqh_1RB1LA_0LA1RC_0RB0RD_1RB1RD	theories/Machines/Bulk/Bulk_R03.v	2	0	48
1RB1LA_0LA1RC_1LA0RD_0LB1RD	nqh_1RB1LA_0LA1RC_1LA0RD_0LB1RD	theories/Machines/Bulk/Bulk_R03.v	2	0	48
1RB1LA_0LA1RC_1LA0RD_0RB1RD	nqh_1RB1LA_0LA1RC_1LA0RD_0RB1RD	theories/Machines/Bulk/Bulk_R03.v	2	0	50
1RB1LA_0LA1RC_1LA0RD_1RB1RD	nqh_1RB1LA_0LA1RC_1LA0RD_1RB1RD	theories/Machines/Bulk/Bulk_R03.v	2	0	45
1RB1LA_0LA1RC_1LD0RD_0RB1RD	nqh_1RB1LA_0LA1RC_1LD0RD_0RB1RD	theories/Machines/Bulk/Bulk_R03.v	2	0	50
1RB1LA_0LA1RC_1LD0RD_1RB1RD	nqh_1RB1LA_0LA1RC_1LD0RD_1RB1RD	theories/Machines/Bulk/Bulk_R03.v	2	0	45
1RB1LA_0LA1RC_1RA0RD_0LC1RD	nqh_1RB1LA_0LA1RC_1RA0RD_0LC1RD	theories/Machines/Bulk/Bulk_R03.v	2	0	54
1RB1LA_0LA1RC_1RA0RD_0RB1RD	nqh_1RB1LA_0LA1RC_1RA0RD_0RB1RD	theories/Machines/Bulk/Bulk_R03.v	2	0	50
1RB1LA_0LA1RC_1RA0RD_1LA1RD	nqh_1RB1LA_0LA1RC_1RA0RD_1LA1RD	theories/Machines/Bulk/Bulk_R03.v	2	0	46
1RB1LA_0LA1RC_1RA0RD_1RB1RD	nqh_1RB1LA_0LA1RC_1RA0RD_1RB1RD	theories/Machines/Bulk/Bulk_R03.v	2	0	46
1RB1LA_0LA1RC_1RB0RD_0LB1RD	nqh_1RB1LA_0LA1RC_1RB0RD_0LB1RD	theories/Machines/Bulk/Bulk_R03.v	2	0	48
1RB1LA_0LA1RC_1RB0RD_0RB1RD	nqh_1RB1LA_0LA1RC_1RB0RD_0RB1RD	theories/Machines/Bulk/Bulk_R03.v	2	0	50
1RB1LA_0LA1RC_1RB0RD_1LA1RD	nqh_1RB1LA_0LA1RC_1RB0RD_1LA1RD	theories/Machines/Bulk/Bulk_R03.v	2	0	45
1RB1LA_0LA1RC_1RB0RD_1RB1RD	nqh_1RB1LA_0LA1RC_1RB0RD_1RB1RD	theories/Machines/Bulk/Bulk_R03.v	2	0	45
1RB1LA_0LA1RC_1RD0RD_0RB1RD	nqh_1RB1LA_0LA1RC_1RD0RD_0RB1RD	theories/Machines/Bulk/Bulk_R03.v	2	0	50
1RB1LA_0LA1RC_1RD0RD_1RB1RD	nqh_1RB1LA_0LA1RC_1RD0RD_1RB1RD	theories/Machines/Bulk/Bulk_R03.v	2	0	45
1RB1LA_0LB1RC_0LA0RD_0RC1RD	nqh_1RB1LA_0LB1RC_0LA0RD_0RC1RD	theories/Machines/Bulk/Bulk_R03.v	2	0	53
1RB1LA_0LB1RC_0LA0RD_1RB1RD	nqh_1RB1LA_0LB1RC_0LA0RD_1RB1RD	theories/Machines/Bulk/Bulk_R03.v	2	0	48
1RB1LA_0LB1RC_1LA0RD_0LB1RD	nqh_1RB1LA_0LB1RC_1LA0RD_0LB1RD	theories/Machines/Bulk/Bulk_R03.v	2	0	40
1RB1LA_0LB1RC_1LA0RD_0RB1RD	nqh_1RB1LA_0LB1RC_1LA0RD_0RB1RD	theories/Machines/Bulk/Bulk_R03.v	3	0	76
1RB1LA_0LC0RC_1RD1RC_1LD0LA	nqh_1RB1LA_0LC0RC_1RD1RC_1LD0LA	theories/Machines/Bulk/Bulk_R03.v	2	0	89
1RB1LA_0LC1RC_1LA0RD_0RB1RD	nqh_1RB1LA_0LC1RC_1LA0RD_0RB1RD	theories/Machines/Bulk/Bulk_R03.v	2	0	48
1RB1LA_0LC1RD_0LB1RC_1LA0RC	nqh_1RB1LA_0LC1RD_0LB1RC_1LA0RC	theories/Machines/Bulk/Bulk_R03.v	2	0	41
1RB1LA_0LC1RD_1LA1RC_0RB0RC	nqh_1RB1LA_0LC1RD_1LA1RC_0RB0RC	theories/Machines/Bulk/Bulk_R03.v	2	0	39
1RB1LA_0LC1RD_1LA1RC_1RA0RC	nqh_1RB1LA_0LC1RD_1LA1RC_1RA0RC	theories/Machines/Bulk/Bulk_R03.v	2	0	40
1RB1LA_0LC1RD_1LA1RC_1RB0RC	nqh_1RB1LA_0LC1RD_1LA1RC_1RB0RC	theories/Machines/Bulk/Bulk_R03.v	2	0	39
1RB1LA_0RC0RC_1LC0LA_------	nqh_1RB1LA_0RC0RC_1LC0LA_XXXXXX	theories/Machines/Bulk/Bulk_R03.v	2	0	44
1RB1LA_0RC0RD_1LA1RC_0LC0LA	nqh_1RB1LA_0RC0RD_1LA1RC_0LC0LA	theories/Machines/Bulk/Bulk_R03.v	2	0	44
1RB1LA_0RC0RD_1LA1RC_1LC0LA	nqh_1RB1LA_0RC0RD_1LA1RC_1LC0LA	theories/Machines/Bulk/Bulk_R03.v	2	0	46
1RB1LA_0RC0RD_1LA1RC_1LD0LA	nqh_1RB1LA_0RC0RD_1LA1RC_1LD0LA	theories/Machines/Bulk/Bulk_R04.v	2	0	82
1RB1LA_0RC0RD_1LC0LA_1RC1RD	nqh_1RB1LA_0RC0RD_1LC0LA_1RC1RD	theories/Machines/Bulk/Bulk_R04.v	3	0	280
1RB1LA_0RC1LD_1RD1RB_0LB0LA	nqh_1RB1LA_0RC1LD_1RD1RB_0LB0LA	theories/Machines/Bulk/Bulk_R04.v	2	0	75
1RB1LA_0RC1RB_1LC0LD_0RA0LA	nqh_1RB1LA_0RC1RB_1LC0LD_0RA0LA	theories/Machines/Bulk/Bulk_R04.v	2	0	66
1RB1LA_0RC1RB_1LC0LD_1LA0LA	nqh_1RB1LA_0RC1RB_1LC0LD_1LA0LA	theories/Machines/Bulk/Bulk_R04.v	2	0	49
1RB1LA_0RC1RB_1LC0LD_1LA1RC	nqh_1RB1LA_0RC1RB_1LC0LD_1LA1RC	theories/Machines/Bulk/Bulk_R04.v	2	0	46
1RB1LA_0RC1RB_1LC0LD_1RA0LA	nqh_1RB1LA_0RC1RB_1LC0LD_1RA0LA	theories/Machines/Bulk/Bulk_R04.v	2	0	55
1RB1LA_0RC1RB_1LC0LD_1RB0LA	nqh_1RB1LA_0RC1RB_1LC0LD_1RB0LA	theories/Machines/Bulk/Bulk_R04.v	3	0	113
1RB1LA_0RC1RC_1LA0RD_0LB1RD	nqh_1RB1LA_0RC1RC_1LA0RD_0LB1RD	theories/Machines/Bulk/Bulk_R04.v	2	0	43
1RB1LA_1LA0RC_1RD1RC_1LD0LA	nqh_1RB1LA_1LA0RC_1RD1RC_1LD0LA	theories/Machines/Bulk/Bulk_R04.v	2	0	87
1RB1LA_1LA1RC_0RD0LB_0LB1RD	nqh_1RB1LA_1LA1RC_0RD0LB_0LB1RD	theories/Machines/Bulk/Bulk_R04.v	2	0	44
1RB1LA_1LA1RC_0RD0LD_0LB1RD	nqh_1RB1LA_1LA1RC_0RD0LD_0LB1RD	theories/Machines/Bulk/Bulk_R04.v	2	0	48
1RB1LA_1LA1RC_0RD0RD_0LB1RD	nqh_1RB1LA_1LA1RC_0RD0RD_0LB1RD	theories/Machines/Bulk/Bulk_R04.v	2	0	40
1RB1LA_1LA1RC_1LA0RD_0LB1RD	nqh_1RB1LA_1LA1RC_1LA0RD_0LB1RD	theories/Machines/Bulk/Bulk_R04.v	2	0	40
1RB1LA_1LA1RC_1LB0RD_0LB1RD	nqh_1RB1LA_1LA1RC_1LB0RD_0LB1RD	theories/Machines/Bulk/Bulk_R04.v	2	0	43
1RB1LA_1LA1RC_1RA0RD_1LA1RD	nqh_1RB1LA_1LA1RC_1RA0RD_1LA1RD	theories/Machines/Bulk/Bulk_R04.v	2	0	39
1RB1LA_1LA1RC_1RB0RD_0LC1RD	nqh_1RB1LA_1LA1RC_1RB0RD_0LC1RD	theories/Machines/Bulk/Bulk_R04.v	2	0	42
1RB1LA_1LA1RC_1RB0RD_1LA1RD	nqh_1RB1LA_1LA1RC_1RB0RD_1LA1RD	theories/Machines/Bulk/Bulk_R04.v	2	0	38
1RB1LA_1LC0RC_1RD1RC_1LD0LA	nqh_1RB1LA_1LC0RC_1RD1RC_1LD0LA	theories/Machines/Bulk/Bulk_R04.v	2	0	89
1RB1LA_1LC0RD_0LB1RC_1LD0LA	nqh_1RB1LA_1LC0RD_0LB1RC_1LD0LA	theories/Machines/Bulk/Bulk_R04.v	2	0	60
1RB1LA_1LC1RB_---1LD_0RA0LA	nqh_1RB1LA_1LC1RB_XXX1LD_0RA0LA	theories/Machines/Bulk/Bulk_R04.v	2	0	39
1RB1LA_1LC1RB_---1LD_0RB0LA	nqh_1RB1LA_1LC1RB_XXX1LD_0RB0LA	theories/Machines/Bulk/Bulk_R04.v	2	0	41
1RB1LA_1LC1RB_---1LD_1LA0LA	nqh_1RB1LA_1LC1RB_XXX1LD_1LA0LA	theories/Machines/Bulk/Bulk_R04.v	2	0	39
1RB1LA_1LC1RB_---1LD_1RA0LA	nqh_1RB1LA_1LC1RB_XXX1LD_1RA0LA	theories/Machines/Bulk/Bulk_R04.v	2	0	39
1RB1LA_1LC1RB_---1LD_1RB0LA	nqh_1RB1LA_1LC1RB_XXX1LD_1RB0LA	theories/Machines/Bulk/Bulk_R04.v	2	0	39
1RB1LA_1LC1RB_0LA0LD_0RA0RB	nqh_1RB1LA_1LC1RB_0LA0LD_0RA0RB	theories/Machines/Bulk/Bulk_R04.v	2	0	46
1RB1LA_1LC1RB_0LA0LD_1RA0RB	nqh_1RB1LA_1LC1RB_0LA0LD_1RA0RB	theories/Machines/Bulk/Bulk_R04.v	2	0	48
1RB1LA_1LC1RB_0LA0LD_1RD0RB	nqh_1RB1LA_1LC1RB_0LA0LD_1RD0RB	theories/Machines/Bulk/Bulk_R04.v	2	0	80
1RB1LA_1LC1RB_0RA1LD_0LC0LA	nqh_1RB1LA_1LC1RB_0RA1LD_0LC0LA	theories/Machines/Bulk/Bulk_R04.v	2	0	40
1RB1LA_1LC1RB_0RA1LD_1LB0LA	nqh_1RB1LA_1LC1RB_0RA1LD_1LB0LA	theories/Machines/Bulk/Bulk_R04.v	2	0	41
1RB1LA_1LC1RB_0RA1LD_1LC0LA	nqh_1RB1LA_1LC1RB_0RA1LD_1LC0LA	theories/Machines/Bulk/Bulk_R04.v	2	0	40
1RB1LA_1LC1RB_0RB1LD_0LC0LA	nqh_1RB1LA_1LC1RB_0RB1LD_0LC0LA	theories/Machines/Bulk/Bulk_R04.v	2	0	45
1RB1LA_1LC1RB_0RB1LD_1LB0LA	nqh_1RB1LA_1LC1RB_0RB1LD_1LB0LA	theories/Machines/Bulk/Bulk_R04.v	2	0	43
1RB1LA_1LC1RB_0RB1LD_1LC0LA	nqh_1RB1LA_1LC1RB_0RB1LD_1LC0LA	theories/Machines/Bulk/Bulk_R04.v	2	0	42
1RB1LA_1LC1RB_1LA1LD_1LB0LA	nqh_1RB1LA_1LC1RB_1LA1LD_1LB0LA	theories/Machines/Bulk/Bulk_R04.v	2	0	41
1RB1LA_1LC1RB_1LA1LD_1LC0LA	nqh_1RB1LA_1LC1RB_1LA1LD_1LC0LA	theories/Machines/Bulk/Bulk_R04.v	2	0	40
1RB1LA_1LC1RB_1RA1LD_0LC0LA	nqh_1RB1LA_1LC1RB_1RA1LD_0LC0LA	theories/Machines/Bulk/Bulk_R04.v	2	0	42
1RB1LA_1LC1RB_1RA1LD_1LB0LA	nqh_1RB1LA_1LC1RB_1RA1LD_1LB0LA	theories/Machines/Bulk/Bulk_R04.v	2	0	41
1RB1LA_1LC1RB_1RA1LD_1LC0LA	nqh_1RB1LA_1LC1RB_1RA1LD_1LC0LA	theories/Machines/Bulk/Bulk_R04.v	2	0	40
1RB1LA_1LC1RB_1RB1LD_1LB0LA	nqh_1RB1LA_1LC1RB_1RB1LD_1LB0LA	theories/Machines/Bulk/Bulk_R04.v	2	0	41
1RB1LA_1LC1RB_1RB1LD_1LC0LA	nqh_1RB1LA_1LC1RB_1RB1LD_1LC0LA	theories/Machines/Bulk/Bulk_R04.v	2	0	40
1RB1LA_1LC1RD_0LB1RC_1LA0RC	nqh_1RB1LA_1LC1RD_0LB1RC_1LA0RC	theories/Machines/Bulk/Bulk_R04.v	2	0	41
1RB1LA_1LC1RD_1LA1RC_0RB0RC	nqh_1RB1LA_1LC1RD_1LA1RC_0RB0RC	theories/Machines/Bulk/Bulk_R04.v	2	0	41
1RB1LA_1LC1RD_1LA1RC_1RA0RC	nqh_1RB1LA_1LC1RD_1LA1RC_1RA0RC	theories/Machines/Bulk/Bulk_R04.v	2	0	40
1RB1LA_1LC1RD_1LA1RC_1RB0RC	nqh_1RB1LA_1LC1RD_1LA1RC_1RB0RC	theories/Machines/Bulk/Bulk_R04.v	2	0	39
1RB1LA_1RC0RC_1RD0LD_0LA0RD	nqh_1RB1LA_1RC0RC_1RD0LD_0LA0RD	theories/Machines/Bulk/Bulk_R04.v	2	0	96
1RB1LA_1RC0RC_1RD1RC_1LD0LA	nqh_1RB1LA_1RC0RC_1RD1RC_1LD0LA	theories/Machines/Bulk/Bulk_R04.v	2	0	87
1RB1LA_1RC0RD_0LB1RC_1LD0LA	nqh_1RB1LA_1RC0RD_0LB1RC_1LD0LA	theories/Machines/Bulk/Bulk_R04.v	2	0	54
1RB1LA_1RC0RD_1LC0LA_1RC1RD	nqh_1RB1LA_1RC0RD_1LC0LA_1RC1RD	theories/Machines/Bulk/Bulk_R04.v	2	0	87
1RB1LA_1RC1RB_0LD0RD_0LA1LD	nqh_1RB1LA_1RC1RB_0LD0RD_0LA1LD	theories/Machines/Bulk/Bulk_R04.v	2	0	64
1RB1LA_1RC1RB_1LD0RD_0LA1LD	nqh_1RB1LA_1RC1RB_1LD0RD_0LA1LD	theories/Machines/Bulk/Bulk_R05.v	2	0	59
1RB1LA_1RC1RC_1LA0RD_0LB1RD	nqh_1RB1LA_1RC1RC_1LA0RD_0LB1RD	theories/Machines/Bulk/Bulk_R05.v	2	0	40
1RB1LA_1RC1RD_0LB1RC_1LA0RC	nqh_1RB1LA_1RC1RD_0LB1RC_1LA0RC	theories/Machines/Bulk/Bulk_R05.v	2	0	40
1RB1LA_1RC1RD_1LA1RC_1RA0RC	nqh_1RB1LA_1RC1RD_1LA1RC_1RA0RC	theories/Machines/Bulk/Bulk_R05.v	2	0	39
1RB1LA_1RC1RD_1LA1RC_1RB0RC	nqh_1RB1LA_1RC1RD_1LA1RC_1RB0RC	theories/Machines/Bulk/Bulk_R05.v	2	0	38
1RB1LB_0LC0RD_0RA1LC_1RA1RD	nqh_1RB1LB_0LC0RD_0RA1LC_1RA1RD	theories/Machines/Bulk/Bulk_R05.v	2	0	109
1RB1LB_0LC1RD_1LA1LB_0RB0RA	nqh_1RB1LB_0LC1RD_1LA1LB_0RB0RA	theories/Machines/Bulk/Bulk_R05.v	2	0	69
1RB1LB_0LC1RD_1LA1LB_1LB0RD	nqh_1RB1LB_0LC1RD_1LA1LB_1LB0RD	theories/Machines/Bulk/Bulk_R05.v	2	0	69
1RB1LB_0RC1LB_1LC0LA_------	nqh_1RB1LB_0RC1LB_1LC0LA_XXXXXX	theories/Machines/Bulk/Bulk_R05.v	2	0	43
1RB1LB_1LC0LA_1RD1RC_0LA1LD	nqh_1RB1LB_1LC0LA_1RD1RC_0LA1LD	theories/Machines/Bulk/Bulk_R05.v	2	0	42
1RB1LB_1LC0RD_1RD1RC_0LA1LD	nqh_1RB1LB_1LC0RD_1RD1RC_0LA1LD	theories/Machines/Bulk/Bulk_R05.v	2	0	48
1RB1LB_1RC0LB_1LA1RD_0RC0RD	nqh_1RB1LB_1RC0LB_1LA1RD_0RC0RD	theories/Machines/Bulk/Bulk_R05.v	2	0	99
1RB1LB_1RC1LD_0LA0RC_0RD0LB	nqh_1RB1LB_1RC1LD_0LA0RC_0RD0LB	theories/Machines/Bulk/Bulk_R05.v	2	0	88
1RB1LC_0LA1RD_1LA0LB_0RB1RD	nqh_1RB1LC_0LA1RD_1LA0LB_0RB1RD	theories/Machines/Bulk/Bulk_R05.v	2	0	74
1RB1LC_0LC0RD_1LA0LC_1RB0RC	nqh_1RB1LC_0LC0RD_1LA0LC_1RB0RC	theories/Machines/Bulk/Bulk_R05.v	2	0	63
1RB1LC_0RC1RD_1LA0LA_0LA1LD	nqh_1RB1LC_0RC1RD_1LA0LA_0LA1LD	theories/Machines/Bulk/Bulk_R05.v	2	0	54
1RB1LC_1LA1RB_0LD0LD_0RA1LD	nqh_1RB1LC_1LA1RB_0LD0LD_0RA1LD	theories/Machines/Bulk/Bulk_R05.v	2	0	42
1RB1LC_1LA1RB_0LD0RA_0RA1LD	nqh_1RB1LC_1LA1RB_0LD0RA_0RA1LD	theories/Machines/Bulk/Bulk_R05.v	2	0	46
1RB1LC_1LA1RB_0LD0RD_0RA1LD	nqh_1RB1LC_1LA1RB_0LD0RD_0RA1LD	theories/Machines/Bulk/Bulk_R05.v	2	0	50
1RB1LC_1LA1RB_1LA0LD_0RC1LD	nqh_1RB1LC_1LA1RB_1LA0LD_0RC1LD	theories/Machines/Bulk/Bulk_R05.v	2	0	45
1RB1LC_1LA1RB_1LA0LD_1RB1LD	nqh_1RB1LC_1LA1RB_1LA0LD_1RB1LD	theories/Machines/Bulk/Bulk_R05.v	2	0	40
1RB1LC_1LA1RB_1LB0LD_1RB1LD	nqh_1RB1LC_1LA1RB_1LB0LD_1RB1LD	theories/Machines/Bulk/Bulk_R05.v	2	0	41
1RB1LC_1LA1RB_1RA0LD_0RA1LD	nqh_1RB1LC_1LA1RB_1RA0LD_0RA1LD	theories/Machines/Bulk/Bulk_R05.v	2	0	45
1RB1LC_1LA1RB_1RB0LD_0RA1LD	nqh_1RB1LC_1LA1RB_1RB0LD_0RA1LD	theories/Machines/Bulk/Bulk_R05.v	2	0	42
1RB1LC_1LC0RA_0LD1LB_0RA1LC	nqh_1RB1LC_1LC0RA_0LD1LB_0RA1LC	theories/Machines/Bulk/Bulk_R05.v	2	0	36
1RB1LC_1RC0LC_0LA0LD_1LB0RA	nqh_1RB1LC_1RC0LC_0LA0LD_1LB0RA	theories/Machines/Bulk/Bulk_R05.v	2	0	69
1RB1LC_1RC1LD_1LA0RB_0LB0LA	nqh_1RB1LC_1RC1LD_1LA0RB_0LB0LA	theories/Machines/Bulk/Bulk_R05.v	2	0	87
1RB1LD_0LC0RB_1RA1LA_0RD0LA	nqh_1RB1LD_0LC0RB_1RA1LA_0RD0LA	theories/Machines/Bulk/Bulk_R05.v	2	0	88
1RB1LD_0RC0RA_1LC1RA_1RB0LD	nqh_1RB1LD_0RC0RA_1LC1RA_1RB0LD	theories/Machines/Bulk/Bulk_R05.v	2	0	76
1RB1LD_1LC0RA_1RA1LB_0LA0LC	nqh_1RB1LD_1LC0RA_1RA1LB_0LA0LC	theories/Machines/Bulk/Bulk_R05.v	2	0	82
1RB1LD_1LC1RB_0LD1LC_1RD0RA	nqh_1RB1LD_1LC1RB_0LD1LC_1RD0RA	theories/Machines/Bulk/Bulk_R05.v	2	0	44
1RB1LD_1LC1RC_1LA0RC_0LA0LD	nqh_1RB1LD_1LC1RC_1LA0RC_0LA0LD	theories/Machines/Bulk/Bulk_R05.v	2	0	98
1RB1LD_1RC0RA_0LA0RC_0LA0LB	nqh_1RB1LD_1RC0RA_0LA0RC_0LA0LB	theories/Machines/Bulk/Bulk_R05.v	2	0	46
1RB1LD_1RC0RA_0LA0RC_0RC0LB	nqh_1RB1LD_1RC0RA_0LA0RC_0RC0LB	theories/Machines/Bulk/Bulk_R05.v	2	0	53
1RB1LD_1RC0RA_0LA0RC_1LB0LB	nqh_1RB1LD_1RC0RA_0LA0RC_1LB0LB	theories/Machines/Bulk/Bulk_R05.v	2	0	85
1RB1LD_1RC0RA_0LA0RC_1LC0LB	nqh_1RB1LD_1RC0RA_0LA0RC_1LC0LB	theories/Machines/Bulk/Bulk_R05.v	2	0	75
1RB1LD_1RC0RA_0LA0RC_1RD0LB	nqh_1RB1LD_1RC0RA_0LA0RC_1RD0LB	theories/Machines/Bulk/Bulk_R05.v	2	0	53
1RB1LD_1RC0RA_0LA0RD_0LA0LB	nqh_1RB1LD_1RC0RA_0LA0RD_0LA0LB	theories/Machines/Bulk/Bulk_R05.v	2	0	45
1RB1LD_1RC0RA_0LA1RB_0LA0LB	nqh_1RB1LD_1RC0RA_0LA1RB_0LA0LB	theories/Machines/Bulk/Bulk_R05.v	2	0	41
1RB1LD_1RC0RA_0LA1RB_0RC0LB	nqh_1RB1LD_1RC0RA_0LA1RB_0RC0LB	theories/Machines/Bulk/Bulk_R05.v	2	0	42
1RB1LD_1RC0RA_0LA1RB_1RD0LB	nqh_1RB1LD_1RC0RA_0LA1RB_1RD0LB	theories/Machines/Bulk/Bulk_R05.v	2	0	46
1RB1LD_1RC1LB_1LA1RC_0LA0LB	nqh_1RB1LD_1RC1LB_1LA1RC_0LA0LB	theories/Machines/Bulk/Bulk_R05.v	2	0	41
1RB1LD_1RC1LB_1LA1RC_1LA0LB	nqh_1RB1LD_1RC1LB_1LA1RC_1LA0LB	theories/Machines/Bulk/Bulk_R05.v	2	0	39
1RB1LD_1RC1LB_1LA1RC_1LC0LB	nqh_1RB1LD_1RC1LB_1LA1RC_1LC0LB	theories/Machines/Bulk/Bulk_R05.v	2	0	40
1RB1RA_0LB1RC_0LD0RA_1RB1LD	nqh_1RB1RA_0LB1RC_0LD0RA_1RB1LD	theories/Machines/Bulk/Bulk_R05.v	2	0	48
1RB1RA_0LB1RC_1LD0RB_1LA1LD	nqh_1RB1RA_0LB1RC_1LD0RB_1LA1LD	theories/Machines/Bulk/Bulk_R05.v	2	0	46
1RB1RA_0LC0RA_0RD1LC_1LA0LD	nqh_1RB1RA_0LC0RA_0RD1LC_1LA0LD	theories/Machines/Bulk/Bulk_R05.v	2	0	83
1RB1RA_0LC0RA_0RD1LC_1RA0LD	nqh_1RB1RA_0LC0RA_0RD1LC_1RA0LD	theories/Machines/Bulk/Bulk_R05.v	2	0	56
1RB1RA_0LC0RA_1RD1LC_---0LA	nqh_1RB1RA_0LC0RA_1RD1LC_XXX0LA	theories/Machines/Bulk/Bulk_R05.v	2	0	53
1RB1RA_0LC0RA_1RD1LC_---1RB	nqh_1RB1RA_0LC0RA_1RD1LC_XXX1RB	theories/Machines/Bulk/Bulk_R05.v	2	0	44
1RB1RA_0LC0RC_0LD1LC_1RA1LD	nqh_1RB1RA_0LC0RC_0LD1LC_1RA1LD	theories/Machines/Bulk/Bulk_R06.v	2	0	66
1RB1RA_0LC1LB_1RD0LD_1LA1LC	nqh_1RB1RA_0LC1LB_1RD0LD_1LA1LC	theories/Machines/Bulk/Bulk_R06.v	2	0	50
1RB1RA_0LC1LB_1RD1LD_1LA0LC	nqh_1RB1RA_0LC1LB_1RD1LD_1LA0LC	theories/Machines/Bulk/Bulk_R06.v	2	0	40
1RB1RA_0LC1LB_1RD1LD_1LA0RB	nqh_1RB1RA_0LC1LB_1RD1LD_1LA0RB	theories/Machines/Bulk/Bulk_R06.v	2	0	46
1RB1RA_0LC1RC_0RA1LD_1LC0LB	nqh_1RB1RA_0LC1RC_0RA1LD_1LC0LB	theories/Machines/Bulk/Bulk_R06.v	2	0	88
1RB1RA_0LC1RD_1RB1LC_0LA0RA	nqh_1RB1RA_0LC1RD_1RB1LC_0LA0RA	theories/Machines/Bulk/Bulk_R06.v	2	0	45
1RB1RA_0LC1RD_1RB1LC_0LC0RA	nqh_1RB1RA_0LC1RD_1RB1LC_0LC0RA	theories/Machines/Bulk/Bulk_R06.v	2	0	45
1RB1RA_0LC1RD_1RB1LC_0RB0RA	nqh_1RB1RA_0LC1RD_1RB1LC_0RB0RA	theories/Machines/Bulk/Bulk_R06.v	2	0	48
1RB1RA_0LC1RD_1RB1LC_1LA0RA	nqh_1RB1RA_0LC1RD_1RB1LC_1LA0RA	theories/Machines/Bulk/Bulk_R06.v	2	0	45
1RB1RA_0LC1RD_1RB1LC_1LC0RA	nqh_1RB1RA_0LC1RD_1RB1LC_1LC0RA	theories/Machines/Bulk/Bulk_R06.v	2	0	45
1RB1RA_0LC1RD_1RB1LC_1RA0RA	nqh_1RB1RA_0LC1RD_1RB1LC_1RA0RA	theories/Machines/Bulk/Bulk_R06.v	2	0	45
1RB1RA_0LC1RD_1RB1LC_1RB0RA	nqh_1RB1RA_0LC1RD_1RB1LC_1RB0RA	theories/Machines/Bulk/Bulk_R06.v	2	0	45
1RB1RA_0LC1RD_1RB1LC_1RC0RA	nqh_1RB1RA_0LC1RD_1RB1LC_1RC0RA	theories/Machines/Bulk/Bulk_R06.v	2	0	46
1RB1RA_1LB0LC_1RD1LC_0LA0RA	nqh_1RB1RA_1LB0LC_1RD1LC_0LA0RA	theories/Machines/Bulk/Bulk_R06.v	2	0	86
1RB1RA_1LB0LC_1RD1LC_0LC0RA	nqh_1RB1RA_1LB0LC_1RD1LC_0LC0RA	theories/Machines/Bulk/Bulk_R06.v	2	0	85
1RB1RA_1LB0LC_1RD1LC_0RB0RA	nqh_1RB1RA_1LB0LC_1RD1LC_0RB0RA	theories/Machines/Bulk/Bulk_R06.v	3	0	286
1RB1RA_1LB0LC_1RD1LC_1LA0RA	nqh_1RB1RA_1LB0LC_1RD1LC_1LA0RA	theories/Machines/Bulk/Bulk_R06.v	2	0	86
1RB1RA_1LB0LC_1RD1LC_1LC0RA	nqh_1RB1RA_1LB0LC_1RD1LC_1LC0RA	theories/Machines/Bulk/Bulk_R06.v	2	0	85
1RB1RA_1LB0LC_1RD1LC_1RA0RA	nqh_1RB1RA_1LB0LC_1RD1LC_1RA0RA	theories/Machines/Bulk/Bulk_R06.v	2	0	85
1RB1RA_1LB0LC_1RD1LC_1RB0RA	nqh_1RB1RA_1LB0LC_1RD1LC_1RB0RA	theories/Machines/Bulk/Bulk_R06.v	2	0	85
1RB1RA_1LB0LC_1RD1LC_1RC0RA	nqh_1RB1RA_1LB0LC_1RD1LC_1RC0RA	theories/Machines/Bulk/Bulk_R06.v	2	0	85
1RB1RA_1LC0LD_0RA0LB_1RD1RC	nqh_1RB1RA_1LC0LD_0RA0LB_1RD1RC	theories/Machines/Bulk/Bulk_R06.v	3	0	79
1RB1RA_1LC0LD_1LD0LB_1RA0RA	nqh_1RB1RA_1LC0LD_1LD0LB_1RA0RA	theories/Machines/Bulk/Bulk_R06.v	2	0	78
1RB1RA_1LC0RC_0LD1LC_1RA1LD	nqh_1RB1RA_1LC0RC_0LD1LC_1RA1LD	theories/Machines/Bulk/Bulk_R06.v	2	0	60
1RB1RA_1LC1LB_0RC1LD_1RA0LC	nqh_1RB1RA_1LC1LB_0RC1LD_1RA0LC	theories/Machines/Bulk/Bulk_R06.v	2	0	48
1RB1RA_1LC1LB_1LD0LD_0RA1LC	nqh_1RB1RA_1LC1LB_1LD0LD_0RA1LC	theories/Machines/Bulk/Bulk_R06.v	2	0	46
1RB1RA_1RC0RA_0LD0LA_0RC1LD	nqh_1RB1RA_1RC0RA_0LD0LA_0RC1LD	theories/Machines/Bulk/Bulk_R06.v	2	0	52
1RB1RA_1RC0RC_0LD1RB_1LA1LD	nqh_1RB1RA_1RC0RC_0LD1RB_1LA1LD	theories/Machines/Bulk/Bulk_R06.v	2	0	44
1RB1RA_1RC1LC_0LD0RA_0RB1LD	nqh_1RB1RA_1RC1LC_0LD0RA_0RB1LD	theories/Machines/Bulk/Bulk_R06.v	2	0	105
1RB1RB_1LC0RA_1LD0LC_1LA1LB	nqh_1RB1RB_1LC0RA_1LD0LC_1LA1LB	theories/Machines/Bulk/Bulk_R06.v	2	0	73
1RB1RB_1LC0RD_1RA1LC_0LA1RD	nqh_1RB1RB_1LC0RD_1RA1LC_0LA1RD	theories/Machines/Bulk/Bulk_R06.v	2	0	40
1RB1RC_0LA1RB_1LD0RB_1RA1LD	nqh_1RB1RC_0LA1RB_1LD0RB_1RA1LD	theories/Machines/Bulk/Bulk_R06.v	2	0	40
1RB1RC_0LC0LD_0RA1LB_1RC1LD	nqh_1RB1RC_0LC0LD_0RA1LB_1RC1LD	theories/Machines/Bulk/Bulk_R06.v	2	0	75
1RB1RC_0LC1RA_0RA1LD_0LC0RA	nqh_1RB1RC_0LC1RA_0RA1LD_0LC0RA	theories/Machines/Bulk/Bulk_R06.v	2	0	44
1RB1RC_1LC0LC_0RA1LD_0LB1LA	nqh_1RB1RC_1LC0LC_0RA1LD_0LB1LA	theories/Machines/Bulk/Bulk_R06.v	2	0	58
1RB1RC_1LC0RA_1RA0LB_------	nqh_1RB1RC_1LC0RA_1RA0LB_XXXXXX	theories/Machines/Bulk/Bulk_R06.v	2	0	66
1RB1RC_1LC1RC_0RA1LD_0LC0LB	nqh_1RB1RC_1LC1RC_0RA1LD_0LC0LB	theories/Machines/Bulk/Bulk_R06.v	2	0	69
1RB1RC_1LC1RC_0RA1LD_1RC0LD	nqh_1RB1RC_1LC1RC_0RA1LD_1RC0LD	theories/Machines/Bulk/Bulk_R06.v	2	0	65
1RB1RD_1LC0RA_0LD1LC_1RA0LB	nqh_1RB1RD_1LC0RA_0LD1LC_1RA0LB	theories/Machines/Bulk/Bulk_R06.v	2	0	80
1RB1RD_1LC0RA_1RD0LB_0RB1RB	nqh_1RB1RD_1LC0RA_1RD0LB_0RB1RB	theories/Machines/Bulk/Bulk_R06.v	3	0	64
1RB1RD_1LC1LB_0RD1RC_1LA0RA	nqh_1RB1RD_1LC1LB_0RD1RC_1LA0RA	theories/Machines/Bulk/Bulk_R06.v	2	0	46
1RB1RD_1LC1RB_1RA1LC_1RA0RB	nqh_1RB1RD_1LC1RB_1RA1LC_1RA0RB	theories/Machines/Bulk/Bulk_R06.v	2	0	37
1RB1RD_1LC1RB_1RA1LC_1RC0RB	nqh_1RB1RD_1LC1RB_1RA1LC_1RC0RB	theories/Machines/Bulk/Bulk_R06.v	2	0	38
