machine	enc	nphase	nsteps	shape_rank	signature
0RB1LC_1RC1LB_1LA0RD_0LC1RD	Jp	4	20	1	-CC|+CD|-DC|+CD
1RB0RB_1LA1LC_1LB0RD_0LC1RD	Jp	4	20	1	-CC|+CD|-DC|+CD
1RB0RC_1LA1LC_1LB0RD_0LC1RD	Jp	4	20	1	-CC|+CD|-DC|+CD
1RB1LA_1LA1LC_1LB0RD_0LC1RD	Jp	4	20	1	-CC|+CD|-DC|+CD
1RB1LB_1LA1LC_1LB0RD_0LC1RD	Jp	4	20	1	-CC|+CD|-DC|+CD
1RB1LC_0LA0RD_1LA0RD_0LC1RD	Jp	4	20	1	-CC|+CD|-DC|+CD
1RB1LC_0LA1LD_1LA0RD_0LC1RD	Jp	4	20	1	-CC|+CD|-DC|+CD
1RB1LC_0LA1RD_1LA0RD_0LC1RD	Jp	4	20	1	-CC|+CD|-DC|+CD
1RB1LC_0LC0RD_1LA0RD_0LC1RD	Jp	4	20	1	-CC|+CD|-DC|+CD
1RB1LC_0LC1LD_1LA0RD_0LC1RD	Jp	4	20	1	-CC|+CD|-DC|+CD
1RB1LC_0LC1RA_1LA0RD_0LC1RD	Jp	4	20	1	-CC|+CD|-DC|+CD
1RB1LC_0LC1RB_1LA0RD_0LC1RD	Jp	4	20	1	-CC|+CD|-DC|+CD
1RB1LC_0LC1RD_1LA0RD_0LC1RD	Jp	4	20	1	-CC|+CD|-DC|+CD
1RB1LC_0RC0RD_1LA0RD_0LC1RD	Jp	4	20	1	-CC|+CD|-DC|+CD
1RB1LC_0RC1LD_1LA0RD_0LC1RD	Jp	4	20	1	-CC|+CD|-DC|+CD
1RB1LC_0RC1RD_1LA0RD_0LC1RD	Jp	4	20	1	-CC|+CD|-DC|+CD
1RB1LC_1LA0RD_1LA0RD_0LC1RD	Jp	4	20	1	-CC|+CD|-DC|+CD
1RB1LC_1LA1LC_1LB0RD_0LC1RD	Jp	4	20	1	-CC|+CD|-DC|+CD
1RB1LC_1LA1LD_1LA0RD_0LC1RD	Jp	4	20	1	-CC|+CD|-DC|+CD
1RB1LC_1LA1RA_1LA0RD_0LC1RD	Jp	4	20	1	-CC|+CD|-DC|+CD
1RB1LC_1LA1RD_1LA0RD_0LC1RD	Jp	4	20	1	-CC|+CD|-DC|+CD
1RB1LC_1LC0RD_1LA0RD_0LC1RD	Jp	4	20	1	-CC|+CD|-DC|+CD
1RB1LC_1LC1LD_1LA0RD_0LC1RD	Jp	4	20	1	-CC|+CD|-DC|+CD
1RB1LC_1LC1RD_1LA0RD_0LC1RD	Jp	4	20	1	-CC|+CD|-DC|+CD
1RB1LC_1RC0RD_1LA0RD_0LC1RD	Jp	4	20	1	-CC|+CD|-DC|+CD
1RB1LC_1RC1LD_1LA0RD_0LC1RD	Jp	4	20	1	-CC|+CD|-DC|+CD
1RB1LC_1RC1RA_1LA0RD_0LC1RD	Jp	4	20	1	-CC|+CD|-DC|+CD
1RB1LC_1RC1RB_1LA0RD_0LC1RD	Jp	4	20	1	-CC|+CD|-DC|+CD
1RB1LC_1RC1RD_1LA0RD_0LC1RD	Jp	4	20	1	-CC|+CD|-DC|+CD
1RB1RB_1LA1LC_1LB0RD_0LC1RD	Jp	4	20	1	-CC|+CD|-DC|+CD
1RB1RC_1LA1LC_1LB0RD_0LC1RD	Jp	4	20	1	-CC|+CD|-DC|+CD
1RB1LA_0LA1RC_0LD0RB_---1LA	Ip	3	20	2	+AB|-BA|+AB
1RB1LA_0LA1RC_0LD0RB_---1RA	Ip	3	20	2	+AB|-BA|+AB
1RB1LA_0LA1RC_0LD0RB_---1RB	Ip	3	20	2	+AB|-BA|+AB
1RB1LA_0LA1RC_0LD0RB_0LA1RD	Ip	3	20	2	+AB|-BA|+AB
1RB1LA_0LA1RC_0LD0RB_0RA1LD	Ip	3	20	2	+AB|-BA|+AB
1RB1LA_0LA1RC_0LD0RB_0RB1RD	Ip	3	20	2	+AB|-BA|+AB
1RB1LA_0LA1RC_0LD0RB_1LA0RC	Ip	3	20	2	+AB|-BA|+AB
1RB1LA_0LA1RC_0LD0RB_1LA1LD	Ip	3	20	2	+AB|-BA|+AB
1RB1LA_0LA1RC_0LD0RB_1LB1RD	Ip	3	20	2	+AB|-BA|+AB
1RB1LA_0LA1RC_0LD0RB_1RA0RC	Ip	3	20	2	+AB|-BA|+AB
1RB1LA_0LA1RC_0LD0RB_1RA1LD	Ip	3	20	2	+AB|-BA|+AB
1RB1LA_0LA1RC_0LD0RB_1RB0RC	Ip	3	20	2	+AB|-BA|+AB
1RB1LA_0LA1RC_0LD0RB_1RB1LD	Ip	3	20	2	+AB|-BA|+AB
1RB1LA_0LA1RC_0RD0RB_0LA---	Ip	3	20	2	+AB|-BA|+AB
1RB1LA_0LA1RC_0RD0RB_0LB---	Ip	3	20	2	+AB|-BA|+AB
1RB1LA_0LA1RC_0RD0RB_0LD1LA	Ip	3	20	2	+AB|-BA|+AB
1RB1LA_0LA1RC_0RD0RB_0LD1RA	Ip	3	20	2	+AB|-BA|+AB
1RB1LA_0LA1RC_0RD0RB_0LD1RB	Ip	3	20	2	+AB|-BA|+AB
1RB1LA_0LA1RC_0RD0RB_1LB1RA	Ip	3	20	2	+AB|-BA|+AB
1RB1LA_0LA1RC_0RD0RB_1LB1RD	Ip	3	20	2	+AB|-BA|+AB
1RB1LA_0LA1RC_0RD0RB_1LC0LA	Ip	3	20	2	+AB|-BA|+AB
1RB1LA_0LA1RC_0RD0RB_1LC0LB	Ip	3	20	2	+AB|-BA|+AB
1RB1LA_0LA1RC_1LD0RB_---1RC	Ip	3	20	2	+AB|-BA|+AB
1RB1LA_0LA1RC_1LD0RB_0LC1RD	Ip	3	20	2	+AB|-BA|+AB
1RB1LA_0LA1RC_1LD0RB_0RB1LD	Ip	3	20	2	+AB|-BA|+AB
1RB1LA_0LA1RC_1RD0RB_0LC---	Ip	3	20	2	+AB|-BA|+AB
1RB1LA_0LA1RC_1RD0RB_0LD0LA	Ip	3	20	2	+AB|-BA|+AB
1RB1LA_0LA1RC_1RD0RB_0LD0RB	Ip	3	20	2	+AB|-BA|+AB
1RB1LA_0LA1RC_1RD0RB_0LD1LB	Ip	3	20	2	+AB|-BA|+AB
0RB1LD_0RC1RB_0LD1RC_1LA0RC	Jp	4	20	3	-DD|+DC|-CD|+DC
0RB1LD_1LC1RB_0LD1RC_1LA0RC	Jp	4	20	3	-DD|+DC|-CD|+DC
0RB1LD_1RC1LB_0LD1RC_1LA0RC	Jp	4	20	3	-DD|+DC|-CD|+DC
0RB1LD_1RC1RB_0LD1RC_1LA0RC	Jp	4	20	3	-DD|+DC|-CD|+DC
1RB0RC_1LA1LD_0LD1RC_1LB0RC	Jp	4	20	3	-DD|+DC|-CD|+DC
1RB1LD_0LB0RC_0LD1RC_1LA0RC	Jp	4	20	3	-DD|+DC|-CD|+DC
1RB1LD_0LB1RC_0LD1RC_1LA0RC	Jp	4	20	3	-DD|+DC|-CD|+DC
1RB1LD_0LC0RC_0LD1RC_1LA0RC	Jp	4	20	3	-DD|+DC|-CD|+DC
1RB1LD_0LC1LC_0LD1RC_1LA0RC	Jp	4	20	3	-DD|+DC|-CD|+DC
1RB1LD_0LC1RA_0LD1RC_1LA0RC	Jp	4	20	3	-DD|+DC|-CD|+DC
1RB1LD_0LC1RB_0LD1RC_1LA0RC	Jp	4	20	3	-DD|+DC|-CD|+DC
1RB1LD_0LC1RC_0LD1RC_1LA0RC	Jp	4	20	3	-DD|+DC|-CD|+DC
1RB1LD_0RC0RC_0LD1RC_1LA0RC	Jp	4	20	3	-DD|+DC|-CD|+DC
1RB1LD_0RC1LB_0LD1RC_1LA0RC	Jp	4	20	3	-DD|+DC|-CD|+DC
1RB1LD_0RC1LC_0LD1RC_1LA0RC	Jp	4	20	3	-DD|+DC|-CD|+DC
1RB1LD_0RC1RA_0LD1RC_1LA0RC	Jp	4	20	3	-DD|+DC|-CD|+DC
1RB1LD_0RC1RC_0LD1RC_1LA0RC	Jp	4	20	3	-DD|+DC|-CD|+DC
1RB1LD_1LB0RC_0LD1RC_1LA0RC	Jp	4	20	3	-DD|+DC|-CD|+DC
1RB1LD_1LB1RC_0LD1RC_1LA0RC	Jp	4	20	3	-DD|+DC|-CD|+DC
1RB1LD_1LC0RC_0LD1RC_1LA0RC	Jp	4	20	3	-DD|+DC|-CD|+DC
1RB1LD_1LC1LC_0LD1RC_1LA0RC	Jp	4	20	3	-DD|+DC|-CD|+DC
1RB1LD_1LC1RA_0LD1RC_1LA0RC	Jp	4	20	3	-DD|+DC|-CD|+DC
1RB1LD_1LC1RC_0LD1RC_1LA0RC	Jp	4	20	3	-DD|+DC|-CD|+DC
1RB1LD_1RC0RC_0LD1RC_1LA0RC	Jp	4	20	3	-DD|+DC|-CD|+DC
1RB1LD_1RC1LC_0LD1RC_1LA0RC	Jp	4	20	3	-DD|+DC|-CD|+DC
1RB1LD_1RC1RA_0LD1RC_1LA0RC	Jp	4	20	3	-DD|+DC|-CD|+DC
1RB1LD_1RC1RC_0LD1RC_1LA0RC	Jp	4	20	3	-DD|+DC|-CD|+DC
1RB1RC_1LA1LD_0LD1RC_1LB0RC	Jp	4	20	3	-DD|+DC|-CD|+DC
1RB1LA_0LC1RD_0RA1RD_0LA0RB	Ip	2	16	4	-DA|+AB
1RB1LA_1LC1RD_0RB0LB_0LA0RB	Ip	2	16	4	-DA|+AB
1RB1LA_1LC1RD_0RB0LC_0LA0RB	Ip	2	16	4	-DA|+AB
1RB1LA_1LC1RD_0RB0RA_0LA0RB	Ip	2	16	4	-DA|+AB
1RB1LA_1LC1RD_0RB0RB_0LA0RB	Ip	2	16	4	-DA|+AB
1RB1LA_1LC1RD_0RB0RC_0LA0RB	Ip	2	16	4	-DA|+AB
1RB1LA_1LC1RD_0RB0RD_0LA0RB	Ip	2	16	4	-DA|+AB
1RB1LA_1LC1RD_0RB1LA_0LA0RB	Ip	2	16	4	-DA|+AB
1RB1LA_1LC1RD_0RB1LB_0LA0RB	Ip	2	16	4	-DA|+AB
1RB1LA_1LC1RD_0RB1LC_0LA0RB	Ip	2	16	4	-DA|+AB
1RB1LA_1LC1RD_0RB1RA_0LA0RB	Ip	2	16	4	-DA|+AB
1RB1LA_1LC1RD_0RB1RB_0LA0RB	Ip	2	16	4	-DA|+AB
1RB1LA_1LC1RD_0RB1RC_0LA0RB	Ip	2	16	4	-DA|+AB
1RB1LA_1LC1RD_0RB1RD_0LA0RB	Ip	2	16	4	-DA|+AB
1RB1LA_1LC1RD_0RC1RD_0LA0RB	Ip	2	16	4	-DA|+AB
1RB1LA_1LC1RD_1LB0RA_0LA0RB	Ip	2	16	4	-DA|+AB
1RB1LA_1LC1RD_1LB0RB_0LA0RB	Ip	2	16	4	-DA|+AB
1RB1LA_1LC1RD_1LB1LA_0LA0RB	Ip	2	16	4	-DA|+AB
1RB1LA_1LC1RD_1LB1RA_0LA0RB	Ip	2	16	4	-DA|+AB
1RB1LA_1LC1RD_1LB1RB_0LA0RB	Ip	2	16	4	-DA|+AB
1RB1LA_1LC1RD_1LB1RC_0LA0RB	Ip	2	16	4	-DA|+AB
1RB1LA_1LC1RD_1LB1RD_0LA0RB	Ip	2	16	4	-DA|+AB
1RB1LA_1LC1RD_1LC1RD_0LA0RB	Ip	2	16	4	-DA|+AB
1RB1LA_1RC1RD_0LB---_0LA0RB	Ip	2	16	4	-DA|+AB
1RB1LA_1RC1RD_0LC1RD_0LA0RB	Ip	2	16	4	-DA|+AB
0RB1LA_1RC1LB_0LB1RD_0LA0RC	Ip	3	20	5	+BC|-CB|+BC
0RB1LB_1RC1LB_0LB1RD_0LA0RC	Ip	3	20	5	+BC|-CB|+BC
0RB1RB_1RC1LB_0LB1RD_0LA0RC	Ip	3	20	5	+BC|-CB|+BC
0RB1RC_1RC1LB_0LB1RD_0LA0RC	Ip	3	20	5	+BC|-CB|+BC
0RB1RD_1RC1LB_0LB1RD_1LA0RC	Ip	3	20	5	+BC|-CB|+BC
1RB---_1RC1LB_0LB1RD_0RA0RC	Ip	3	20	5	+BC|-CB|+BC
1RB---_1RC1LB_0LB1RD_1RA0RC	Ip	3	20	5	+BC|-CB|+BC
1RB0RD_1RC1LB_0LB1RD_0LA0RC	Ip	3	20	5	+BC|-CB|+BC
1RB1LA_1RC1LB_0LB1RD_0LA0RC	Ip	3	20	5	+BC|-CB|+BC
1RB1LB_1RC1LB_0LB1RD_0LA0RC	Ip	3	20	5	+BC|-CB|+BC
1RB1RA_1RC1LB_0LB1RD_1LA0RC	Ip	3	20	5	+BC|-CB|+BC
1RB1RB_1RC1LB_0LB1RD_0LA0RC	Ip	3	20	5	+BC|-CB|+BC
1RB1RC_1RC1LB_0LB1RD_0LA0RC	Ip	3	20	5	+BC|-CB|+BC
1RB1RD_1RC1LB_0LB1RD_1LA0RC	Ip	3	20	5	+BC|-CB|+BC
0RB---_0LC1RB_1LD0RB_1LA1LC	Jp	4	20	6	-CC|+CB|-BC|+CB
0RB0RB_0LC1RB_1LD0RB_1RA1LC	Jp	4	20	6	-CC|+CB|-BC|+CB
0RB1LA_0LC1RB_1LD0RB_1RA1LC	Jp	4	20	6	-CC|+CB|-BC|+CB
0RB1LB_0LC1RB_1LD0RB_1RA1LC	Jp	4	20	6	-CC|+CB|-BC|+CB
0RB1RA_0LC1RB_1LD0RB_0RA1LC	Jp	4	20	6	-CC|+CB|-BC|+CB
0RB1RB_0LC1RB_1LD0RB_1RA1LC	Jp	4	20	6	-CC|+CB|-BC|+CB
0RB1RD_0LC1RB_1LD0RB_1RA1LC	Jp	4	20	6	-CC|+CB|-BC|+CB
1RB0RB_0LC1RB_1LD0RB_1RA1LC	Jp	4	20	6	-CC|+CB|-BC|+CB
1RB1LA_0LC1RB_1LD0RB_0RA1LC	Jp	4	20	6	-CC|+CB|-BC|+CB
1RB1LB_0LC1RB_1LD0RB_1RA1LC	Jp	4	20	6	-CC|+CB|-BC|+CB
1RB1RA_0LC1RB_1LD0RB_0RA1LC	Jp	4	20	6	-CC|+CB|-BC|+CB
1RB1RB_0LC1RB_1LD0RB_1RA1LC	Jp	4	20	6	-CC|+CB|-BC|+CB
1RB1RD_0LC1RB_1LD0RB_1RA1LC	Jp	4	20	6	-CC|+CB|-BC|+CB
0RB1LA_0LC1RD_1RB1LC_1LA0RB	Ip	3	20	7	+CB|-BC|+CB
0RB1LC_0LC1RD_1RB1LC_0LA0RB	Ip	3	20	7	+CB|-BC|+CB
0RB1RA_0LC1RD_1RB1LC_0LA0RB	Ip	3	20	7	+CB|-BC|+CB
0RB1RB_0LC1RD_1RB1LC_0LA0RB	Ip	3	20	7	+CB|-BC|+CB
0RB1RC_0LC1RD_1RB1LC_0LA0RB	Ip	3	20	7	+CB|-BC|+CB
0RB1RD_0LC1RD_1RB1LC_1LA0RB	Ip	3	20	7	+CB|-BC|+CB
1RB0RD_0LC1RD_1RB1LC_0LA0RB	Ip	3	20	7	+CB|-BC|+CB
1RB1LA_0LC1RD_1RB1LC_0LA0RB	Ip	3	20	7	+CB|-BC|+CB
1RB1LC_0LC1RD_1RB1LC_0LA0RB	Ip	3	20	7	+CB|-BC|+CB
1RB1RB_0LC1RD_1RB1LC_0LA0RB	Ip	3	20	7	+CB|-BC|+CB
1RB1RC_0LC1RD_1RB1LC_0LA0RB	Ip	3	20	7	+CB|-BC|+CB
1RB1RD_0LC1RD_1RB1LC_1LA0RB	Ip	3	20	7	+CB|-BC|+CB
0RB0RD_1LC0RD_1RA1LB_0LB1RD	Jp	4	20	8	-BB|+BD|-DB|+BD
0RB1LD_1LC0RD_1RA1LB_0LB1RD	Jp	4	20	8	-BB|+BD|-DB|+BD
0RB1RD_1LC0RD_1RA1LB_0LB1RD	Jp	4	20	8	-BB|+BD|-DB|+BD
1RB0RD_1LC0RD_1RA1LB_0LB1RD	Jp	4	20	8	-BB|+BD|-DB|+BD
1RB1LA_1LC0RD_0RA1LB_0LB1RD	Jp	4	20	8	-BB|+BD|-DB|+BD
1RB1LD_1LC0RD_1RA1LB_0LB1RD	Jp	4	20	8	-BB|+BD|-DB|+BD
1RB1RA_1LC0RD_1RA1LB_0LB1RD	Jp	4	20	8	-BB|+BD|-DB|+BD
1RB1RC_1LC0RD_1RA1LB_0LB1RD	Jp	4	20	8	-BB|+BD|-DB|+BD
1RB1RD_1LC0RD_1RA1LB_0LB1RD	Jp	4	20	8	-BB|+BD|-DB|+BD
1RB1LA_0LC1RD_1LA0LB_0LA0RB	Ip	2	18	9	-CA|+AB
1RB1LA_0LC1RD_1LA0LC_0LA0RB	Ip	2	18	9	-CA|+AB
1RB1LA_0LC1RD_1LA0RB_0LA0RB	Ip	2	18	9	-CA|+AB
1RB1LA_0LC1RD_1LA0RC_0LA0RB	Ip	2	18	9	-CA|+AB
1RB1LA_0LC1RD_1LA1LA_0LA0RB	Ip	2	18	9	-CA|+AB
1RB1LA_0LC1RD_1LA1LC_0LA0RB	Ip	2	18	9	-CA|+AB
1RB1LA_0LC1RD_1LA1RC_0LA0RB	Ip	2	18	9	-CA|+AB
1RB1LA_0LC1RD_1LA1RD_0LA0RB	Ip	2	18	9	-CA|+AB
1RB1LA_0LC1RD_1LC1LA_0LA0RB	Ip	2	18	9	-CA|+AB
1RB1LA_0LC1RD_1RD0LB_0LA0RB	Ip	3	20	10	+CD|-DA|+AB
1RB1LA_0LC1RD_1RD0LC_0LA0RB	Ip	3	20	10	+CD|-DA|+AB
1RB1LA_0LC1RD_1RD0RB_0LA0RB	Ip	3	20	10	+CD|-DA|+AB
1RB1LA_0LC1RD_1RD0RC_0LA0RB	Ip	3	20	10	+CD|-DA|+AB
1RB1LA_0LC1RD_1RD1LA_0LA0RB	Ip	3	20	10	+CD|-DA|+AB
1RB1LA_0LC1RD_1RD1LC_0LA0RB	Ip	3	20	10	+CD|-DA|+AB
1RB1LA_0LC1RD_1RD1RC_0LA0RB	Ip	3	20	10	+CD|-DA|+AB
1RB1LA_0LC1RD_1RD1RD_0LA0RB	Ip	3	20	10	+CD|-DA|+AB
0RB0RC_1LC0LC_0LD1RA_1RC1LD	Ip	3	20	11	+DC|-CD|+DC
0RB1RB_1LA0RC_0LD1RB_1RC1LD	Ip	3	20	11	+DC|-CD|+DC
1RB0RC_0LA---_0LD1RA_1RC1LD	Ip	3	20	11	+DC|-CD|+DC
1RB0RC_0LB0RC_0LD1RA_1RC1LD	Ip	3	20	11	+DC|-CD|+DC
1RB0RC_0LB1LC_0LD1RA_1RC1LD	Ip	3	20	11	+DC|-CD|+DC
1RB1RB_1LA0RC_0LD1RB_1RC1LD	Ip	3	20	11	+DC|-CD|+DC
0RB0RD_0LC---_1RD1LC_0LC1RA	Ip	3	20	12	+CD|-DC|+CD
0RB0RD_1LA0LC_1RD1LC_0LC1RA	Ip	3	20	12	+CD|-DC|+CD
0RB0RD_1LA1RC_1RD1LC_0LC1RA	Ip	3	20	12	+CD|-DC|+CD
0RB0RD_1RC---_1RD1LC_0LC1RA	Ip	3	20	12	+CD|-DC|+CD
1RB0RD_1RC---_1RD1LC_0LC1RA	Ip	3	20	12	+CD|-DC|+CD
1RB1RC_0LA0RD_1RD1LC_0LC1RB	Ip	3	20	12	+CD|-DC|+CD
0RB1RC_1LC0LB_0LD0RA_1RA1LD	Ip	2	16	13	-CD|+DA
1RB1RC_0LA---_0LD0RA_1RA1LD	Ip	2	16	13	-CD|+DA
1RB1RC_0LB1RC_0LD0RA_1RA1LD	Ip	2	16	13	-CD|+DA
1RB1LA_0LC1RD_1LD1LA_0LA0RB	Ip	6	26	14	-CD|+DD|-DA|+AD|-DA|+AB
1RB1LA_0LC1RD_1LD1RC_0LA0RB	Ip	6	26	14	-CD|+DD|-DA|+AD|-DA|+AB
1RB1LA_0LC1RD_1LD1RD_0LA0RB	Ip	6	26	14	-CD|+DD|-DA|+AD|-DA|+AB
0RB---_0LC1RB_1LA1LD_1LC0RB	Jp	2	16	15	-BD|+DB
1RB1RA_0LC1RB_0RA1LD_1LC0RB	Jp	2	16	15	-BD|+DB
0RB0RB_0LC1RD_1RB1LC_0LA0RB	Ip	6	20	16	-DA|+AB|-BC|+CB|-BC|+CB
1RB0RB_0LC1RD_1RB1LC_0LA0RB	Ip	6	20	16	-DA|+AB|-BC|+CB|-BC|+CB
0RB0RC_1RC1LB_0LB1RD_0LA0RC	Ip	6	20	17	-DA|+AC|-CB|+BC|-CB|+BC
1RB0RC_1RC1LB_0LB1RD_0LA0RC	Ip	6	20	17	-DA|+AC|-CB|+BC|-CB|+BC
0RB1LD_1RC1RB_0LA1RC_1LA0RC	Jp	2	16	18	-CD|+DC
1RB1LD_0LC1RB_0LA1RC_1LA0RC	Jp	2	16	18	-CD|+DC
0RB1RB_0LC0RD_1RD1LC_0LA1RB	Ip	7	24	19	+AB|-BC|+CD|-DA|+AB|-BC|+CD
1RB1LA_0LC1RD_0RD1RD_0LA0RB	Ip	7	24	19	+AB|-BC|+CD|-DA|+AB|-BC|+CD
0RB1RD_1RC1LB_0LA1RD_0LB0RC	Ip	2	16	20	-DB|+BC
1RB1LD_1RC1LB_0LA1RD_0LB0RC	Ip	2	16	20	-DB|+BC
1RB---_0LC0RD_1RD1LC_0LA1RB	Ip	3	20	21	+AB|-BC|+CD
1RB0RD_0LB0LC_1RD1LC_0LC1RA	Ip	3	18	21	+AB|-BC|+CD
1RB1LA_0LA1RC_0LD0RB_0LA0RD	Ip	6	20	22	-CD|+DD|-DA|+AB|-BA|+AB
1RB1LA_0LA1RC_1LD0RB_0LB0RD	Ip	6	22	22	-CD|+DD|-DA|+AB|-BA|+AB
1RB1LA_0RC1RD_0LD---_0LA0RB	Ip	4	24	23	+AC|-CA|+AC|-CD
1RB1LA_0RC1RD_1LD0LD_0LA0RB	Ip	4	24	23	+AC|-CA|+AC|-CD
0RB---_1LA1RC_0LD0RB_1RB1LD	Ip	2	16	24	-CD|+DB
0RB0RC_0LC---_0LD1RA_1RC1LD	Ip	3	18	25	+AB|-BD|+DC
0RB0RC_1LA0LC_0LD1RA_1RC1LD	Ip	5	20	26	+AB|-BA|+AB|-BD|+DC
0RB0RC_1LC0LA_0LD1RA_1RC1LD	Ip	3	20	27	+AB|-BD|+DB
0RB1LC_0LC0RD_1RD1LC_0LA1RB	Ip	5	22	28	+AB|-BC|+CD|-DC|+CD
0RB1RC_0LC---_0LD0RA_1RA1LD	Ip	4	24	29	+DB|-BD|+DB|-BC
0RB1RC_1LA0LC_0LD0RA_1RA1LD	Ip	8	28	30	+DB|-BA|+AB|-BD|+DB|-BA|+AB|-BC
1RB0LA_1RC1LB_0LB1RD_0LA0RC	Ip	4	24	31	+AC|-CB|+BD|-DA
1RB0LB_1RC1LB_0LA1RD_0LB0RC	Ip	3	22	32	+AC|-CB|+BC
1RB0LC_1LA0LC_0LB0RD_1RD0RC	Jp	2	18	33	-BC|+CC
1RB0LC_1RC1LB_0LA1RD_0LB0RC	Ip	5	24	34	+AC|-CC|+CD|-DB|+BC
1RB0RC_0LA0RC_0LD1RB_1RC1LD	Ip	6	20	35	-BA|+AC|-CD|+DC|-CD|+DC
1RB1LA_0LA1RC_0LD0RB_---0RB	Ip	6	20	36	-CD|+DB|-BA|+AB|-BA|+AB
1RB1LA_0LA1RC_0LD0RB_0LC1RD	Ip	8	22	37	-CD|+DD|-DC|+CB|-BA|+AB|-BA|+AB
1RB1LA_0LA1RC_0LD0RB_1RA0LD	Ip	4	24	38	+DB|-BA|+AC|-CD
1RB1LA_0LA1RC_0RD0RB_0LD0RB	Ip	7	22	39	+CD|-DD|+DB|-BA|+AB|-BA|+AB
1RB1LA_0LA1RC_0RD0RB_1LB0LC	Ip	3	20	40	+CD|-DA|+AD
1RB1LA_0LA1RC_1RD0RB_0LD0LC	Ip	7	22	41	+CD|-DC|+CB|-BA|+AB|-BA|+AB
1RB1LA_0LC1RD_0RD1LA_0LA0RB	Ip	5	22	42	+AB|-BA|+AB|-BC|+CD
1RB1LA_0LC1RD_1RA0LB_0LA0RB	Ip	5	24	43	+CB|-BB|+BD|-DA|+AB
1RB1LA_0LC1RD_1RB1LA_0LA0RB	Ip	3	20	44	+CB|-BA|+AB
1RB1LA_0LC1RD_1RB1RD_0LA0RB	Ip	5	22	45	+CB|-BC|+CD|-DA|+AB
1RB1LA_0RC1RD_1LB0LD_0LA0RB	Ip	8	28	46	+AC|-CB|+BC|-CA|+AC|-CB|+BC|-CD
1RB1LA_1RC1RD_0LC0LA_0LA0RB	Ip	4	24	47	+AC|-CA|+AC|-CC
1RB1LC_0LA0RD_1RD1LC_0LC1RB	Ip	2	16	48	-BC|+CD
1RB1LC_0LA1RD_1RB1LC_0LC0RB	Ip	3	20	49	+AB|-BC|+CB
1RB1RC_0LA0RC_0LD1RB_1RC1LD	Ip	4	18	50	-BA|+AC|-CD|+DC
1RB1RC_0LA1RC_0LD0RB_1RB1LD	Ip	5	22	51	+AB|-BA|+AC|-CD|+DB
1RB1RD_0LB0LC_1RA1LC_0LC0RA	Ip	2	16	52	-BC|+CA
