machine	ngram_n	tags	detail
1RB---_0RC0RB_1LC0LD_1RA0LD	2	offwindow-fuel	first-fail=orient=R n=2 t=0 q=A; at n=2 t=0 contexts=73: q=A: scc[sz=1 dir=L winfuel=n states=C]; q=B: scc[sz=1 dir=L winfuel=n states=C]; q=D: scc[sz=1 dir=L winfuel=n states=C]
1RB0LA_0LC1RD_1LC1LA_0RB0RD	2	offwindow-fuel	first-fail=orient=R n=2 t=0 q=A; at n=2 t=0 contexts=128: q=A: scc[sz=1 dir=L winfuel=n states=C]; q=B: scc[sz=1 dir=L winfuel=n states=C]; q=D: scc[sz=1 dir=L winfuel=n states=C]
1RB0LA_0LC1RD_1LC1LA_0RC0RD	2	offwindow-fuel	first-fail=orient=R n=2 t=0 q=A; at n=2 t=0 contexts=98: q=A: scc[sz=1 dir=L winfuel=n states=C]; q=B: scc[sz=1 dir=L winfuel=n states=C]; q=D: scc[sz=1 dir=L winfuel=n states=C]
1RB0LA_0RC0RB_0LD1LA_1LD0LA	2	offwindow-fuel	first-fail=orient=R n=2 t=0 q=A; at n=2 t=0 contexts=96: q=A: scc[sz=1 dir=L winfuel=n states=D]; q=B: scc[sz=1 dir=L winfuel=n states=D]; q=C: scc[sz=1 dir=L winfuel=n states=D]
1RB0LA_0RC0RB_0LD1LA_1LD1RC	2	offwindow-fuel	first-fail=orient=R n=2 t=0 q=A; at n=2 t=0 contexts=112: q=A: scc[sz=1 dir=L winfuel=n states=D]; q=B: scc[sz=1 dir=L winfuel=n states=D]; q=C: scc[sz=1 dir=L winfuel=n states=D]
1RB0LA_0RC1RB_0LD0RB_1LD0LA	2	offwindow-fuel	first-fail=orient=R n=2 t=0 q=A; at n=2 t=0 contexts=80: q=A: scc[sz=1 dir=L winfuel=n states=D]; q=B: scc[sz=1 dir=L winfuel=n states=D]; q=C: scc[sz=1 dir=L winfuel=n states=D]
1RB0LA_1LC0RD_0LC1LA_0RB1RD	2	offwindow-fuel	first-fail=orient=R n=2 t=0 q=A; at n=2 t=0 contexts=128: q=A: scc[sz=1 dir=L winfuel=n states=C]; q=B: scc[sz=1 dir=L winfuel=n states=C]; q=D: scc[sz=1 dir=L winfuel=n states=C]
1RB0LA_1RC---_0RD0RC_1LD0LA	2	offwindow-fuel	first-fail=orient=R n=2 t=0 q=A; at n=2 t=0 contexts=70: q=A: scc[sz=1 dir=L winfuel=n states=D]; q=B: scc[sz=1 dir=L winfuel=n states=D]; q=C: scc[sz=1 dir=L winfuel=n states=D]
1RB0LA_1RC1LA_0RD0RC_1LD0RB	2	offwindow-fuel	first-fail=orient=R n=2 t=0 q=A; at n=2 t=0 contexts=106: q=A: scc[sz=1 dir=L winfuel=n states=D]; q=B: scc[sz=1 dir=L winfuel=n states=D]; q=C: scc[sz=1 dir=L winfuel=n states=D]
1RB0LA_1RC1LA_0RD0RC_1LD1RB	2	offwindow-fuel	first-fail=orient=R n=2 t=0 q=A; at n=2 t=0 contexts=82: q=A: scc[sz=1 dir=L winfuel=n states=D]; q=B: scc[sz=1 dir=L winfuel=n states=D]; q=C: scc[sz=1 dir=L winfuel=n states=D]
1RB0LB_0RC1RB_0RD0RC_1LD1LA	2	offwindow-fuel	first-fail=orient=R n=2 t=0 q=A; at n=2 t=0 contexts=56: q=A: scc[sz=1 dir=L winfuel=n states=D]; q=B: scc[sz=1 dir=L winfuel=n states=D]; q=C: scc[sz=1 dir=L winfuel=n states=D]
1RB0LB_1RC1LA_0RD0RC_1LD1RB	2	offwindow-fuel	first-fail=orient=R n=2 t=0 q=A; at n=2 t=0 contexts=78: q=A: scc[sz=1 dir=L winfuel=n states=D]; q=B: scc[sz=1 dir=L winfuel=n states=D]; q=C: scc[sz=1 dir=L winfuel=n states=D]
1RB0LC_1LB1RC_1RD1LA_0RB0RD	2	offwindow-fuel	first-fail=orient=R n=2 t=0 q=A; at n=2 t=0 contexts=86: q=A: scc[sz=1 dir=L winfuel=n states=B]; q=C: scc[sz=1 dir=L winfuel=n states=B]; q=D: scc[sz=1 dir=L winfuel=n states=B]
1RB0LC_1LC0LA_0LD0LB_1RD0RB	3	offwindow-fuel	first-fail=orient=R n=3 t=0 q=A; at n=3 t=0 contexts=128: q=A: scc[sz=1 dir=R winfuel=n states=D]; q=B: scc[sz=1 dir=R winfuel=n states=D]; q=C: scc[sz=1 dir=R winfuel=n states=D]
1RB0LD_1LC0LA_1LA0LC_1RD0RB	2	offwindow-fuel	first-fail=orient=R n=2 t=0 q=A; at n=2 t=0 contexts=66: q=A: scc[sz=1 dir=R winfuel=n states=D]; q=B: scc[sz=1 dir=R winfuel=n states=D]; q=C: scc[sz=1 dir=R winfuel=n states=D]
1RB0RA_0RC0RB_1LC0LD_1RA1LD	2	offwindow-fuel	first-fail=orient=R n=2 t=0 q=A; at n=2 t=0 contexts=114: q=A: scc[sz=1 dir=L winfuel=n states=C]; q=B: scc[sz=1 dir=L winfuel=n states=C]; q=D: scc[sz=1 dir=L winfuel=n states=C]
1RB0RA_1LC0RB_0LC0LD_1RA1LD	2	offwindow-fuel	first-fail=orient=R n=2 t=0 q=A; at n=2 t=0 contexts=128: q=A: scc[sz=1 dir=L winfuel=n states=C]; q=B: scc[sz=1 dir=L winfuel=n states=C]; q=D: scc[sz=1 dir=L winfuel=n states=C]
1RB0RA_1LC0RB_1LC0LD_1RA1LD	2	offwindow-fuel	first-fail=orient=R n=2 t=0 q=A; at n=2 t=0 contexts=94: q=A: scc[sz=1 dir=L winfuel=n states=C]; q=B: scc[sz=1 dir=L winfuel=n states=C]; q=D: scc[sz=1 dir=L winfuel=n states=C]
1RB0RB_1LC1RA_0LD0LC_1RD0RB	3	offwindow-fuel	first-fail=orient=R n=3 t=0 q=A; at n=3 t=0 contexts=253: q=A: scc[sz=1 dir=R winfuel=n states=D]; q=B: scc[sz=1 dir=R winfuel=n states=D]; q=C: scc[sz=1 dir=R winfuel=n states=D]
1RB0RB_1LC1RA_0LD0LC_1RD1LB	2	offwindow-fuel	first-fail=orient=R n=2 t=0 q=A; at n=2 t=0 contexts=92: q=A: scc[sz=1 dir=R winfuel=n states=D]; q=B: scc[sz=1 dir=R winfuel=n states=D]; q=C: scc[sz=1 dir=R winfuel=n states=D]
1RB0RC_1RC0RB_1LA0RD_1LD0LA	2	offwindow-fuel	first-fail=orient=R n=2 t=0 q=A; at n=2 t=0 contexts=63: q=A: scc[sz=1 dir=L winfuel=n states=D]; q=B: scc[sz=1 dir=L winfuel=n states=D]; q=C: scc[sz=1 dir=L winfuel=n states=D]
1RB0RD_0RC0RA_1LC0LA_1LA0RB	3	offwindow-fuel	first-fail=orient=R n=3 t=0 q=A; at n=3 t=0 contexts=128: q=A: scc[sz=1 dir=L winfuel=n states=C]; q=B: scc[sz=1 dir=L winfuel=n states=C]; q=D: scc[sz=1 dir=L winfuel=n states=C]
1RB1LA_0LA1LC_0RD0LC_1RD0RB	2	offwindow-fuel	first-fail=orient=R n=2 t=0 q=A; at n=2 t=0 contexts=128: q=A: scc[sz=1 dir=R winfuel=n states=D]; q=B: scc[sz=1 dir=R winfuel=n states=D]; q=C: scc[sz=1 dir=R winfuel=n states=D]
1RB1LA_0LC0LB_1RC0RD_1LB1RA	4	offwindow-fuel	first-fail=orient=R n=4 t=0 q=A; at n=4 t=0 contexts=427: q=A: scc[sz=1 dir=R winfuel=n states=C]; q=B: scc[sz=1 dir=R winfuel=n states=C]; q=D: scc[sz=1 dir=R winfuel=n states=C]
1RB1LA_0RC0RB_0LD1LA_1LD0LA	2	offwindow-fuel	first-fail=orient=R n=2 t=0 q=A; at n=2 t=0 contexts=95: q=A: scc[sz=1 dir=L winfuel=n states=D]; q=B: scc[sz=1 dir=L winfuel=n states=D]; q=C: scc[sz=1 dir=L winfuel=n states=D]
1RB1LA_0RC0RB_0RD1LA_1LD0LA	2	offwindow-fuel	first-fail=orient=R n=2 t=0 q=A; at n=2 t=0 contexts=87: q=A: scc[sz=1 dir=L winfuel=n states=D]; q=B: scc[sz=1 dir=L winfuel=n states=D]; q=C: scc[sz=1 dir=L winfuel=n states=D]
1RB1LA_0RC0RB_0RD1RA_1LD0LA	2	offwindow-fuel	first-fail=orient=R n=2 t=0 q=A; at n=2 t=0 contexts=91: q=A: scc[sz=1 dir=L winfuel=n states=D]; q=B: scc[sz=1 dir=L winfuel=n states=D]; q=C: scc[sz=1 dir=L winfuel=n states=D]
1RB1LA_0RC0RB_1LD1LA_1LC0LA	2	offwindow-fuel	first-fail=orient=R n=2 t=0 q=A; at n=2 t=0 contexts=87: q=A: scc[sz=2 dir=L winfuel=n states=CD]; q=B: scc[sz=2 dir=L winfuel=n states=CD]
1RB1LA_0RC0RB_1LD1LA_1LD0LA	2	offwindow-fuel	first-fail=orient=R n=2 t=0 q=A; at n=2 t=0 contexts=83: q=A: scc[sz=1 dir=L winfuel=n states=D]; q=B: scc[sz=1 dir=L winfuel=n states=D]; q=C: scc[sz=1 dir=L winfuel=n states=D]
1RB1LA_0RC0RB_1LD1RA_1LC0LA	2	offwindow-fuel	first-fail=orient=R n=2 t=0 q=A; at n=2 t=0 contexts=91: q=A: scc[sz=2 dir=L winfuel=n states=CD]; q=B: scc[sz=2 dir=L winfuel=n states=CD]
1RB1LA_0RC0RB_1LD1RA_1LD0LA	2	offwindow-fuel	first-fail=orient=R n=2 t=0 q=A; at n=2 t=0 contexts=87: q=A: scc[sz=1 dir=L winfuel=n states=D]; q=B: scc[sz=1 dir=L winfuel=n states=D]; q=C: scc[sz=1 dir=L winfuel=n states=D]
1RB1LA_0RC1RB_1LD0RB_0LD1LA	2	offwindow-fuel	first-fail=orient=R n=2 t=0 q=A; at n=2 t=0 contexts=81: q=A: scc[sz=1 dir=L winfuel=n states=D]; q=B: scc[sz=1 dir=L winfuel=n states=D]; q=C: scc[sz=1 dir=L winfuel=n states=D]
1RB1LA_0RC1RB_1LD0RC_0LD1LA	2	offwindow-fuel	first-fail=orient=R n=2 t=0 q=A; at n=2 t=0 contexts=71: q=A: scc[sz=1 dir=L winfuel=n states=D]; q=B: scc[sz=1 dir=L winfuel=n states=D]; q=C: scc[sz=1 dir=L winfuel=n states=D]
1RB1LA_1LA0RC_0RD0RB_1LD0LA	2	offwindow-fuel	first-fail=orient=R n=2 t=0 q=A; at n=2 t=0 contexts=79: q=A: scc[sz=1 dir=L winfuel=n states=D]; q=B: scc[sz=1 dir=L winfuel=n states=D]; q=C: scc[sz=1 dir=L winfuel=n states=D]
1RB1LA_1LA0RC_1LD0RB_1LD1LA	2	offwindow-fuel	first-fail=orient=R n=2 t=0 q=A; at n=2 t=0 contexts=43: q=A: scc[sz=1 dir=L winfuel=n states=D]; q=B: scc[sz=1 dir=L winfuel=n states=D]; q=C: scc[sz=1 dir=L winfuel=n states=D]
1RB1LA_1LA0RC_1LD0RB_1LD1RA	2	offwindow-fuel	first-fail=orient=R n=2 t=0 q=A; at n=2 t=0 contexts=45: q=A: scc[sz=1 dir=L winfuel=n states=D]; q=B: scc[sz=1 dir=L winfuel=n states=D]; q=C: scc[sz=1 dir=L winfuel=n states=D]
1RB1LA_1LB1LC_0LD0LC_1RD0RA	2	offwindow-fuel	first-fail=orient=R n=2 t=0 q=A; at n=2 t=0 contexts=82: q=A: scc[sz=1 dir=R winfuel=n states=D]; q=B: scc[sz=1 dir=R winfuel=n states=D]; q=C: scc[sz=1 dir=R winfuel=n states=D]
1RB1LA_1RC0RB_0LC1LD_0LD1RA	2	offwindow-fuel	first-fail=orient=R n=2 t=0 q=A; at n=2 t=0 contexts=99: q=A: scc[sz=1 dir=L winfuel=n states=D]; q=B: scc[sz=1 dir=L winfuel=n states=D]; q=C: scc[sz=1 dir=L winfuel=n states=D]
1RB1LA_1RC0RB_0RD0RC_1LD0LA	2	offwindow-fuel	first-fail=orient=R n=2 t=0 q=A; at n=2 t=0 contexts=114: q=A: scc[sz=1 dir=L winfuel=n states=D]; q=B: scc[sz=1 dir=L winfuel=n states=D]; q=C: scc[sz=1 dir=L winfuel=n states=D]
1RB1LA_1RC0RB_1LD0RC_0LD0LA	2	offwindow-fuel	first-fail=orient=R n=2 t=0 q=A; at n=2 t=0 contexts=128: q=A: scc[sz=1 dir=L winfuel=n states=D]; q=B: scc[sz=1 dir=L winfuel=n states=D]; q=C: scc[sz=1 dir=L winfuel=n states=D]
1RB1LA_1RC0RB_1LD0RC_1LD0LA	2	offwindow-fuel	first-fail=orient=R n=2 t=0 q=A; at n=2 t=0 contexts=103: q=A: scc[sz=1 dir=L winfuel=n states=D]; q=B: scc[sz=1 dir=L winfuel=n states=D]; q=C: scc[sz=1 dir=L winfuel=n states=D]
1RB1LA_1RC1RB_1LD0RC_0LD0LA	2	offwindow-fuel	first-fail=orient=R n=2 t=0 q=A; at n=2 t=0 contexts=94: q=A: scc[sz=1 dir=L winfuel=n states=D]; q=B: scc[sz=1 dir=L winfuel=n states=D]; q=C: scc[sz=1 dir=L winfuel=n states=D]
1RB1LC_1RC1RD_1LA0LC_0RD0RA	6	offwindow-fuel	first-fail=orient=R n=6 t=0 q=A; at n=6 t=0 contexts=2050: q=A: scc[sz=1 dir=R winfuel=n states=D]; q=B: scc[sz=1 dir=R winfuel=n states=D]; q=C: scc[sz=1 dir=R winfuel=n states=D]
1RB1LD_0RC0RB_1LC0LA_0RB1RD	3	offwindow-fuel	first-fail=orient=R n=3 t=0 q=A; at n=3 t=0 contexts=115: q=A: scc[sz=1 dir=L winfuel=n states=C]; q=B: scc[sz=1 dir=L winfuel=n states=C]; q=D: scc[sz=1 dir=L winfuel=n states=C]
1RB1LD_0RC0RB_1LC0LA_1LA0LA	3	offwindow-fuel	first-fail=orient=R n=3 t=0 q=A; at n=3 t=0 contexts=247: q=A: scc[sz=1 dir=L winfuel=n states=C]; q=B: scc[sz=1 dir=L winfuel=n states=C]; q=D: scc[sz=1 dir=L winfuel=n states=C]
1RB1LD_0RC0RB_1LC0LA_1LB1RD	4	offwindow-fuel	first-fail=orient=R n=4 t=0 q=A; at n=4 t=0 contexts=422: q=A: scc[sz=1 dir=L winfuel=n states=C]; q=B: scc[sz=1 dir=L winfuel=n states=C]; q=D: scc[sz=1 dir=L winfuel=n states=C]
1RB1LD_0RC0RB_1LC0RA_1RA0LD	2	offwindow-fuel	first-fail=orient=R n=2 t=0 q=A; at n=2 t=0 contexts=106: q=A: scc[sz=1 dir=L winfuel=n states=C]; q=B: scc[sz=1 dir=L winfuel=n states=C]; q=D: scc[sz=1 dir=L winfuel=n states=C]
1RB1LD_0RC0RB_1LC1RA_0LA0LA	2	offwindow-fuel	first-fail=orient=R n=2 t=0 q=A; at n=2 t=0 contexts=79: q=A: scc[sz=1 dir=L winfuel=n states=C]; q=B: scc[sz=1 dir=L winfuel=n states=C]; q=D: scc[sz=1 dir=L winfuel=n states=C]
1RB1LD_0RC0RB_1LC1RA_0LA0RA	2	offwindow-fuel	first-fail=orient=R n=2 t=0 q=A; at n=2 t=0 contexts=89: q=A: scc[sz=1 dir=L winfuel=n states=C]; q=B: scc[sz=1 dir=L winfuel=n states=C]; q=D: scc[sz=1 dir=L winfuel=n states=C]
1RB1LD_0RC0RB_1LC1RA_1LA0LA	2	offwindow-fuel	first-fail=orient=R n=2 t=0 q=A; at n=2 t=0 contexts=90: q=A: scc[sz=1 dir=L winfuel=n states=C]; q=B: scc[sz=1 dir=L winfuel=n states=C]; q=D: scc[sz=1 dir=L winfuel=n states=C]
1RB1LD_0RC0RB_1LC1RA_1RA0LA	2	offwindow-fuel	first-fail=orient=R n=2 t=0 q=A; at n=2 t=0 contexts=80: q=A: scc[sz=1 dir=L winfuel=n states=C]; q=B: scc[sz=1 dir=L winfuel=n states=C]; q=D: scc[sz=1 dir=L winfuel=n states=C]
1RB1LD_0RC0RB_1LC1RA_1RA0LD	2	offwindow-fuel	first-fail=orient=R n=2 t=0 q=A; at n=2 t=0 contexts=85: q=A: scc[sz=1 dir=L winfuel=n states=C]; q=B: scc[sz=1 dir=L winfuel=n states=C]; q=D: scc[sz=1 dir=L winfuel=n states=C]
1RB1LD_0RC0RB_1LC1RA_1RC0LA	2	offwindow-fuel	first-fail=orient=R n=2 t=0 q=A; at n=2 t=0 contexts=86: q=A: scc[sz=1 dir=L winfuel=n states=C]; q=B: scc[sz=1 dir=L winfuel=n states=C]; q=D: scc[sz=1 dir=L winfuel=n states=C]
1RB1RA_0LC0RB_1LC1LD_0RA0LD	2	offwindow-fuel	first-fail=orient=R n=2 t=0 q=A; at n=2 t=0 contexts=128: q=A: scc[sz=1 dir=L winfuel=n states=C]; q=B: scc[sz=1 dir=L winfuel=n states=C]; q=D: scc[sz=1 dir=L winfuel=n states=C]
1RB1RA_1LC0RB_0LC0LD_1RA1LD	2	offwindow-fuel	first-fail=orient=R n=2 t=0 q=A; at n=2 t=0 contexts=105: q=A: scc[sz=1 dir=L winfuel=n states=C]; q=B: scc[sz=1 dir=L winfuel=n states=C]; q=D: scc[sz=1 dir=L winfuel=n states=C]
1RB1RC_0RC0RB_0LD1LA_1LD0LA	2	offwindow-fuel	first-fail=orient=R n=2 t=0 q=A; at n=2 t=0 contexts=112: q=A: scc[sz=1 dir=L winfuel=n states=D]; q=B: scc[sz=1 dir=L winfuel=n states=D]; q=C: scc[sz=1 dir=L winfuel=n states=D]
1RB1RC_0RC1RB_0LD0RB_1LD0LA	2	offwindow-fuel	first-fail=orient=R n=2 t=0 q=A; at n=2 t=0 contexts=96: q=A: scc[sz=1 dir=L winfuel=n states=D]; q=B: scc[sz=1 dir=L winfuel=n states=D]; q=C: scc[sz=1 dir=L winfuel=n states=D]
1RB1RC_1LA0RC_1LD0RB_1LD1LA	2	offwindow-fuel	first-fail=orient=R n=2 t=0 q=A; at n=2 t=0 contexts=55: q=A: scc[sz=1 dir=L winfuel=n states=D]; q=B: scc[sz=1 dir=L winfuel=n states=D]; q=C: scc[sz=1 dir=L winfuel=n states=D]
1RB1RD_0RC0LA_1LC1LA_0RB0RD	2	offwindow-fuel	first-fail=orient=R n=2 t=0 q=A; at n=2 t=0 contexts=67: q=A: scc[sz=1 dir=L winfuel=n states=C]; q=B: scc[sz=1 dir=L winfuel=n states=C]; q=D: scc[sz=1 dir=L winfuel=n states=C]
1RB1RD_0RC0RD_1LC0LA_0RB0RB	3	offwindow-fuel	first-fail=orient=R n=3 t=0 q=A; at n=3 t=0 contexts=103: q=A: scc[sz=1 dir=L winfuel=n states=C]; q=B: scc[sz=1 dir=L winfuel=n states=C]; q=D: scc[sz=1 dir=L winfuel=n states=C]
1RB1RD_1LC0RC_1LB1LA_1LB0RD	3	offwindow-fuel	first-fail=orient=R n=3 t=0 q=A; at n=3 t=0 contexts=118: q=A: scc[sz=2 dir=L winfuel=n states=BC]; q=D: scc[sz=2 dir=L winfuel=n states=BC]
1RB1RD_1LC1RB_1LB1LA_1LC0RD	2	offwindow-fuel	first-fail=orient=R n=2 t=0 q=A; at n=2 t=0 contexts=47: q=A: scc[sz=2 dir=L winfuel=n states=BC]; q=D: scc[sz=2 dir=L winfuel=n states=BC]
