machine	theorem	file	quiet_state	last_visit	anchor	cert_ver
0RB---_1LA1LC_1RD0LB_0LB1RC	cqh_w3_00000	IQHStage_00.v	A	3	199397	v6
0RB---_1LA1LC_1RD0LB_1LD1RC	cqh_w3_00001	IQHStage_00.v	A	3	198762	v6
0RB---_1LA1LC_1RD0LD_1LB1RD	cqh_w3_00002	IQHStage_00.v	A	12	199687	v6
0RB---_1LA1LC_1RD1LB_1LB1RD	cqh_w3_00003	IQHStage_00.v	A	11	199398	v6
0RB---_1LA1LC_1RD1LB_1LC1RD	cqh_w3_00004	IQHStage_00.v	A	3	199399	v5
0RB---_1LA1RC_1LD0RB_0RB1LC	cqh_w3_00005	IQHStage_00.v	A	3	199397	v6
0RB---_1LA1RC_1LD0RB_1RD1LC	cqh_w3_00006	IQHStage_00.v	A	3	198762	v6
0RB---_1LA1RC_1LD1RB_1RC1LD	cqh_w3_00007	IQHStage_00.v	A	3	199399	v5
0RB---_1LC---_0LD0LC_1RD1RB	cqh_w3_00008	IQHStage_00.v	A	1	199435	v3
0RB---_1LC---_0RD0LC_1RD1RB	cqh_w3_00009	IQHStage_00.v	A	1	199809	v3
0RB---_1LC---_1RD0LC_1RC1RB	cqh_w3_00010	IQHStage_00.v	A	1	199397	v5
0RB---_1LC---_1RD0LC_1RD1RB	cqh_w3_00011	IQHStage_00.v	A	1	199397	v3
0RB---_1LC0RC_1RD1LC_---1RB	cqh_w3_00012	IQHStage_00.v	A	1	199693	v6
0RB---_1LC0RD_0RD1LB_---1RB	cqh_w3_00013	IQHStage_00.v	A	1	199397	v6
0RB---_1LC0RD_1RC1LB_---1RB	cqh_w3_00014	IQHStage_00.v	A	1	198764	v6
0RB---_1LC1RB_1RB1LD_---1LC	cqh_w3_00015	IQHStage_00.v	A	1	199397	v5
0RB---_1LC1RD_1RD1LC_---1RB	cqh_w3_00016	IQHStage_00.v	A	1	199397	v6
0RB---_1RC---_0LD0RC_1LD1LB	cqh_w3_00017	IQHStage_00.v	A	1	199809	v3
0RB---_1RC---_0RD0RC_1LD1LB	cqh_w3_00018	IQHStage_00.v	A	1	199435	v3
0RB---_1RC---_1LD0RC_1LC1LB	cqh_w3_00019	IQHStage_00.v	A	1	199397	v5
0RB---_1RC---_1LD0RC_1LD1LB	cqh_w3_00020	IQHStage_00.v	A	1	199397	v3
0RB---_1RC0LC_1LD1RC_---1LB	cqh_w3_00021	IQHStage_00.v	A	1	198663	v6
0RB---_1RC0LD_0LD1RB_---1LB	cqh_w3_00022	IQHStage_00.v	A	1	199397	v6
0RB---_1RC0LD_1LC1RB_---1LB	cqh_w3_00023	IQHStage_00.v	A	1	198764	v6
0RB---_1RC1LB_1LB1RD_---1RC	cqh_w3_00024	IQHStage_00.v	A	1	199397	v5
0RB---_1RC1LD_1LD1RC_---1LB	cqh_w3_00025	IQHStage_00.v	A	1	199397	v6
0RB0LA_1RC1LB_1LA1RD_1LB0RB	cqh_w3_00026	IQHStage_00.v	A	5	199696	v6
0RB0LA_1RC1LB_1LA1RD_1LB1RC	cqh_w3_00027	IQHStage_00.v	A	5	198769	v6
0RB0LA_1RC1LD_1LB1RC_0RA1LB	cqh_w3_00028	IQHStage_00.v	A	7	198771	v5
0RB0LB_1LC1RB_1RA1LD_1RB0LB	cqh_w3_00029	IQHStage_00.v	A	4	199696	v6
0RB0LB_1LC1RB_1RA1LD_1RB1LC	cqh_w3_00030	IQHStage_00.v	A	4	199400	v6
0RB0LC_1LA1LC_0LD0LA_1RD1LC	cqh_w3_00031	IQHStage_00.v	B	4	199715	v6
0RB0LC_1LA1RB_0LD0LA_1RD1LA	cqh_w3_00032	IQHStage_00.v	B	5	199083	v5
0RB0LC_1LA1RC_0LD0LA_1RD1LC	cqh_w3_00033	IQHStage_00.v	B	4	199717	v6
0RB0LC_1LC---_0LD0LA_1RD1LC	cqh_w3_00034	IQHStage_00.v	B	2	199713	v6
0RB0LC_1RC---_0LD0LA_1RD1LC	cqh_w3_00035	IQHStage_00.v	B	2	199715	v6
0RB0LC_1RC1LD_0LD0LA_1RD1LA	cqh_w3_00036	IQHStage_00.v	B	6	199086	v5
0RB0LC_1RC1RB_0LD0LA_1RD1LA	cqh_w3_00037	IQHStage_00.v	B	7	199087	v5
0RB0LD_1LA1LC_1RC1LA_0LC0LA	cqh_w3_00038	IQHStage_00.v	B	4	199084	v5
0RB0LD_1LC---_1RC1LA_0LC0LA	cqh_w3_00039	IQHStage_00.v	B	2	199082	v5
0RB0LD_1LC1RB_0RA1LD_1RB0LB	cqh_w3_00040	IQHStage_00.v	A	4	199696	v6
0RB0LD_1LC1RB_0RA1LD_1RB1LC	cqh_w3_00041	IQHStage_00.v	A	4	199400	v6
0RB0LD_1LC1RD_1RB1LC_0LA1RB	cqh_w3_00042	IQHStage_00.v	A	6	198771	v5
0RB0LD_1RC1LB_0LA1RD_1LB0RB	cqh_w3_00043	IQHStage_00.v	A	4	198666	v6
0RB0LD_1RC1LB_0LA1RD_1LB1RC	cqh_w3_00044	IQHStage_00.v	A	4	199400	v6
0RB0RB_1RC1LB_1LA1RD_1LB0RB	cqh_w3_00045	IQHStage_00.v	A	4	199696	v6
0RB0RB_1RC1LB_1LA1RD_1LB1RC	cqh_w3_00046	IQHStage_00.v	A	4	198769	v6
0RB0RC_1LA1LC_0RD0RA_1LD1RC	cqh_w3_00047	IQHStage_00.v	B	4	199717	v6
0RB0RC_1LA1RC_0RD0RA_1LD1RC	cqh_w3_00048	IQHStage_00.v	B	4	199715	v6
0RB0RC_1LC---_0RD0RA_1LD1RC	cqh_w3_00049	IQHStage_00.v	B	2	199715	v6
0RB0RC_1RC---_0RD0RA_1LD1RC	cqh_w3_00050	IQHStage_00.v	B	2	199713	v6
0RB0RD_1LA1RC_1LC1RA_0RC0RA	cqh_w3_00051	IQHStage_00.v	B	4	199084	v5
0RB0RD_1LA1RC_1LD0RD_1RB1LD	cqh_w3_00052	IQHStage_00.v	A	12	199689	v6
0RB0RD_1LA1RC_1LD1RB_1RB1LD	cqh_w3_00053	IQHStage_00.v	A	11	198769	v6
0RB0RD_1LC1RB_0RA1LD_1RB0LB	cqh_w3_00054	IQHStage_00.v	A	4	198666	v6
0RB0RD_1LC1RB_0RA1LD_1RB1LC	cqh_w3_00055	IQHStage_00.v	A	4	199400	v6
0RB0RD_1RC---_1LC1RA_0RC0RA	cqh_w3_00056	IQHStage_00.v	B	2	199082	v5
0RB0RD_1RC1LB_0LA1RD_1LB0RB	cqh_w3_00057	IQHStage_00.v	A	4	199696	v6
0RB0RD_1RC1LB_0LA1RD_1LB1RC	cqh_w3_00058	IQHStage_00.v	A	4	198769	v6
0RB0RD_1RC1LD_1LB1RC_0RA1LB	cqh_w3_00059	IQHStage_00.v	A	6	198771	v5
0RB1LA_1LC1RB_0RA1LD_1RB0LB	cqh_w3_00060	IQHStage_00.v	A	5	198667	v6
0RB1LA_1LC1RB_0RA1LD_1RB1LC	cqh_w3_00061	IQHStage_00.v	A	5	199401	v6
0RB1LA_1RC1LB_0LA1RD_1LB0RB	cqh_w3_00062	IQHStage_00.v	A	5	199697	v6
0RB1LA_1RC1LB_0LA1RD_1LB1RC	cqh_w3_00063	IQHStage_00.v	A	5	199401	v6
0RB1LB_1LA1RC_1LD1RB_1RB1LD	cqh_w3_00064	IQHStage_00.v	A	11	198769	v6
0RB1LB_1RC1LB_0LA1RD_1LB0RB	cqh_w3_00065	IQHStage_00.v	A	4	199695	v6
0RB1LB_1RC1LB_0LA1RD_1LB1RC	cqh_w3_00066	IQHStage_00.v	A	4	199399	v6
0RB1LC_0LC---_1RD0LA_0LA1RC	cqh_w3_00067	IQHStage_00.v	B	2	199398	v6
0RB1LC_0LC---_1RD0LA_1LD1RC	cqh_w3_00068	IQHStage_00.v	B	2	198765	v6
0RB1LC_0LC---_1RD0LD_1LA1RD	cqh_w3_00069	IQHStage_00.v	B	2	199694	v6
0RB1LC_0LC---_1RD1LA_1LA1RD	cqh_w3_00070	IQHStage_00.v	B	2	199398	v6
0RB1LC_0LC0RA_1RD1LA_1LC1RD	cqh_w3_00071	IQHStage_00.v	B	7	198772	v5
0RB1LC_0LC1LD_1RD1LA_1LC1RD	cqh_w3_00072	IQHStage_00.v	B	7	199398	v5
0RB1LC_0LC1RD_1RD1LA_1LC1RD	cqh_w3_00073	IQHStage_00.v	B	7	198770	v5
0RB1LC_0RC---_1RD0LA_0LA1RC	cqh_w3_00074	IQHStage_00.v	B	2	199398	v6
0RB1LC_0RC---_1RD0LA_1LD1RC	cqh_w3_00075	IQHStage_00.v	B	2	198765	v6
0RB1LC_0RC---_1RD0LD_1LA1RD	cqh_w3_00076	IQHStage_00.v	B	2	198664	v6
0RB1LC_0RC---_1RD1LA_1LA1RD	cqh_w3_00077	IQHStage_00.v	B	2	199398	v6
0RB1LC_0RC0LB_1RD1LA_1LC1RD	cqh_w3_00078	IQHStage_00.v	B	8	198772	v5
0RB1LC_0RC0RA_1RD1LA_1LC1RD	cqh_w3_00079	IQHStage_00.v	B	7	198772	v5
0RB1LC_0RC1LD_1RD1LA_1LC1RD	cqh_w3_00080	IQHStage_00.v	B	7	198767	v5
0RB1LC_0RC1RD_1RD1LA_1LC1RD	cqh_w3_00081	IQHStage_00.v	B	7	198770	v5
0RB1LC_1LA0LC_1RD0LA_0LA1RC	cqh_w3_00082	IQHStage_00.v	B	4	199400	v6
0RB1LC_1LA0LC_1RD0LA_1LD1RC	cqh_w3_00083	IQHStage_00.v	B	4	198767	v6
0RB1LC_1LA0LC_1RD0LD_1LA1RD	cqh_w3_00084	IQHStage_00.v	B	4	199696	v6
0RB1LC_1LA0LC_1RD1LA_1LA1RD	cqh_w3_00085	IQHStage_00.v	B	4	199400	v6
0RB1LC_1LA0RC_1RD0LA_0LA1RC	cqh_w3_00086	IQHStage_00.v	B	4	199400	v6
0RB1LC_1LA0RC_1RD0LA_1LD1RC	cqh_w3_00087	IQHStage_00.v	B	4	198767	v6
0RB1LC_1LA0RC_1RD0LD_1LA1RD	cqh_w3_00088	IQHStage_00.v	B	4	198666	v6
0RB1LC_1LA0RC_1RD1LA_1LA1RD	cqh_w3_00089	IQHStage_00.v	B	4	199400	v6
0RB1LC_1LA1LC_1RD0LA_0LA1RC	cqh_w3_00090	IQHStage_00.v	B	4	199397	v6
0RB1LC_1LA1LC_1RD0LA_1LD1RC	cqh_w3_00091	IQHStage_00.v	B	4	198762	v6
0RB1LC_1LA1LC_1RD1LA_1LC1RD	cqh_w3_00092	IQHStage_00.v	B	4	199399	v5
0RB1LC_1LA1RB_1RD0LD_1LA1RD	cqh_w3_00093	IQHStage_00.v	B	5	199695	v6
0RB1LC_1LA1RB_1RD1LA_1LA1RD	cqh_w3_00094	IQHStage_00.v	B	5	199399	v6
0RB1LC_1LA1RC_1LD0RD_1RB1LD	cqh_w3_00095	IQHStage_00.v	A	12	199690	v6
0RB1LC_1LA1RC_1RD0LA_0LA1RC	cqh_w3_00096	IQHStage_00.v	B	12	199407	v6
0RB1LC_1LA1RC_1RD0LA_1LD1RC	cqh_w3_00097	IQHStage_00.v	B	14	198774	v6
0RB1LC_1LA1RC_1RD1LA_1LC1RD	cqh_w3_00098	IQHStage_00.v	B	4	198767	v5
0RB1LC_1LC---_1RD0LA_0LA1RC	cqh_w3_00099	IQHStage_00.v	B	2	199395	v6
0RB1LC_1LC---_1RD0LA_1LD1RC	cqh_w3_00100	IQHStage_01.v	B	2	198760	v6
0RB1LC_1LC---_1RD1LA_1LC1RD	cqh_w3_00101	IQHStage_01.v	B	2	199397	v5
0RB1LC_1LC0LC_1RD0LD_1LA1RD	cqh_w3_00102	IQHStage_01.v	B	10	199687	v6
0RB1LC_1LC0LC_1RD1LA_1LA1RD	cqh_w3_00103	IQHStage_01.v	B	9	199398	v6
0RB1LC_1LC0RA_1RD1LA_1LA1RD	cqh_w3_00104	IQHStage_01.v	B	9	199403	v6
0RB1LC_1LC0RC_1RD0LD_1LA1RD	cqh_w3_00105	IQHStage_01.v	B	10	198669	v6
0RB1LC_1LC0RC_1RD1LA_1LA1RD	cqh_w3_00106	IQHStage_01.v	B	15	199411	v6
0RB1LC_1LC1LB_1RD0LD_1LA1RD	cqh_w3_00107	IQHStage_01.v	B	11	199685	v6
0RB1LC_1LC1LB_1RD1LA_1LA1RD	cqh_w3_00108	IQHStage_01.v	B	10	199396	v6
0RB1LC_1LC1RB_1RA1LD_1RB0LB	cqh_w3_00109	IQHStage_01.v	A	4	199694	v6
0RB1LC_1LC1RB_1RA1LD_1RB1LC	cqh_w3_00110	IQHStage_01.v	A	4	199398	v6
0RB1LC_1LC1RD_1RB1LC_0LA1RB	cqh_w3_00111	IQHStage_01.v	A	6	198769	v5
0RB1LC_1LC1RD_1RD0LD_1LA1RD	cqh_w3_00112	IQHStage_01.v	B	10	198662	v6
0RB1LC_1LC1RD_1RD1LA_1LA1RD	cqh_w3_00113	IQHStage_01.v	B	9	199401	v6
0RB1LC_1RC---_1RD0LA_0LA1RC	cqh_w3_00114	IQHStage_01.v	B	8	199403	v6
0RB1LC_1RC---_1RD0LA_1LD1RC	cqh_w3_00115	IQHStage_01.v	B	10	198770	v6
0RB1LC_1RC---_1RD1LA_1LC1RD	cqh_w3_00116	IQHStage_01.v	B	2	198765	v5
0RB1LC_1RC0LC_1RD0LD_1LA1RD	cqh_w3_00117	IQHStage_01.v	B	9	199686	v6
0RB1LC_1RC0LC_1RD1LA_1LA1RD	cqh_w3_00118	IQHStage_01.v	B	8	199397	v6
0RB1LC_1RC0RA_1RD1LA_1LA1RD	cqh_w3_00119	IQHStage_01.v	B	8	199402	v6
0RB1LC_1RC0RC_1RD0LD_1LA1RD	cqh_w3_00120	IQHStage_01.v	B	9	198668	v6
0RB1LC_1RC0RC_1RD1LA_1LA1RD	cqh_w3_00121	IQHStage_01.v	B	14	199410	v6
0RB1LC_1RC1LB_0LA1RD_1LB0RB	cqh_w3_00122	IQHStage_01.v	A	6	199697	v6
0RB1LC_1RC1LB_0LA1RD_1LB1RC	cqh_w3_00123	IQHStage_01.v	A	6	199401	v6
0RB1LC_1RC1LB_1LA1RD_1LB0RB	cqh_w3_00124	IQHStage_01.v	A	6	199693	v6
0RB1LC_1RC1LB_1LA1RD_1LB1RC	cqh_w3_00125	IQHStage_01.v	A	6	199397	v6
0RB1LC_1RC1LB_1RD0LD_1LA1RD	cqh_w3_00126	IQHStage_01.v	B	10	199688	v6
0RB1LC_1RC1LB_1RD1LA_1LA1RD	cqh_w3_00127	IQHStage_01.v	B	9	199397	v6
0RB1LC_1RC1LD_1LB1RC_0RA1LB	cqh_w3_00128	IQHStage_01.v	A	6	199397	v5
0RB1LC_1RC1RB_1RD1LA_1LA1RD	cqh_w3_00129	IQHStage_01.v	B	11	199393	v6
0RB1LC_1RC1RD_1RD0LD_1LA1RD	cqh_w3_00130	IQHStage_01.v	B	9	198661	v6
0RB1LC_1RC1RD_1RD1LA_1LA1RD	cqh_w3_00131	IQHStage_01.v	B	8	199400	v6
0RB1LD_0LC---_1LD1RC_1RC1LA	cqh_w3_00132	IQHStage_01.v	B	2	199398	v5
0RB1LD_0LC0LD_1LA1RC_1RC0LC	cqh_w3_00133	IQHStage_01.v	B	5	199697	v6
0RB1LD_0LC0LD_1LA1RC_1RC1LA	cqh_w3_00134	IQHStage_01.v	B	5	198770	v6
0RB1LD_0LC0RD_1LA1RC_1RC0LC	cqh_w3_00135	IQHStage_01.v	B	5	198667	v6
0RB1LD_0LC0RD_1LA1RC_1RC1LA	cqh_w3_00136	IQHStage_01.v	B	5	199401	v6
0RB1LD_0LC1RA_1LA1RC_1RC0LC	cqh_w3_00137	IQHStage_01.v	B	7	199698	v6
0RB1LD_0LC1RA_1LA1RC_1RC1LA	cqh_w3_00138	IQHStage_01.v	B	7	199402	v6
0RB1LD_0LC1RB_1LA1RC_1RC0LC	cqh_w3_00139	IQHStage_01.v	B	6	199698	v6
0RB1LD_0LC1RB_1LA1RC_1RC1LA	cqh_w3_00140	IQHStage_01.v	B	6	199402	v6
0RB1LD_0LC1RC_1LA1RC_1RC0LC	cqh_w3_00141	IQHStage_01.v	B	5	199696	v6
0RB1LD_0LC1RC_1LA1RC_1RC1LA	cqh_w3_00142	IQHStage_01.v	B	5	199400	v6
0RB1LD_0LC1RD_0LD---_1LA0RB	cqh_w3_00143	IQHStage_01.v	C	3	199399	v6
0RB1LD_0LC1RD_0RD---_1LA0RB	cqh_w3_00144	IQHStage_01.v	C	3	199399	v6
0RB1LD_0LC1RD_1LA---_1LA0RB	cqh_w3_00145	IQHStage_01.v	C	3	199398	v6
0RB1LD_0LC1RD_1LD---_1LA0RB	cqh_w3_00146	IQHStage_01.v	C	9	199404	v6
0RB1LD_0LC1RD_1RB0LD_1LA0RB	cqh_w3_00147	IQHStage_01.v	C	5	199401	v6
0RB1LD_0LC1RD_1RB0RD_1LA0RB	cqh_w3_00148	IQHStage_01.v	C	5	199401	v6
0RB1LD_0LC1RD_1RB1LA_1LA0RB	cqh_w3_00149	IQHStage_01.v	C	5	199400	v6
0RB1LD_0LC1RD_1RB1LD_1LA0RB	cqh_w3_00150	IQHStage_01.v	C	13	199408	v6
0RB1LD_0LC1RD_1RB1RD_1LA0RB	cqh_w3_00151	IQHStage_01.v	C	5	199398	v6
0RB1LD_0LC1RD_1RD---_1LA0RB	cqh_w3_00152	IQHStage_01.v	C	3	199396	v6
0RB1LD_0RC---_1LD1RC_1RC1LA	cqh_w3_00153	IQHStage_01.v	B	2	198767	v5
0RB1LD_0RC0LD_1LA1RC_1RC0LC	cqh_w3_00154	IQHStage_01.v	B	5	199697	v6
0RB1LD_0RC0LD_1LA1RC_1RC1LA	cqh_w3_00155	IQHStage_01.v	B	5	199401	v6
0RB1LD_0RC0RD_1LA1RC_1RC0LC	cqh_w3_00156	IQHStage_01.v	B	5	198667	v6
0RB1LD_0RC0RD_1LA1RC_1RC1LA	cqh_w3_00157	IQHStage_01.v	B	5	199401	v6
0RB1LD_0RC1LB_1LA1RC_1RC0LC	cqh_w3_00158	IQHStage_01.v	B	6	198668	v6
0RB1LD_0RC1LB_1LA1RC_1RC1LA	cqh_w3_00159	IQHStage_01.v	B	6	199402	v6
0RB1LD_0RC1RC_1LA1RC_1RC0LC	cqh_w3_00160	IQHStage_01.v	B	5	198666	v6
0RB1LD_0RC1RC_1LA1RC_1RC1LA	cqh_w3_00161	IQHStage_01.v	B	5	199400	v6
0RB1LD_0RC1RD_0LD---_1LA0RB	cqh_w3_00162	IQHStage_01.v	C	3	199399	v6
0RB1LD_0RC1RD_0RD---_1LA0RB	cqh_w3_00163	IQHStage_01.v	C	3	199399	v6
0RB1LD_0RC1RD_1LA---_1LA0RB	cqh_w3_00164	IQHStage_01.v	C	3	199398	v6
0RB1LD_0RC1RD_1LB0LD_1LA0RB	cqh_w3_00165	IQHStage_01.v	C	5	199401	v6
0RB1LD_0RC1RD_1LB0RD_1LA0RB	cqh_w3_00166	IQHStage_01.v	C	5	199401	v6
0RB1LD_0RC1RD_1LB1LA_1LA0RB	cqh_w3_00167	IQHStage_01.v	C	5	199400	v6
0RB1LD_0RC1RD_1LB1RD_1LA0RB	cqh_w3_00168	IQHStage_01.v	C	5	199398	v6
0RB1LD_0RC1RD_1RD---_1LA0RB	cqh_w3_00169	IQHStage_01.v	C	3	199396	v6
0RB1LD_1LA0LC_1LD1RC_1RC1LA	cqh_w3_00170	IQHStage_01.v	B	4	199400	v5
0RB1LD_1LA0RC_1LD1RC_1RC1LA	cqh_w3_00171	IQHStage_01.v	B	4	198769	v5
0RB1LD_1LA1LC_1LD1RC_1RC1LA	cqh_w3_00172	IQHStage_01.v	B	14	199396	v5
0RB1LD_1LA1RC_0LA1RD_1RC0LA	cqh_w3_00173	IQHStage_01.v	B	4	199399	v6
0RB1LD_1LA1RC_1LA1RC_1RC0LC	cqh_w3_00174	IQHStage_01.v	B	4	198665	v6
0RB1LD_1LA1RC_1LA1RC_1RC1LA	cqh_w3_00175	IQHStage_01.v	B	4	199399	v6
0RB1LD_1LA1RC_1LC1RD_1RC0LA	cqh_w3_00176	IQHStage_01.v	B	4	198766	v6
0RB1LD_1LA1RC_1LD1RC_1RC1LA	cqh_w3_00177	IQHStage_01.v	B	8	198771	v5
0RB1LD_1LC0LA_1LD1RC_1RC1LA	cqh_w3_00178	IQHStage_01.v	B	14	199396	v5
0RB1LD_1LC0LD_1LA1RC_1RC0LC	cqh_w3_00179	IQHStage_01.v	B	22	199678	v6
0RB1LD_1LC0LD_1LA1RC_1RC1LA	cqh_w3_00180	IQHStage_01.v	B	19	199397	v6
0RB1LD_1LC0RA_1LA1RC_1RC1LA	cqh_w3_00181	IQHStage_01.v	B	13	199407	v6
0RB1LD_1LC0RA_1LD1RC_1RC1LA	cqh_w3_00182	IQHStage_01.v	B	12	198772	v5
0RB1LD_1LC0RC_1LA1RC_1RC0LC	cqh_w3_00183	IQHStage_01.v	B	5	198667	v6
0RB1LD_1LC0RC_1LA1RC_1RC1LA	cqh_w3_00184	IQHStage_01.v	B	5	199401	v6
0RB1LD_1LC0RD_1LA1RC_1RC0LC	cqh_w3_00185	IQHStage_01.v	B	9	198671	v6
0RB1LD_1LC0RD_1LA1RC_1RC1LA	cqh_w3_00186	IQHStage_01.v	B	8	199404	v6
0RB1LD_1LC1LC_1LD1RC_1RC1LA	cqh_w3_00187	IQHStage_01.v	B	12	199394	v5
0RB1LD_1LC1LD_1LA1RC_1RC0LC	cqh_w3_00188	IQHStage_01.v	B	5	199694	v6
0RB1LD_1LC1LD_1LA1RC_1RC1LA	cqh_w3_00189	IQHStage_01.v	B	5	199398	v6
0RB1LD_1LC1RA_1LA1RC_1RC0LC	cqh_w3_00190	IQHStage_01.v	B	14	198665	v6
0RB1LD_1LC1RB_1LA1RC_1RC0LC	cqh_w3_00191	IQHStage_01.v	B	7	198665	v6
0RB1LD_1LC1RB_1LA1RC_1RC1LA	cqh_w3_00192	IQHStage_01.v	B	7	199399	v6
0RB1LD_1LC1RC_1LA1RC_1RC0LC	cqh_w3_00193	IQHStage_01.v	B	12	198664	v6
0RB1LD_1LC1RC_1LA1RC_1RC1LA	cqh_w3_00194	IQHStage_01.v	B	11	199403	v6
0RB1LD_1LC1RC_1LD1RC_1RC1LA	cqh_w3_00195	IQHStage_01.v	B	12	198770	v5
0RB1LD_1LC1RD_0LD---_1LA0RB	cqh_w3_00196	IQHStage_01.v	C	19	199399	v6
0RB1LD_1LC1RD_0RB---_1LA0RB	cqh_w3_00197	IQHStage_01.v	C	3	199397	v6
0RB1LD_1LC1RD_0RC0LD_1LA0RB	cqh_w3_00198	IQHStage_01.v	C	4	199400	v6
0RB1LD_1LC1RD_0RC0RD_1LA0RB	cqh_w3_00199	IQHStage_01.v	C	4	199400	v6
0RB1LD_1LC1RD_0RC1LA_1LA0RB	cqh_w3_00200	IQHStage_02.v	C	4	199399	v6
0RB1LD_1LC1RD_0RC1RD_1LA0RB	cqh_w3_00201	IQHStage_02.v	C	4	199397	v6
0RB1LD_1LC1RD_1LA1RC_1RC0LC	cqh_w3_00202	IQHStage_02.v	B	5	199698	v6
0RB1LD_1LC1RD_1LA1RC_1RC1LA	cqh_w3_00203	IQHStage_02.v	B	5	199400	v6
0RB1LD_1LC1RD_1LD---_1LA0RB	cqh_w3_00204	IQHStage_02.v	C	3	199394	v6
0RB1LD_1LC1RD_1RA---_1LA0RB	cqh_w3_00205	IQHStage_02.v	C	3	199399	v6
0RB1LD_1LC1RD_1RB1LC_1LA1RB	cqh_w3_00206	IQHStage_02.v	A	6	199399	v5
0RB1LD_1LC1RD_1RC0LA_1LA0RB	cqh_w3_00207	IQHStage_02.v	C	12	199408	v6
0RB1LD_1LC1RD_1RC0LB_1LA0RB	cqh_w3_00208	IQHStage_02.v	C	4	199398	v6
0RB1LD_1LC1RD_1RC0RD_1LA0RB	cqh_w3_00209	IQHStage_02.v	C	4	199393	v6
0RB1LD_1LC1RD_1RC1LA_1LA0RB	cqh_w3_00210	IQHStage_02.v	C	4	199396	v6
0RB1LD_1LC1RD_1RC1LD_1LA0RB	cqh_w3_00211	IQHStage_02.v	C	4	199399	v6
0RB1LD_1RC---_0LA1RD_1RC0LA	cqh_w3_00212	IQHStage_02.v	B	2	199397	v6
0RB1LD_1RC---_1LA1RC_1RC0LC	cqh_w3_00213	IQHStage_02.v	B	2	198663	v6
0RB1LD_1RC---_1LA1RC_1RC1LA	cqh_w3_00214	IQHStage_02.v	B	2	199397	v6
0RB1LD_1RC---_1LC1RD_1RC0LA	cqh_w3_00215	IQHStage_02.v	B	2	198764	v6
0RB1LD_1RC0LA_1LD1RC_1RC1LA	cqh_w3_00216	IQHStage_02.v	B	8	198771	v5
0RB1LD_1RC0RA_1LD1RC_1RC1LA	cqh_w3_00217	IQHStage_02.v	B	6	198771	v5
0RB1LD_1RC1LB_1LA1RD_1LB0RB	cqh_w3_00218	IQHStage_02.v	A	4	199691	v6
0RB1LD_1RC1LB_1LA1RD_1LB1RC	cqh_w3_00219	IQHStage_02.v	A	4	199395	v6
0RB1LD_1RC1LC_1LD1RC_1RC1LA	cqh_w3_00220	IQHStage_02.v	B	6	199397	v5
0RB1LD_1RC1LD_1LB1RC_1RA1LB	cqh_w3_00221	IQHStage_02.v	A	6	199397	v5
0RB1LD_1RC1RC_1LD1RC_1RC1LA	cqh_w3_00222	IQHStage_02.v	B	6	198769	v5
0RB1LD_1RC1RD_0LB---_1LA0RB	cqh_w3_00223	IQHStage_02.v	C	3	199397	v6
0RB1LD_1RC1RD_0LC0LD_1LA0RB	cqh_w3_00224	IQHStage_02.v	C	4	199400	v6
0RB1LD_1RC1RD_0LC0RD_1LA0RB	cqh_w3_00225	IQHStage_02.v	C	4	199400	v6
0RB1LD_1RC1RD_0LC1LA_1LA0RB	cqh_w3_00226	IQHStage_02.v	C	4	199399	v6
0RB1LD_1RC1RD_0LC1RD_1LA0RB	cqh_w3_00227	IQHStage_02.v	C	4	199397	v6
0RB1LD_1RC1RD_0RD---_1LA0RB	cqh_w3_00228	IQHStage_02.v	C	3	199392	v6
0RB1LD_1RC1RD_1LA---_1LA0RB	cqh_w3_00229	IQHStage_02.v	C	3	199395	v6
0RB1LD_1RC1RD_1LC0RB_1LA0RB	cqh_w3_00230	IQHStage_02.v	C	4	199398	v6
0RB1LD_1RC1RD_1LC1LB_1LA0RB	cqh_w3_00231	IQHStage_02.v	C	6	199395	v6
0RB1LD_1RC1RD_1LC1LD_1LA0RB	cqh_w3_00232	IQHStage_02.v	C	4	199395	v6
0RB1LD_1RC1RD_1LC1RA_1LA0RB	cqh_w3_00233	IQHStage_02.v	C	4	199400	v6
0RB1LD_1RC1RD_1LD---_1LA0RB	cqh_w3_00234	IQHStage_02.v	C	3	199398	v6
0RB1RB_1LA1RC_1LD0RD_1RB1LD	cqh_w3_00235	IQHStage_02.v	A	12	199687	v6
0RB1RB_1LA1RC_1LD1RB_1RB1LD	cqh_w3_00236	IQHStage_02.v	A	11	198767	v6
0RB1RB_1LC1RB_0RA1LD_1RB0LB	cqh_w3_00237	IQHStage_02.v	A	4	198665	v6
0RB1RB_1LC1RB_0RA1LD_1RB1LC	cqh_w3_00238	IQHStage_02.v	A	4	199399	v6
0RB1RC_0LC---_1LD0RA_0RA1LC	cqh_w3_00239	IQHStage_02.v	B	2	199398	v6
0RB1RC_0LC---_1LD0RA_1RD1LC	cqh_w3_00240	IQHStage_02.v	B	2	198765	v6
0RB1RC_0LC---_1LD0RD_1RA1LD	cqh_w3_00241	IQHStage_02.v	B	2	198664	v6
0RB1RC_0LC---_1LD1RA_1RA1LD	cqh_w3_00242	IQHStage_02.v	B	2	199398	v6
0RB1RC_0RC---_1LD0RA_0RA1LC	cqh_w3_00243	IQHStage_02.v	B	2	199398	v6
0RB1RC_0RC---_1LD0RA_1RD1LC	cqh_w3_00244	IQHStage_02.v	B	2	198765	v6
0RB1RC_0RC---_1LD0RD_1RA1LD	cqh_w3_00245	IQHStage_02.v	B	2	199694	v6
0RB1RC_0RC---_1LD1RA_1RA1LD	cqh_w3_00246	IQHStage_02.v	B	2	198767	v6
0RB1RC_1LA0LC_1LD0RA_0RA1LC	cqh_w3_00247	IQHStage_02.v	B	4	199400	v6
0RB1RC_1LA0LC_1LD0RA_1RD1LC	cqh_w3_00248	IQHStage_02.v	B	4	198767	v6
0RB1RC_1LA0LC_1LD0RD_1RA1LD	cqh_w3_00249	IQHStage_02.v	B	4	198666	v6
0RB1RC_1LA0LC_1LD1RA_1RA1LD	cqh_w3_00250	IQHStage_02.v	B	4	199400	v6
0RB1RC_1LA0RC_1LD0RA_0RA1LC	cqh_w3_00251	IQHStage_02.v	B	4	199400	v6
0RB1RC_1LA0RC_1LD0RA_1RD1LC	cqh_w3_00252	IQHStage_02.v	B	4	198767	v6
0RB1RC_1LA0RC_1LD0RD_1RA1LD	cqh_w3_00253	IQHStage_02.v	B	4	199696	v6
0RB1RC_1LA0RC_1LD1RA_1RA1LD	cqh_w3_00254	IQHStage_02.v	B	4	198769	v6
0RB1RC_1LA1LC_1LD0RD_1RA1LD	cqh_w3_00255	IQHStage_02.v	B	13	199686	v6
0RB1RC_1LA1LC_1LD1RA_1RA1LD	cqh_w3_00256	IQHStage_02.v	B	12	199397	v6
0RB1RC_1LA1LC_1LD1RA_1RC1LD	cqh_w3_00257	IQHStage_02.v	B	4	199398	v5
0RB1RC_1LA1RC_1LD0RA_0RA1LC	cqh_w3_00258	IQHStage_02.v	B	4	199397	v6
0RB1RC_1LA1RC_1LD0RA_1RD1LC	cqh_w3_00259	IQHStage_02.v	B	4	198762	v6
0RB1RC_1LA1RC_1LD1RA_1RC1LD	cqh_w3_00260	IQHStage_02.v	B	4	199399	v5
0RB1RC_1LC---_1LD0RD_1RA1LD	cqh_w3_00261	IQHStage_02.v	B	9	199682	v6
0RB1RC_1LC---_1LD1RA_1RA1LD	cqh_w3_00262	IQHStage_02.v	B	8	199393	v6
0RB1RC_1LC---_1LD1RA_1RC1LD	cqh_w3_00263	IQHStage_02.v	B	2	199396	v5
0RB1RC_1LC1RD_1RB1LC_0LA1RB	cqh_w3_00264	IQHStage_02.v	A	6	199397	v5
0RB1RC_1RC---_1LD0RA_0RA1LC	cqh_w3_00265	IQHStage_02.v	B	2	199395	v6
0RB1RC_1RC---_1LD0RA_1RD1LC	cqh_w3_00266	IQHStage_02.v	B	2	198760	v6
0RB1RC_1RC---_1LD1RA_1RC1LD	cqh_w3_00267	IQHStage_02.v	B	2	199397	v5
0RB1RC_1RC1LB_1LA1RD_1LB0RB	cqh_w3_00268	IQHStage_02.v	A	4	199694	v6
0RB1RC_1RC1LB_1LA1RD_1LB1RC	cqh_w3_00269	IQHStage_02.v	A	4	198767	v6
0RB1RC_1RC1LD_1LB1RC_0RA1LB	cqh_w3_00270	IQHStage_02.v	A	6	198769	v5
0RB1RD_0LC---_1RD1LC_1LC1RA	cqh_w3_00271	IQHStage_02.v	B	2	199398	v5
0RB1RD_0RC---_1RD1LC_1LC1RA	cqh_w3_00272	IQHStage_02.v	B	2	199398	v5
0RB1RD_1LA0LC_1RD1LC_1LC1RA	cqh_w3_00273	IQHStage_02.v	B	4	199400	v5
0RB1RD_1LA0RC_1RD1LC_1LC1RA	cqh_w3_00274	IQHStage_02.v	B	4	199400	v5
0RB1RD_1LA1LC_0RA1LD_1LC0RA	cqh_w3_00275	IQHStage_02.v	B	4	199399	v6
0RB1RD_1LA1LC_1RA1LC_1LC0RC	cqh_w3_00276	IQHStage_02.v	B	4	199695	v6
0RB1RD_1LA1LC_1RA1LC_1LC1RA	cqh_w3_00277	IQHStage_02.v	B	4	199399	v6
0RB1RD_1LA1LC_1RC1LD_1LC0RA	cqh_w3_00278	IQHStage_02.v	B	4	198766	v6
0RB1RD_1LC---_0RA1LD_1LC0RA	cqh_w3_00279	IQHStage_02.v	B	2	199397	v6
0RB1RD_1LC---_1RA1LC_1LC0RC	cqh_w3_00280	IQHStage_02.v	B	2	199693	v6
0RB1RD_1LC---_1RA1LC_1LC1RA	cqh_w3_00281	IQHStage_02.v	B	2	199397	v6
0RB1RD_1LC---_1RC1LD_1LC0RA	cqh_w3_00282	IQHStage_02.v	B	2	198764	v6
0RB1RD_1LC1RB_1RA1LD_1RB0LB	cqh_w3_00283	IQHStage_02.v	A	4	199691	v6
0RB1RD_1LC1RB_1RA1LD_1RB1LC	cqh_w3_00284	IQHStage_02.v	A	4	199395	v6
0RB1RD_1LC1RD_1RB1LC_1LA1RB	cqh_w3_00285	IQHStage_02.v	A	6	199397	v5
0RB1RD_1RC1LD_1LB1RC_1RA1LB	cqh_w3_00286	IQHStage_02.v	A	6	199399	v5
1RB---_0LC0LB_1RC1RD_1LB---	cqh_w3_00287	IQHStage_02.v	A	1	199952	v3
1RB---_0LC0LB_1RD1LB_1RC---	cqh_w3_00288	IQHStage_02.v	A	1	199714	v6
1RB---_0LC0LD_1RC1LB_---0LB	cqh_w3_00289	IQHStage_02.v	A	1	199714	v6
1RB---_0LC0RB_1LC1LD_1RB---	cqh_w3_00290	IQHStage_02.v	A	1	199808	v3
1RB---_0LC1RD_---1LD_1RB0LC	cqh_w3_00291	IQHStage_02.v	A	1	199396	v6
1RB---_0RC0RB_1LC1LD_1RB---	cqh_w3_00292	IQHStage_02.v	A	1	199434	v3
1RB---_0RC0RB_1LD1LA_1LC1RB	cqh_w3_00293	IQHStage_02.v	A	6	199078	v5
1RB---_0RC0RB_1LD1RB_1LC---	cqh_w3_00294	IQHStage_02.v	A	1	199712	v6
1RB---_0RC0RD_1LC1RB_---0RB	cqh_w3_00295	IQHStage_02.v	A	1	199712	v6
1RB---_0RC1LD_1LA1RD_1LB0RC	cqh_w3_00296	IQHStage_02.v	A	4	199393	v6
1RB---_1LB1LC_1RD---_0LB0RD	cqh_w3_00297	IQHStage_02.v	A	1	199803	v3
1RB---_1LB1LC_1RD---_0RB0RD	cqh_w3_00298	IQHStage_02.v	A	1	199692	v3
1RB---_1LB1LC_1RD---_1LB0RD	cqh_w3_00299	IQHStage_02.v	A	1	199396	v3
1RB---_1LB1RC_---0RD_0RB0RC	cqh_w3_00300	IQHStage_03.v	A	1	199081	v5
1RB---_1LB1RC_0RB0RD_1LA0RC	cqh_w3_00301	IQHStage_03.v	A	6	199718	v6
1RB---_1LB1RC_1RB0LD_---1LC	cqh_w3_00302	IQHStage_03.v	A	1	198763	v6
1RB---_1LC---_0LC1RD_0RD0RB	cqh_w3_00303	IQHStage_03.v	A	1	199809	v3
1RB---_1LC---_0LD0LC_1RD1RB	cqh_w3_00304	IQHStage_03.v	A	1	199950	v3
1RB---_1LC---_0RD0LC_1RD1RB	cqh_w3_00305	IQHStage_03.v	A	1	199806	v3
1RB---_1LC---_1LB1RD_0RB0RD	cqh_w3_00306	IQHStage_03.v	A	1	199081	v5
1RB---_1LC---_1RD0LC_1RD1RB	cqh_w3_00307	IQHStage_03.v	A	1	199396	v3
1RB---_1LC0LA_1LB1RD_0RC0RD	cqh_w3_00308	IQHStage_03.v	A	10	199711	v6
1RB---_1LC0RB_1LB1LD_1RB---	cqh_w3_00309	IQHStage_03.v	A	1	199396	v5
1RB---_1LC0RB_1LC1LD_1RB---	cqh_w3_00310	IQHStage_03.v	A	1	199396	v3
1RB---_1LC0RD_0RD1LB_---1RB	cqh_w3_00311	IQHStage_03.v	A	1	199394	v6
1RB---_1LC0RD_1RC1LB_---1RB	cqh_w3_00312	IQHStage_03.v	A	1	198759	v6
1RB---_1LC1RB_---1LD_1RB0LB	cqh_w3_00313	IQHStage_03.v	A	1	199692	v6
1RB---_1LC1RB_---1LD_1RB1LC	cqh_w3_00314	IQHStage_03.v	A	1	199396	v6
1RB---_1LC1RB_1RB1LD_1LA1LC	cqh_w3_00315	IQHStage_03.v	A	5	198763	v5
1RB---_1LC1RD_1LB1LA_0RC0RD	cqh_w3_00316	IQHStage_03.v	A	4	199083	v5
1RB---_1LC1RD_1RB1LC_---1RB	cqh_w3_00317	IQHStage_03.v	A	1	199396	v5
1RB---_1RC0LC_1LD1RC_0LA1LB	cqh_w3_00318	IQHStage_03.v	A	8	199681	v6
1RB---_1RC0LD_0LD1RB_0RA1LB	cqh_w3_00319	IQHStage_03.v	A	7	199402	v6
1RB---_1RC0LD_0LD1RB_1LA1LB	cqh_w3_00320	IQHStage_03.v	A	7	199391	v6
1RB---_1RC0LD_1LC1RB_0RA1LB	cqh_w3_00321	IQHStage_03.v	A	9	198769	v6
1RB---_1RC0LD_1LC1RB_1LA1LB	cqh_w3_00322	IQHStage_03.v	A	9	198756	v6
1RB---_1RC1LB_1LB1RD_1RA1RC	cqh_w3_00323	IQHStage_03.v	A	11	199380	v5
1RB---_1RC1LD_1LB1RC_---1LB	cqh_w3_00324	IQHStage_03.v	A	1	199395	v5
1RB---_1RC1LD_1LD1RC_0LA1LB	cqh_w3_00325	IQHStage_03.v	A	7	199392	v6
1RB0LA_1LC0RC_1RD1LC_1LA1RB	cqh_w3_00326	IQHStage_03.v	A	10	199689	v6
1RB0LB_0LC0LD_1RC1LD_1RA0LB	cqh_w3_00327	IQHStage_03.v	A	8	199088	v5
1RB0LB_1LA0RC_0RD0RB_1LD1RC	cqh_w3_00328	IQHStage_03.v	A	5	199719	v6
1RB0LB_1LA0RC_1LC1RD_1LD0RB	cqh_w3_00329	IQHStage_03.v	A	5	199995	v6
1RB0LB_1LA1RC_1LD0RB_0RB1LC	cqh_w3_00330	IQHStage_03.v	A	5	199398	v6
1RB0LB_1LA1RC_1LD0RB_1RD1LC	cqh_w3_00331	IQHStage_03.v	A	5	198761	v6
1RB0LB_1LA1RC_1LD1RB_1RC1LD	cqh_w3_00332	IQHStage_03.v	A	5	199395	v5
1RB0LB_1LC0RC_1RD1LC_0LA1RB	cqh_w3_00333	IQHStage_03.v	A	9	198668	v6
1RB0LB_1LC1RD_1LB1RA_0RB0RD	cqh_w3_00334	IQHStage_03.v	A	4	199716	v6
1RB0LB_1LC1RD_1RD1LC_0LA1RB	cqh_w3_00335	IQHStage_03.v	A	14	199410	v6
1RB0LB_1RC0LC_1LD1RC_0RA1LB	cqh_w3_00336	IQHStage_03.v	A	8	199685	v6
1RB0LB_1RC0RA_0LD0RC_1LD1LB	cqh_w3_00337	IQHStage_03.v	A	6	199814	v3
1RB0LB_1RC0RA_1LD0RC_1LD1LB	cqh_w3_00338	IQHStage_03.v	A	6	199399	v3
1RB0LB_1RC1LA_0LD0RC_1LD1LB	cqh_w3_00339	IQHStage_03.v	A	8	199816	v3
1RB0LB_1RC1LA_1LD0RC_1LD1LB	cqh_w3_00340	IQHStage_03.v	A	8	199392	v3
1RB0LB_1RC1LB_0LA1RD_1LB0RB	cqh_w3_00341	IQHStage_03.v	A	4	198666	v6
1RB0LB_1RC1LB_0LA1RD_1LB1RC	cqh_w3_00342	IQHStage_03.v	A	4	199400	v6
1RB0LB_1RC1LD_1LD1RC_0RA1LB	cqh_w3_00343	IQHStage_03.v	A	7	199396	v6
1RB0LC_0LA1LC_1RD0LB_0LB1RC	cqh_w3_00344	IQHStage_03.v	A	3	199399	v6
1RB0LC_0LA1LC_1RD0LB_1LD1RC	cqh_w3_00345	IQHStage_03.v	A	3	198766	v6
1RB0LC_0LA1LC_1RD0LD_1LB1RD	cqh_w3_00346	IQHStage_03.v	A	3	199695	v6
1RB0LC_0LA1LC_1RD1LB_1LB1RD	cqh_w3_00347	IQHStage_03.v	A	3	198768	v6
1RB0LC_0LA1LD_1LD1RC_1RC1LB	cqh_w3_00348	IQHStage_03.v	A	3	199399	v5
1RB0LC_0LA1RC_1LD0RB_0RB1LC	cqh_w3_00349	IQHStage_03.v	A	3	199399	v6
1RB0LC_0LA1RC_1LD0RB_1RD1LC	cqh_w3_00350	IQHStage_03.v	A	3	198766	v6
1RB0LC_0LA1RC_1LD0RD_1RB1LD	cqh_w3_00351	IQHStage_03.v	A	3	198665	v6
1RB0LC_0LA1RC_1LD1RB_1RB1LD	cqh_w3_00352	IQHStage_03.v	A	3	199399	v6
1RB0LC_0LA1RD_1RD1LC_1LC1RB	cqh_w3_00353	IQHStage_03.v	A	3	198768	v5
1RB0LC_0LB1LA_0LD0LA_1RD1LA	cqh_w3_00354	IQHStage_03.v	B	5	199083	v5
1RB0LC_0LB1LC_0LD0LA_1RD1LC	cqh_w3_00355	IQHStage_03.v	B	3	199714	v6
1RB0LC_0LB1RC_0LD0LA_1RD1LA	cqh_w3_00356	IQHStage_03.v	B	7	199087	v5
1RB0LC_0LB1RC_0LD0LA_1RD1LC	cqh_w3_00357	IQHStage_03.v	B	3	199716	v6
1RB0LC_0RC0RB_1LD1RA_1LC1RB	cqh_w3_00358	IQHStage_03.v	A	8	199086	v5
1RB0LC_1LA---_0LD0LA_1RD1LA	cqh_w3_00359	IQHStage_03.v	B	2	199080	v5
1RB0LC_1LA---_1RC1LD_1RD0LA	cqh_w3_00360	IQHStage_03.v	B	2	199998	v6
1RB0LC_1LA0LC_0LD0LB_1RD1LB	cqh_w3_00361	IQHStage_03.v	A	3	199080	v5
1RB0LC_1LA0LC_1RC1LD_1RD0LB	cqh_w3_00362	IQHStage_03.v	A	3	199998	v6
1RB0LC_1LA0LD_1RC1LD_0LC0LB	cqh_w3_00363	IQHStage_03.v	A	3	199713	v6
1RB0LC_1LA1LC_1RD0LB_0LB1RC	cqh_w3_00364	IQHStage_03.v	A	3	199392	v6
1RB0LC_1LA1LC_1RD0LB_1LD1RC	cqh_w3_00365	IQHStage_03.v	A	3	198757	v6
1RB0LC_1LA1RD_1RC1LD_1LC0RB	cqh_w3_00366	IQHStage_03.v	A	3	198757	v6
1RB0LC_1LB0LC_0LD0LA_1RD1LA	cqh_w3_00367	IQHStage_03.v	B	3	199080	v5
1RB0LC_1LB0LC_1RC1LD_1RD0LA	cqh_w3_00368	IQHStage_03.v	B	3	199998	v6
1RB0LC_1LB1LA_0LD0LA_1RD1LA	cqh_w3_00369	IQHStage_03.v	B	5	199083	v5
1RB0LC_1LB1LC_0LD0LA_1RD1LC	cqh_w3_00370	IQHStage_03.v	B	3	199714	v6
1RB0LC_1LC---_1RC1LD_1RD0LA	cqh_w3_00371	IQHStage_03.v	B	2	199996	v6
1RB0LC_1RC---_0LD0LA_1RD1LA	cqh_w3_00372	IQHStage_03.v	B	2	199082	v5
1RB0LC_1RC0LC_1LD1RC_1RA1LB	cqh_w3_00373	IQHStage_03.v	A	8	199685	v6
1RB0LC_1RC1LB_0LA1RD_1LB1RC	cqh_w3_00374	IQHStage_03.v	A	12	199406	v6
1RB0LC_1RC1LB_1LA1RD_1LB0RB	cqh_w3_00375	IQHStage_03.v	A	4	199693	v6
1RB0LC_1RC1LB_1LA1RD_1LB1RC	cqh_w3_00376	IQHStage_03.v	A	4	199397	v6
1RB0LC_1RC1LD_1LD1RC_1RA1LB	cqh_w3_00377	IQHStage_03.v	A	7	199396	v6
1RB0LC_1RC1LD_1RD0RB_0LB1LA	cqh_w3_00378	IQHStage_03.v	C	1459	199999	v3
1RB0LC_1RC1RA_0RD0RC_1LD1LB	cqh_w3_00379	IQHStage_03.v	A	8	198927	v3
1RB0LD_0LB1LC_1RC1LA_0LC0LA	cqh_w3_00380	IQHStage_03.v	B	3	199083	v5
1RB0LD_0LC---_1RC1LD_0LC0LA	cqh_w3_00381	IQHStage_03.v	B	2	199714	v6
1RB0LD_0LC1LA_1RC1LA_0LC0LA	cqh_w3_00382	IQHStage_03.v	B	5	199083	v5
1RB0LD_0LC1RB_1RC1LA_0LC0LA	cqh_w3_00383	IQHStage_03.v	B	6	199085	v5
1RB0LD_0LC1RD_1RC1LA_0LC0LA	cqh_w3_00384	IQHStage_03.v	B	5	199085	v5
1RB0LD_1LB0LC_1RC1LD_0LC0LA	cqh_w3_00385	IQHStage_03.v	B	3	199713	v6
1RB0LD_1LB0RC_1RC1LD_0LC0LA	cqh_w3_00386	IQHStage_03.v	B	3	199715	v6
1RB0LD_1LB1LC_1RC0LA_1RD1LC	cqh_w3_00387	IQHStage_03.v	B	3	199996	v6
1RB0LD_1LB1LC_1RC1LA_0LC0LA	cqh_w3_00388	IQHStage_03.v	B	3	199083	v5
1RB0LD_1LB1RC_1RC1LA_0LC0LA	cqh_w3_00389	IQHStage_03.v	B	3	199082	v5
1RB0LD_1LC---_1RC1LD_0LC0LA	cqh_w3_00390	IQHStage_03.v	B	2	199714	v6
1RB0LD_1LC0LB_1RC1LA_0LC0LA	cqh_w3_00391	IQHStage_03.v	B	7	199087	v5
1RB0LD_1LC0RA_1RC1LA_0LC0LA	cqh_w3_00392	IQHStage_03.v	B	15	199096	v5
1RB0LD_1LC0RD_1RC1LA_0LC0LA	cqh_w3_00393	IQHStage_03.v	B	8	199087	v5
1RB0LD_1LC1LA_1RC1LA_0LC0LA	cqh_w3_00394	IQHStage_03.v	B	5	199083	v5
1RB0LD_1LC1LB_1RC1LA_0LC0LA	cqh_w3_00395	IQHStage_03.v	B	7	199087	v5
1RB0LD_1LC1RB_1RB1LD_0RA1LC	cqh_w3_00396	IQHStage_03.v	A	7	198770	v5
1RB0LD_1LC1RD_1RD1LC_0LA1RB	cqh_w3_00397	IQHStage_03.v	A	8	199402	v6
1RB0LD_1RC1LB_0LA1RD_1LB0RB	cqh_w3_00398	IQHStage_03.v	A	8	198670	v6
1RB0LD_1RC1LB_0LA1RD_1LB1RC	cqh_w3_00399	IQHStage_03.v	A	7	199403	v6
1RB0LD_1RC1LB_1LA1RD_1LB0RB	cqh_w3_00400	IQHStage_04.v	A	4	199696	v6
1RB0LD_1RC1LB_1LA1RD_1LB1RC	cqh_w3_00401	IQHStage_04.v	A	7	199394	v6
1RB0LD_1RC1LB_1LB1RD_0LA1RC	cqh_w3_00402	IQHStage_04.v	A	11	198771	v5
1RB0LD_1RC1RA_0LD0RC_1LD1LB	cqh_w3_00403	IQHStage_04.v	A	6	199812	v3
1RB0LD_1RC1RA_1LD0RC_1LD1LB	cqh_w3_00404	IQHStage_04.v	A	6	199398	v3
1RB0RA_1RC0LC_1LD1RC_1RA1LB	cqh_w3_00405	IQHStage_04.v	A	9	198662	v6
1RB0RB_1LA1LC_1RD0LB_0LB1RC	cqh_w3_00406	IQHStage_04.v	A	3	199397	v6
1RB0RB_1LA1LC_1RD0LB_1LD1RC	cqh_w3_00407	IQHStage_04.v	A	3	198762	v6
1RB0RB_1LA1LC_1RD1LB_1LC1RD	cqh_w3_00408	IQHStage_04.v	A	3	199399	v5
1RB0RB_1LA1RC_1LD0RB_0RB1LC	cqh_w3_00409	IQHStage_04.v	A	3	199397	v6
1RB0RB_1LA1RC_1LD0RB_1RD1LC	cqh_w3_00410	IQHStage_04.v	A	3	198762	v6
1RB0RB_1LA1RC_1LD1RB_1RC1LD	cqh_w3_00411	IQHStage_04.v	A	3	199399	v5
1RB0RB_1LC0RB_1LD1RA_1LB1RD	cqh_w3_00412	IQHStage_04.v	A	4	199995	v3
1RB0RB_1LC0RC_1RD1LC_0LA1RB	cqh_w3_00413	IQHStage_04.v	A	9	199686	v6
1RB0RB_1LC1RD_1LB1RA_0RB0RD	cqh_w3_00414	IQHStage_04.v	A	4	199714	v6
1RB0RB_1LC1RD_1RD1LC_0LA1RB	cqh_w3_00415	IQHStage_04.v	A	8	199397	v6
1RB0RB_1RC0LC_1LD1RC_0RA1LB	cqh_w3_00416	IQHStage_04.v	A	8	198667	v6
1RB0RB_1RC0RA_0LD0RC_1LD1LB	cqh_w3_00417	IQHStage_04.v	A	6	199814	v3
1RB0RB_1RC0RA_0RD0RC_1LD1LB	cqh_w3_00418	IQHStage_04.v	A	10	199444	v3
1RB0RB_1RC1LB_1LA1RD_1LB0RB	cqh_w3_00419	IQHStage_04.v	A	21	199677	v6
1RB0RB_1RC1LB_1LA1RD_1LB1RC	cqh_w3_00420	IQHStage_04.v	A	18	199396	v6
1RB0RB_1RC1LD_1LD1RC_0RA1LB	cqh_w3_00421	IQHStage_04.v	A	13	199409	v6
1RB0RC_0LA1LC_1RD0LB_0LB1RC	cqh_w3_00422	IQHStage_04.v	A	3	199399	v6
1RB0RC_0LA1LC_1RD0LB_1LD1RC	cqh_w3_00423	IQHStage_04.v	A	3	198766	v6
1RB0RC_0LA1LC_1RD0LD_1LB1RD	cqh_w3_00424	IQHStage_04.v	A	3	198665	v6
1RB0RC_0LA1LC_1RD1LB_1LB1RD	cqh_w3_00425	IQHStage_04.v	A	3	199399	v6
1RB0RC_0LA1LD_1LD1RC_1RC1LB	cqh_w3_00426	IQHStage_04.v	A	3	199399	v5
1RB0RC_0LA1RC_1LD0RB_0RB1LC	cqh_w3_00427	IQHStage_04.v	A	3	199399	v6
1RB0RC_0LA1RC_1LD0RB_1RD1LC	cqh_w3_00428	IQHStage_04.v	A	3	198766	v6
1RB0RC_0LA1RC_1LD0RD_1RB1LD	cqh_w3_00429	IQHStage_04.v	A	3	199695	v6
1RB0RC_0LA1RC_1LD1RB_1RB1LD	cqh_w3_00430	IQHStage_04.v	A	3	199399	v6
1RB0RC_0LA1RD_1RD1LC_1LC1RB	cqh_w3_00431	IQHStage_04.v	A	3	199399	v5
1RB0RC_0LB1LC_0RD0RA_1LD1RC	cqh_w3_00432	IQHStage_04.v	B	3	199716	v6
1RB0RC_0LB1RC_0RD0RA_1LD1RC	cqh_w3_00433	IQHStage_04.v	B	3	199714	v6
1RB0RC_0RC---_0RD0RA_1LD1RA	cqh_w3_00434	IQHStage_04.v	B	2	199079	v5
1RB0RC_0RC---_1LC1RD_1LD0RA	cqh_w3_00435	IQHStage_04.v	B	2	199997	v6
1RB0RC_1LA0LD_1RC1LD_0LC0LB	cqh_w3_00436	IQHStage_04.v	A	3	199715	v6
1RB0RC_1LA0RC_0RD0RB_1LD1RB	cqh_w3_00437	IQHStage_04.v	A	6	199084	v5
1RB0RC_1LA0RD_1LC1RD_0RC0RB	cqh_w3_00438	IQHStage_04.v	A	3	199715	v6
1RB0RC_1LA1LD_1LB1RC_1RC0LC	cqh_w3_00439	IQHStage_04.v	A	3	198665	v6
1RB0RC_1LA1LD_1LB1RC_1RC1LB	cqh_w3_00440	IQHStage_04.v	A	3	199399	v6
1RB0RC_1LA1RD_1RB1LC_1LC0RC	cqh_w3_00441	IQHStage_04.v	A	3	199695	v6
1RB0RC_1LA1RD_1RB1LC_1LC1RB	cqh_w3_00442	IQHStage_04.v	A	3	199399	v6
1RB0RC_1LB1LC_0RD0RA_1LD1RA	cqh_w3_00443	IQHStage_04.v	B	3	199083	v5
1RB0RC_1LB1RA_0RD0RA_1LD1RA	cqh_w3_00444	IQHStage_04.v	B	3	199081	v5
1RB0RC_1LB1RC_1LC1RD_1LD0RA	cqh_w3_00445	IQHStage_04.v	B	3	199997	v6
1RB0RC_1LC0RC_1RD1LC_1LA1RB	cqh_w3_00446	IQHStage_04.v	A	9	199686	v6
1RB0RC_1LC1RD_1RD1LC_1LA1RB	cqh_w3_00447	IQHStage_04.v	A	8	199397	v6
1RB0RC_1RC---_0RD0RA_1LD1RC	cqh_w3_00448	IQHStage_04.v	B	2	199713	v6
1RB0RC_1RC1RA_0LD0RC_1LD1LB	cqh_w3_00449	IQHStage_04.v	A	6	199809	v3
1RB0RC_1RC1RA_0RD0RC_1LD1LB	cqh_w3_00450	IQHStage_04.v	A	8	199435	v3
1RB0RC_1RC1RA_1LD0RC_1LC1LB	cqh_w3_00451	IQHStage_04.v	A	6	199397	v5
1RB0RC_1RC1RA_1LD0RC_1LD1LB	cqh_w3_00452	IQHStage_04.v	A	6	199397	v3
1RB0RD_0LB1RC_1LC1RA_0RC0RA	cqh_w3_00453	IQHStage_04.v	B	3	199083	v5
1RB0RD_0LC---_1LC1RD_0RC0RA	cqh_w3_00454	IQHStage_04.v	B	2	199714	v6
1RB0RD_0LC0LD_1RC1LD_1RA0LB	cqh_w3_00455	IQHStage_04.v	A	27	199107	v5
1RB0RD_0RC---_1LC1RD_0RC0RA	cqh_w3_00456	IQHStage_04.v	B	2	199712	v6
1RB0RD_1LB0RC_1LC1RD_0RC0RA	cqh_w3_00457	IQHStage_04.v	B	3	199715	v6
1RB0RD_1LB1RC_1LC1RD_0RC0RA	cqh_w3_00458	IQHStage_04.v	B	3	199715	v6
1RB0RD_1LC---_1LC1RA_0RC0RA	cqh_w3_00459	IQHStage_04.v	B	2	199081	v5
1RB0RD_1LC1RB_1RB1LD_0RA1LC	cqh_w3_00460	IQHStage_04.v	A	5	198770	v5
1RB0RD_1LC1RD_1LB1RA_0RC0RD	cqh_w3_00461	IQHStage_04.v	A	4	199081	v5
1RB0RD_1RC---_1LC0RA_1LD1RC	cqh_w3_00462	IQHStage_04.v	B	2	199995	v6
1RB0RD_1RC---_1LC1RA_0RC0RA	cqh_w3_00463	IQHStage_04.v	B	2	199082	v5
1RB0RD_1RC0RA_0RD0RC_1LD1LB	cqh_w3_00464	IQHStage_04.v	A	8	198925	v3
1RB0RD_1RC0RA_1LD0RC_1LD1LB	cqh_w3_00465	IQHStage_04.v	A	6	198771	v3
1RB0RD_1RC1LA_0LD0RC_1LD1LB	cqh_w3_00466	IQHStage_04.v	A	8	199809	v3
1RB0RD_1RC1LA_0RD0RC_1LD1LB	cqh_w3_00467	IQHStage_04.v	A	10	199953	v3
1RB0RD_1RC1LA_1LD0RC_1LD1LB	cqh_w3_00468	IQHStage_04.v	A	8	199399	v3
1RB0RD_1RC1LB_0LA1RD_1LB0RB	cqh_w3_00469	IQHStage_04.v	A	21	199677	v6
1RB0RD_1RC1LB_0LA1RD_1LB1RC	cqh_w3_00470	IQHStage_04.v	A	18	199396	v6
1RB0RD_1RC1LB_1LB1RD_0LA1RC	cqh_w3_00471	IQHStage_04.v	A	13	199395	v5
1RB0RD_1RC1LD_1LD1RC_0RA1LB	cqh_w3_00472	IQHStage_04.v	A	7	199401	v6
1RB0RD_1RC1RA_0LD0RC_1LD1LB	cqh_w3_00473	IQHStage_04.v	A	6	199802	v3
1RB1LA_0LA0RC_0RD0RB_1LD1RB	cqh_w3_00474	IQHStage_04.v	A	4	199082	v5
1RB1LA_0LA1RC_1LD0RD_1RB1LD	cqh_w3_00475	IQHStage_04.v	A	4	199694	v6
1RB1LA_0LA1RC_1LD1RB_1RB1LD	cqh_w3_00476	IQHStage_04.v	A	4	199398	v6
1RB1LA_0LC0LD_1RC1LD_1RA0LB	cqh_w3_00477	IQHStage_04.v	A	21	199101	v5
1RB1LA_0LC1RD_---0LD_1LA0RA	cqh_w3_00478	IQHStage_04.v	C	3	198665	v6
1RB1LA_0LC1RD_---0LD_1LA1RB	cqh_w3_00479	IQHStage_04.v	C	3	199399	v6
1RB1LA_0LC1RD_---0RD_1LA0RA	cqh_w3_00480	IQHStage_04.v	C	3	199695	v6
1RB1LA_0LC1RD_---0RD_1LA1RB	cqh_w3_00481	IQHStage_04.v	C	3	199399	v6
1RB1LA_0LC1RD_---1LA_1LA0RA	cqh_w3_00482	IQHStage_04.v	C	3	198664	v6
1RB1LA_0LC1RD_---1LA_1LA1RB	cqh_w3_00483	IQHStage_04.v	C	3	199398	v6
1RB1LA_0LC1RD_0LA1RC_1LA0RA	cqh_w3_00484	IQHStage_04.v	C	4	198666	v6
1RB1LA_0LC1RD_0LA1RC_1LA1RB	cqh_w3_00485	IQHStage_04.v	C	4	199400	v6
1RB1LA_0LC1RD_0LD0LB_1LA0RA	cqh_w3_00486	IQHStage_04.v	C	5	198667	v6
1RB1LA_0LC1RD_0LD0LB_1LA1RB	cqh_w3_00487	IQHStage_04.v	C	5	199401	v6
1RB1LA_0LC1RD_0LD0LC_1LA0RA	cqh_w3_00488	IQHStage_04.v	C	4	198666	v6
1RB1LA_0LC1RD_0LD0LC_1LA1RB	cqh_w3_00489	IQHStage_04.v	C	4	199400	v6
1RB1LA_0LC1RD_0LD0RB_1LA0RA	cqh_w3_00490	IQHStage_04.v	C	5	198667	v6
1RB1LA_0LC1RD_0LD0RB_1LA1RB	cqh_w3_00491	IQHStage_04.v	C	5	199401	v6
1RB1LA_0LC1RD_0LD0RC_1LA0RA	cqh_w3_00492	IQHStage_04.v	C	4	198666	v6
1RB1LA_0LC1RD_0LD0RC_1LA1RB	cqh_w3_00493	IQHStage_04.v	C	4	199400	v6
1RB1LA_0LC1RD_0RA1LB_1LA0RA	cqh_w3_00494	IQHStage_04.v	C	5	199696	v6
1RB1LA_0LC1RD_0RA1LB_1LA1RB	cqh_w3_00495	IQHStage_04.v	C	5	199400	v6
1RB1LA_0LC1RD_0RA1LC_1LA0RA	cqh_w3_00496	IQHStage_04.v	C	4	199696	v6
1RB1LA_0LC1RD_0RA1LC_1LA1RB	cqh_w3_00497	IQHStage_04.v	C	4	199400	v6
1RB1LA_0LC1RD_0RD0LB_1LA0RA	cqh_w3_00498	IQHStage_04.v	C	5	198667	v6
1RB1LA_0LC1RD_0RD0LB_1LA1RB	cqh_w3_00499	IQHStage_04.v	C	5	199401	v6
1RB1LA_0LC1RD_0RD0LC_1LA0RA	cqh_w3_00500	IQHStage_05.v	C	4	199696	v6
1RB1LA_0LC1RD_0RD0LC_1LA1RB	cqh_w3_00501	IQHStage_05.v	C	4	199400	v6
1RB1LA_0LC1RD_0RD0RB_1LA0RA	cqh_w3_00502	IQHStage_05.v	C	5	199697	v6
1RB1LA_0LC1RD_0RD0RB_1LA1RB	cqh_w3_00503	IQHStage_05.v	C	5	199401	v6
1RB1LA_0LC1RD_0RD0RC_1LA0RA	cqh_w3_00504	IQHStage_05.v	C	4	199696	v6
1RB1LA_0LC1RD_0RD0RC_1LA1RB	cqh_w3_00505	IQHStage_05.v	C	4	198769	v6
1RB1LA_0LC1RD_1LA0LB_1LA0RA	cqh_w3_00506	IQHStage_05.v	C	5	198666	v6
1RB1LA_0LC1RD_1LA0LB_1LA1RB	cqh_w3_00507	IQHStage_05.v	C	5	199400	v6
1RB1LA_0LC1RD_1LA0LC_1LA0RA	cqh_w3_00508	IQHStage_05.v	C	4	198665	v6
1RB1LA_0LC1RD_1LA0LC_1LA1RB	cqh_w3_00509	IQHStage_05.v	C	4	199399	v6
1RB1LA_0LC1RD_1LA0RB_1LA0RA	cqh_w3_00510	IQHStage_05.v	C	5	198666	v6
1RB1LA_0LC1RD_1LA0RB_1LA1RB	cqh_w3_00511	IQHStage_05.v	C	5	199400	v6
1RB1LA_0LC1RD_1LA0RC_1LA0RA	cqh_w3_00512	IQHStage_05.v	C	4	199695	v6
1RB1LA_0LC1RD_1LA0RC_1LA1RB	cqh_w3_00513	IQHStage_05.v	C	4	199399	v6
1RB1LA_0LC1RD_1LD0LB_1LA1RB	cqh_w3_00514	IQHStage_05.v	C	11	199405	v6
1RB1LA_0LC1RD_1LD1LB_1LA0RA	cqh_w3_00515	IQHStage_05.v	C	5	199685	v6
1RB1LA_0LC1RD_1LD1LC_1LA0RA	cqh_w3_00516	IQHStage_05.v	C	4	198661	v6
1RB1LA_0LC1RD_1LD1LC_1LA1RB	cqh_w3_00517	IQHStage_05.v	C	4	199395	v6
1RB1LA_0LC1RD_1LD1RC_1LA0RA	cqh_w3_00518	IQHStage_05.v	C	4	199697	v6
1RB1LA_0LC1RD_1LD1RC_1LA1RB	cqh_w3_00519	IQHStage_05.v	C	4	199399	v6
1RB1LA_0LC1RD_1RA0LB_1LA1RB	cqh_w3_00520	IQHStage_05.v	C	16	199410	v6
1RB1LA_0LC1RD_1RB1LC_1LA0RA	cqh_w3_00521	IQHStage_05.v	C	4	199694	v6
1RB1LA_0LC1RD_1RB1LC_1LA1RB	cqh_w3_00522	IQHStage_05.v	C	4	199398	v6
1RB1LA_0LC1RD_1RD0LB_1LA1RB	cqh_w3_00523	IQHStage_05.v	C	12	199406	v6
1RB1LA_0LC1RD_1RD1LB_1LA0RA	cqh_w3_00524	IQHStage_05.v	C	5	198663	v6
1RB1LA_0LC1RD_1RD1LB_1LA1RB	cqh_w3_00525	IQHStage_05.v	C	5	199397	v6
1RB1LA_0LC1RD_1RD1RC_1LA0RA	cqh_w3_00526	IQHStage_05.v	C	4	199693	v6
1RB1LA_0LC1RD_1RD1RC_1LA1RB	cqh_w3_00527	IQHStage_05.v	C	4	199397	v6
1RB1LA_0RC0RB_1LD1RA_1LC1RB	cqh_w3_00528	IQHStage_05.v	A	8	199080	v5
1RB1LA_0RC1RD_0LC0LD_1LA0RA	cqh_w3_00529	IQHStage_05.v	C	5	198667	v6
1RB1LA_0RC1RD_0LC0LD_1LA1RB	cqh_w3_00530	IQHStage_05.v	C	5	199401	v6
1RB1LA_0RC1RD_0LC0RD_1LA0RA	cqh_w3_00531	IQHStage_05.v	C	5	199697	v6
1RB1LA_0RC1RD_0LC0RD_1LA1RB	cqh_w3_00532	IQHStage_05.v	C	5	199401	v6
1RB1LA_0RC1RD_0LC1LA_1LA0RA	cqh_w3_00533	IQHStage_05.v	C	5	198666	v6
1RB1LA_0RC1RD_0LC1LA_1LA1RB	cqh_w3_00534	IQHStage_05.v	C	5	199400	v6
1RB1LA_0RC1RD_1LB1LD_1LA0RA	cqh_w3_00535	IQHStage_05.v	C	5	199693	v6
1RB1LA_0RC1RD_1LB1LD_1LA1RB	cqh_w3_00536	IQHStage_05.v	C	5	199397	v6
1RB1LA_0RC1RD_1LC0LD_1LA0RA	cqh_w3_00537	IQHStage_05.v	C	5	199686	v6
1RB1LA_0RC1RD_1LC0LD_1LA1RB	cqh_w3_00538	IQHStage_05.v	C	5	199392	v6
1RB1LA_0RC1RD_1LC0RD_1LA0RA	cqh_w3_00539	IQHStage_05.v	C	5	199698	v6
1RB1LA_0RC1RD_1LC0RD_1LA1RB	cqh_w3_00540	IQHStage_05.v	C	5	198769	v6
1RB1LA_0RC1RD_1LC1LA_1LA0RA	cqh_w3_00541	IQHStage_05.v	C	5	199691	v6
1RB1LA_0RC1RD_1LC1LA_1LA1RB	cqh_w3_00542	IQHStage_05.v	C	5	199395	v6
1RB1LA_0RC1RD_1LC1RA_1LA0RA	cqh_w3_00543	IQHStage_05.v	C	5	199693	v6
1RB1LA_0RC1RD_1LC1RA_1LA1RB	cqh_w3_00544	IQHStage_05.v	C	5	199397	v6
1RB1LA_0RC1RD_1LD---_1LA0RA	cqh_w3_00545	IQHStage_05.v	C	3	199691	v6
1RB1LA_0RC1RD_1LD---_1LA1RB	cqh_w3_00546	IQHStage_05.v	C	3	199395	v6
1RB1LA_1LA0RC_0RD0RB_1LD1RB	cqh_w3_00547	IQHStage_05.v	A	8	199086	v5
1RB1LA_1LA0RC_1LC1RD_1LD0RB	cqh_w3_00548	IQHStage_05.v	A	20	199995	v6
1RB1LA_1LC0RB_1LD0RA_1LB1RD	cqh_w3_00549	IQHStage_05.v	A	5	199997	v3
1RB1LA_1LC1RB_1RB1LD_1RA1LC	cqh_w3_00550	IQHStage_05.v	A	7	198765	v5
1RB1LA_1LC1RD_---0RA_1LA0RA	cqh_w3_00551	IQHStage_05.v	C	3	199695	v6
1RB1LA_1LC1RD_---0RA_1LA1RB	cqh_w3_00552	IQHStage_05.v	C	3	199399	v6
1RB1LA_1LC1RD_---1LD_1LA0RA	cqh_w3_00553	IQHStage_05.v	C	3	199690	v6
1RB1LA_1LC1RD_---1LD_1LA1RB	cqh_w3_00554	IQHStage_05.v	C	3	199394	v6
1RB1LA_1LC1RD_---1RB_1LA0RA	cqh_w3_00555	IQHStage_05.v	C	3	199693	v6
1RB1LA_1LC1RD_---1RB_1LA1RB	cqh_w3_00556	IQHStage_05.v	C	3	199397	v6
1RB1LA_1LC1RD_0LB1RC_1LA0RA	cqh_w3_00557	IQHStage_05.v	C	5	199695	v6
1RB1LA_1LC1RD_0LB1RC_1LA1RB	cqh_w3_00558	IQHStage_05.v	C	5	199399	v6
1RB1LA_1LC1RD_0LD0LB_1LA0RA	cqh_w3_00559	IQHStage_05.v	C	5	199673	v6
1RB1LA_1LC1RD_0LD0LB_1LA1RB	cqh_w3_00560	IQHStage_05.v	C	18	199392	v6
1RB1LA_1LC1RD_0LD0RC_1LA0RA	cqh_w3_00561	IQHStage_05.v	C	5	199697	v6
1RB1LA_1LC1RD_0LD0RC_1LA1RB	cqh_w3_00562	IQHStage_05.v	C	5	199401	v6
1RB1LA_1LC1RD_0LD1LB_1LA1RB	cqh_w3_00563	IQHStage_05.v	C	20	199383	v6
1RB1LA_1LC1RD_0LD1LC_1LA0RA	cqh_w3_00564	IQHStage_05.v	C	4	199685	v6
1RB1LA_1LC1RD_0LD1LC_1LA1RB	cqh_w3_00565	IQHStage_05.v	C	4	199391	v6
1RB1LA_1LC1RD_0RA0LC_1LA0RA	cqh_w3_00566	IQHStage_05.v	C	4	199695	v6
1RB1LA_1LC1RD_0RA0LC_1LA1RB	cqh_w3_00567	IQHStage_05.v	C	4	198768	v6
1RB1LA_1LC1RD_0RA1LB_1LA0RA	cqh_w3_00568	IQHStage_05.v	C	5	199692	v6
1RB1LA_1LC1RD_0RA1LB_1LA1RB	cqh_w3_00569	IQHStage_05.v	C	5	199396	v6
1RB1LA_1LC1RD_0RB0LB_1LA0RA	cqh_w3_00570	IQHStage_05.v	C	5	199694	v6
1RB1LA_1LC1RD_0RB0LB_1LA1RB	cqh_w3_00571	IQHStage_05.v	C	5	199398	v6
1RB1LA_1LC1RD_0RB0LC_1LA1RB	cqh_w3_00572	IQHStage_05.v	C	14	199407	v6
1RB1LA_1LC1RD_0RB1LB_1LA1RB	cqh_w3_00573	IQHStage_05.v	C	19	198766	v6
1RB1LA_1LC1RD_0RD0LB_1LA0RA	cqh_w3_00574	IQHStage_05.v	C	5	199697	v6
1RB1LA_1LC1RD_0RD0RC_1LA0RA	cqh_w3_00575	IQHStage_05.v	C	5	199697	v6
1RB1LA_1LC1RD_0RD0RC_1LA1RB	cqh_w3_00576	IQHStage_05.v	C	5	198770	v6
1RB1LA_1LC1RD_0RD1LB_1LA1RB	cqh_w3_00577	IQHStage_05.v	C	10	198768	v6
1RB1LA_1LC1RD_0RD1LC_1LA0RA	cqh_w3_00578	IQHStage_05.v	C	4	199697	v6
1RB1LA_1LC1RD_0RD1LC_1LA1RB	cqh_w3_00579	IQHStage_05.v	C	4	198768	v6
1RB1LA_1LC1RD_0RD1RC_1LA0RA	cqh_w3_00580	IQHStage_05.v	C	5	199688	v6
1RB1LA_1LC1RD_0RD1RC_1LA1RB	cqh_w3_00581	IQHStage_05.v	C	5	199394	v6
1RB1LA_1LC1RD_1LA0LB_1LA0RA	cqh_w3_00582	IQHStage_05.v	C	5	199684	v6
1RB1LA_1LC1RD_1LA0LB_1LA1RB	cqh_w3_00583	IQHStage_05.v	C	10	199395	v6
1RB1LA_1LC1RD_1LA0RC_1LA0RA	cqh_w3_00584	IQHStage_05.v	C	5	199696	v6
1RB1LA_1LC1RD_1LA0RC_1LA1RB	cqh_w3_00585	IQHStage_05.v	C	5	198769	v6
1RB1LA_1LC1RD_1LA1LB_1LA1RB	cqh_w3_00586	IQHStage_05.v	C	12	199390	v6
1RB1LA_1LC1RD_1LA1LC_1LA0RA	cqh_w3_00587	IQHStage_05.v	C	4	199690	v6
1RB1LA_1LC1RD_1LA1LC_1LA1RB	cqh_w3_00588	IQHStage_05.v	C	4	199394	v6
1RB1LA_1LC1RD_1LA1RC_1LA0RA	cqh_w3_00589	IQHStage_05.v	C	5	199693	v6
1RB1LA_1LC1RD_1LA1RC_1LA1RB	cqh_w3_00590	IQHStage_05.v	C	5	199397	v6
1RB1LA_1LC1RD_1LB0RA_0RB0RD	cqh_w3_00591	IQHStage_05.v	A	5	199717	v6
1RB1LA_1LC1RD_1LB0RA_0RC0RD	cqh_w3_00592	IQHStage_05.v	A	12	199091	v5
1RB1LA_1LC1RD_1LB1LA_0RB0RD	cqh_w3_00593	IQHStage_05.v	A	13	199713	v6
1RB1LA_1LC1RD_1LB1RA_0RB0RD	cqh_w3_00594	IQHStage_05.v	A	17	199717	v6
1RB1LA_1LC1RD_1LB1RA_0RC0RD	cqh_w3_00595	IQHStage_05.v	A	6	199085	v5
1RB1LA_1LC1RD_1LD0LC_1LA0RA	cqh_w3_00596	IQHStage_05.v	C	4	199684	v6
1RB1LA_1LC1RD_1LD1LB_1LA0RA	cqh_w3_00597	IQHStage_05.v	C	5	199681	v6
1RB1LA_1LC1RD_1LD1LB_1LA1RB	cqh_w3_00598	IQHStage_05.v	C	5	199387	v6
1RB1LA_1LC1RD_1RA0LB_1LA0RA	cqh_w3_00599	IQHStage_05.v	C	5	199686	v6
1RB1LA_1LC1RD_1RA0LB_1LA1RB	cqh_w3_00600	IQHStage_06.v	C	12	199397	v6
1RB1LA_1LC1RD_1RA1LB_1LA1RB	cqh_w3_00601	IQHStage_06.v	C	14	199392	v6
1RB1LA_1LC1RD_1RA1LC_1LA0RA	cqh_w3_00602	IQHStage_06.v	C	4	199692	v6
1RB1LA_1LC1RD_1RA1LC_1LA1RB	cqh_w3_00603	IQHStage_06.v	C	4	199396	v6
1RB1LA_1LC1RD_1RB1LB_1LA0RA	cqh_w3_00604	IQHStage_06.v	C	5	199690	v6
1RB1LA_1LC1RD_1RB1LB_1LA1RB	cqh_w3_00605	IQHStage_06.v	C	5	199394	v6
1RB1LA_1LC1RD_1RC0LB_1LA0RA	cqh_w3_00606	IQHStage_06.v	C	6	199688	v6
1RB1LA_1LC1RD_1RC0LB_1LA1RB	cqh_w3_00607	IQHStage_06.v	C	14	199399	v6
1RB1LA_1LC1RD_1RC1LB_1LA0RA	cqh_w3_00608	IQHStage_06.v	C	17	199691	v6
1RB1LA_1LC1RD_1RC1LB_1LA1RB	cqh_w3_00609	IQHStage_06.v	C	30	199393	v6
1RB1LA_1LC1RD_1RD0LC_1LA0RA	cqh_w3_00610	IQHStage_06.v	C	4	199692	v6
1RB1LA_1LC1RD_1RD0LC_1LA1RB	cqh_w3_00611	IQHStage_06.v	C	4	199396	v6
1RB1LA_1LC1RD_1RD1LB_1LA0RA	cqh_w3_00612	IQHStage_06.v	C	15	199689	v6
1RB1LA_1LC1RD_1RD1LB_1LA1RB	cqh_w3_00613	IQHStage_06.v	C	28	199391	v6
1RB1LA_1RC0LC_1LD1RC_0RA1LB	cqh_w3_00614	IQHStage_06.v	A	9	199687	v6
1RB1LA_1RC1LB_0LA1RD_1LB0RB	cqh_w3_00615	IQHStage_06.v	A	6	198664	v6
1RB1LA_1RC1LB_0LA1RD_1LB1RC	cqh_w3_00616	IQHStage_06.v	A	6	199398	v6
1RB1LA_1RC1LB_1LA1RD_1LB0RB	cqh_w3_00617	IQHStage_06.v	A	19	198653	v6
1RB1LA_1RC1LB_1LA1RD_1LB1RC	cqh_w3_00618	IQHStage_06.v	A	20	199390	v6
1RB1LA_1RC1LB_1LB1RD_1LA1RC	cqh_w3_00619	IQHStage_06.v	A	15	199392	v5
1RB1LA_1RC1LD_1LD1RC_0RA1LB	cqh_w3_00620	IQHStage_06.v	A	8	199396	v6
1RB1LA_1RC1RD_0LB---_1LA0RA	cqh_w3_00621	IQHStage_06.v	C	3	199693	v6
1RB1LA_1RC1RD_0LB---_1LA1RB	cqh_w3_00622	IQHStage_06.v	C	3	199397	v6
1RB1LA_1RC1RD_0LC0LA_1LA0RA	cqh_w3_00623	IQHStage_06.v	C	4	198666	v6
1RB1LA_1RC1RD_0LC0LA_1LA1RB	cqh_w3_00624	IQHStage_06.v	C	4	199400	v6
1RB1LA_1RC1RD_0LC1LD_1LA0RA	cqh_w3_00625	IQHStage_06.v	C	4	199697	v6
1RB1LA_1RC1RD_0LC1LD_1LA1RB	cqh_w3_00626	IQHStage_06.v	C	4	199399	v6
1RB1LA_1RC1RD_0LC1RD_1LA0RA	cqh_w3_00627	IQHStage_06.v	C	4	199693	v6
1RB1LA_1RC1RD_0LC1RD_1LA1RB	cqh_w3_00628	IQHStage_06.v	C	4	199397	v6
1RB1LA_1RC1RD_0RD---_1LA0RA	cqh_w3_00629	IQHStage_06.v	C	3	199686	v6
1RB1LA_1RC1RD_0RD---_1LA1RB	cqh_w3_00630	IQHStage_06.v	C	3	199392	v6
1RB1LA_1RC1RD_1LA---_1LA0RA	cqh_w3_00631	IQHStage_06.v	C	3	199691	v6
1RB1LA_1RC1RD_1LA---_1LA1RB	cqh_w3_00632	IQHStage_06.v	C	3	199395	v6
1RB1LA_1RC1RD_1LC0LB_1LA0RA	cqh_w3_00633	IQHStage_06.v	C	4	199693	v6
1RB1LA_1RC1RD_1LC0LB_1LA1RB	cqh_w3_00634	IQHStage_06.v	C	4	199397	v6
1RB1LA_1RC1RD_1LC0LD_1LA0RA	cqh_w3_00635	IQHStage_06.v	C	4	199696	v6
1RB1LA_1RC1RD_1LC1LA_1LA0RA	cqh_w3_00636	IQHStage_06.v	C	4	199691	v6
1RB1LA_1RC1RD_1LC1LA_1LA1RB	cqh_w3_00637	IQHStage_06.v	C	4	199395	v6
1RB1LA_1RC1RD_1LC1RA_1LA0RA	cqh_w3_00638	IQHStage_06.v	C	4	199693	v6
1RB1LA_1RC1RD_1LC1RA_1LA1RB	cqh_w3_00639	IQHStage_06.v	C	4	199397	v6
1RB1LB_0LC0LD_1RC1LD_1RA0LB	cqh_w3_00640	IQHStage_06.v	A	13	199093	v5
1RB1LB_1LA0RC_0RD0RB_1LD1RB	cqh_w3_00641	IQHStage_06.v	A	5	199077	v5
1RB1LB_1LA1RC_1LD0RD_1RB1LD	cqh_w3_00642	IQHStage_06.v	A	5	199690	v6
1RB1LB_1LA1RC_1LD1RB_1RB1LD	cqh_w3_00643	IQHStage_06.v	A	5	199394	v6
1RB1LB_1LA1RC_1LD1RB_1RC1LD	cqh_w3_00644	IQHStage_06.v	A	21	199392	v5
1RB1LB_1LC0RC_1RD1LC_1LA1RB	cqh_w3_00645	IQHStage_06.v	A	9	199687	v6
1RB1LB_1LC1RB_1RB1LD_0RA1LC	cqh_w3_00646	IQHStage_06.v	A	5	199396	v5
1RB1LB_1LC1RD_1LB1RA_0RC0RD	cqh_w3_00647	IQHStage_06.v	A	4	199083	v5
1RB1LB_1RC0RA_0LD0RC_1LD1LB	cqh_w3_00648	IQHStage_06.v	A	6	199811	v3
1RB1LB_1RC0RA_0RD0RC_1LD1LB	cqh_w3_00649	IQHStage_06.v	A	8	199437	v3
1RB1LB_1RC0RA_1LD0RC_1LC1LB	cqh_w3_00650	IQHStage_06.v	A	6	199399	v5
1RB1LB_1RC0RA_1LD0RC_1LD1LB	cqh_w3_00651	IQHStage_06.v	A	6	199399	v3
1RB1LB_1RC1LA_0LD0RC_1LD1LB	cqh_w3_00652	IQHStage_06.v	A	8	199801	v3
1RB1LB_1RC1LA_0RD0RC_1LD1LB	cqh_w3_00653	IQHStage_06.v	A	10	199690	v3
1RB1LB_1RC1LA_1LD0RC_1LC1LB	cqh_w3_00654	IQHStage_06.v	A	8	199394	v5
1RB1LB_1RC1LA_1LD0RC_1LD1LB	cqh_w3_00655	IQHStage_06.v	A	8	199394	v3
1RB1LB_1RC1LB_0LA1RD_1LB0RB	cqh_w3_00656	IQHStage_06.v	A	11	198663	v6
1RB1LB_1RC1LB_0LA1RD_1LB1RC	cqh_w3_00657	IQHStage_06.v	A	10	199402	v6
1RB1LB_1RC1LB_1LA1RD_1LB0RB	cqh_w3_00658	IQHStage_06.v	A	4	199691	v6
1RB1LB_1RC1LB_1LA1RD_1LB1RC	cqh_w3_00659	IQHStage_06.v	A	4	199395	v6
1RB1LB_1RC1LB_1LB1RD_0LA1RC	cqh_w3_00660	IQHStage_06.v	A	11	198769	v5
1RB1LC_0LA---_1RD0LA_0LA1RC	cqh_w3_00661	IQHStage_06.v	B	2	199396	v6
1RB1LC_0LA---_1RD0LA_1LD1RC	cqh_w3_00662	IQHStage_06.v	B	2	198761	v6
1RB1LC_0LA---_1RD1LA_1LC1RD	cqh_w3_00663	IQHStage_06.v	B	2	199398	v5
1RB1LC_0LA0LC_0LD0LB_1RD1LC	cqh_w3_00664	IQHStage_06.v	A	3	199714	v6
1RB1LC_0LA0LD_1RC1LB_0LC0LB	cqh_w3_00665	IQHStage_06.v	A	3	199083	v5
1RB1LC_0LA0LD_1RD0LD_1LA1RD	cqh_w3_00666	IQHStage_06.v	B	11	199688	v6
1RB1LC_0LA0LD_1RD1LA_1LA1RD	cqh_w3_00667	IQHStage_06.v	B	10	198768	v6
1RB1LC_0LA0RC_0RD0RB_1LD1RC	cqh_w3_00668	IQHStage_06.v	A	3	199716	v6
1RB1LC_0LA1LA_1RD0LD_1LA1RD	cqh_w3_00669	IQHStage_06.v	B	11	199686	v6
1RB1LC_0LA1LA_1RD1LA_1LA1RD	cqh_w3_00670	IQHStage_06.v	B	10	198766	v6
1RB1LC_0LA1LC_1RD0LB_0LB1RC	cqh_w3_00671	IQHStage_06.v	A	3	199396	v6
1RB1LC_0LA1LC_1RD0LB_1LD1RC	cqh_w3_00672	IQHStage_06.v	A	3	198761	v6
1RB1LC_0LA1LC_1RD1LB_1LC1RD	cqh_w3_00673	IQHStage_06.v	A	3	199398	v5
1RB1LC_0LA1RA_1RD1LA_1LA1RD	cqh_w3_00674	IQHStage_06.v	B	10	198768	v6
1RB1LC_0LA1RC_1LD0RB_0RB1LC	cqh_w3_00675	IQHStage_06.v	A	11	199406	v6
1RB1LC_0LA1RC_1LD0RB_1RD1LC	cqh_w3_00676	IQHStage_06.v	A	13	198773	v6
1RB1LC_0LA1RC_1LD1RB_1RC1LD	cqh_w3_00677	IQHStage_06.v	A	3	198766	v5
1RB1LC_0LA1RC_1RD0LD_1LA1RD	cqh_w3_00678	IQHStage_06.v	B	11	199689	v6
1RB1LC_0LA1RD_0RB1LD_1LC0RB	cqh_w3_00679	IQHStage_06.v	A	3	199398	v6
1RB1LC_0LA1RD_1RB1LC_1LC0RC	cqh_w3_00680	IQHStage_06.v	A	3	198664	v6
1RB1LC_0LA1RD_1RB1LC_1LC1RB	cqh_w3_00681	IQHStage_06.v	A	3	199398	v6
1RB1LC_0LA1RD_1RC1LD_1LC0RB	cqh_w3_00682	IQHStage_06.v	A	3	198765	v6
1RB1LC_0LA1RD_1RD1LC_1LC1RB	cqh_w3_00683	IQHStage_06.v	A	7	198770	v5
1RB1LC_0LB0LC_1RD0LA_0LA1RC	cqh_w3_00684	IQHStage_06.v	B	3	199399	v6
1RB1LC_0LB0LC_1RD0LA_1LD1RC	cqh_w3_00685	IQHStage_06.v	B	3	198766	v6
1RB1LC_0LB0LC_1RD0LD_1LA1RD	cqh_w3_00686	IQHStage_06.v	B	3	199695	v6
1RB1LC_0LB0LC_1RD1LA_1LA1RD	cqh_w3_00687	IQHStage_06.v	B	3	198768	v6
1RB1LC_0LB0RC_1RD0LA_0LA1RC	cqh_w3_00688	IQHStage_06.v	B	3	199399	v6
1RB1LC_0LB0RC_1RD0LA_1LD1RC	cqh_w3_00689	IQHStage_06.v	B	3	198766	v6
1RB1LC_0LB0RC_1RD0LD_1LA1RD	cqh_w3_00690	IQHStage_06.v	B	3	198665	v6
1RB1LC_0LB0RC_1RD1LA_1LA1RD	cqh_w3_00691	IQHStage_06.v	B	3	199399	v6
1RB1LC_0LB1LA_1RD0LD_1LA1RD	cqh_w3_00692	IQHStage_06.v	B	5	199695	v6
1RB1LC_0LB1LA_1RD1LA_1LA1RD	cqh_w3_00693	IQHStage_06.v	B	5	198768	v6
1RB1LC_0LB1LA_1RD1LA_1LC1RD	cqh_w3_00694	IQHStage_06.v	B	15	199397	v5
1RB1LC_0LB1LC_1RD0LA_0LA1RC	cqh_w3_00695	IQHStage_06.v	B	3	199396	v6
1RB1LC_0LB1LC_1RD0LA_1LD1RC	cqh_w3_00696	IQHStage_06.v	B	3	198761	v6
1RB1LC_0LB1LC_1RD1LA_1LC1RD	cqh_w3_00697	IQHStage_06.v	B	3	199398	v5
1RB1LC_0LB1RC_1RD0LD_1LA1RD	cqh_w3_00698	IQHStage_06.v	B	10	198658	v6
1RB1LC_0LB1RC_1RD1LA_1LC1RD	cqh_w3_00699	IQHStage_06.v	B	3	199397	v5
1RB1LC_0LC0LA_1RD1LA_1LC1RD	cqh_w3_00700	IQHStage_07.v	B	5	199401	v5
1RB1LC_0LC0LB_1RD0LD_1LA1RD	cqh_w3_00701	IQHStage_07.v	B	8	199700	v6
1RB1LC_0LC0LB_1RD1LA_1LA1RD	cqh_w3_00702	IQHStage_07.v	B	7	198772	v6
1RB1LC_0LC0LD_1RC1LD_0RA0LB	cqh_w3_00703	IQHStage_07.v	A	5	199085	v5
1RB1LC_0LC0LD_1RD0LD_1LA1RD	cqh_w3_00704	IQHStage_07.v	B	6	199698	v6
1RB1LC_0LC0LD_1RD1LA_1LA1RD	cqh_w3_00705	IQHStage_07.v	B	5	198770	v6
1RB1LC_0LC0RA_1RD0LD_1LA1RD	cqh_w3_00706	IQHStage_07.v	B	8	199700	v6
1RB1LC_0LC0RB_1RD1LA_1LC1RD	cqh_w3_00707	IQHStage_07.v	B	6	199400	v5
1RB1LC_0LC1LA_1RD0LD_1LA1RD	cqh_w3_00708	IQHStage_07.v	B	6	199696	v6
1RB1LC_0LC1LA_1RD1LA_1LA1RD	cqh_w3_00709	IQHStage_07.v	B	5	198768	v6
1RB1LC_0LC1LA_1RD1LA_1LC1RD	cqh_w3_00710	IQHStage_07.v	B	15	199397	v5
1RB1LC_0LC1LB_1RD0LD_1LA1RD	cqh_w3_00711	IQHStage_07.v	B	8	199691	v6
1RB1LC_0LC1LB_1RD1LA_1LA1RD	cqh_w3_00712	IQHStage_07.v	B	7	198765	v6
1RB1LC_0LC1LD_1RD1LA_1LC1RD	cqh_w3_00713	IQHStage_07.v	B	5	199400	v5
1RB1LC_0LC1RA_1RD1LA_1LA1RD	cqh_w3_00714	IQHStage_07.v	B	12	198770	v6
1RB1LC_0LC1RA_1RD1LA_1LC1RD	cqh_w3_00715	IQHStage_07.v	B	28	199399	v5
1RB1LC_0LC1RB_1RD0LD_1LA1RD	cqh_w3_00716	IQHStage_07.v	B	7	199700	v6
1RB1LC_0LC1RB_1RD1LA_1LA1RD	cqh_w3_00717	IQHStage_07.v	B	6	198770	v6
1RB1LC_0LC1RC_1RD0LD_1LA1RD	cqh_w3_00718	IQHStage_07.v	B	6	199693	v6
1RB1LC_0LC1RC_1RD1LA_1LA1RD	cqh_w3_00719	IQHStage_07.v	B	5	199396	v6
1RB1LC_0LC1RD_1RD1LA_1LC1RD	cqh_w3_00720	IQHStage_07.v	B	5	199398	v5
1RB1LC_0RC---_1RD0LA_0LA1RC	cqh_w3_00721	IQHStage_07.v	B	18	199398	v6
1RB1LC_0RC---_1RD0LA_1LD1RC	cqh_w3_00722	IQHStage_07.v	B	22	198765	v6
1RB1LC_0RC0LA_1RD1LA_1LC1RD	cqh_w3_00723	IQHStage_07.v	B	30	199387	v5
1RB1LC_0RC0LB_1RD0LD_1LA1RD	cqh_w3_00724	IQHStage_07.v	B	20	199676	v6
1RB1LC_0RC0LB_1RD1LA_1LA1RD	cqh_w3_00725	IQHStage_07.v	B	17	199395	v6
1RB1LC_0RC0LD_1RD0LD_1LA1RD	cqh_w3_00726	IQHStage_07.v	B	18	199674	v6
1RB1LC_0RC0LD_1RD1LA_1LA1RD	cqh_w3_00727	IQHStage_07.v	B	15	199393	v6
1RB1LC_0RC0RA_1RD1LA_1LC1RD	cqh_w3_00728	IQHStage_07.v	B	7	199396	v5
1RB1LC_0RC1LA_1RD0LD_1LA1RD	cqh_w3_00729	IQHStage_07.v	B	18	199672	v6
1RB1LC_0RC1LA_1RD1LA_1LA1RD	cqh_w3_00730	IQHStage_07.v	B	15	199391	v6
1RB1LC_0RC1LA_1RD1LA_1LC1RD	cqh_w3_00731	IQHStage_07.v	B	11	199393	v5
1RB1LC_0RC1LD_1RD1LA_1LC1RD	cqh_w3_00732	IQHStage_07.v	B	7	199396	v5
1RB1LC_0RC1RA_1RD1LA_1LA1RD	cqh_w3_00733	IQHStage_07.v	B	15	199393	v6
1RB1LC_0RC1RA_1RD1LA_1LC1RD	cqh_w3_00734	IQHStage_07.v	B	13	199397	v5
1RB1LC_0RC1RB_1RD1LA_1LA1RD	cqh_w3_00735	IQHStage_07.v	B	20	199377	v6
1RB1LC_0RC1RC_1RD0LD_1LA1RD	cqh_w3_00736	IQHStage_07.v	B	18	198651	v6
1RB1LC_0RC1RD_1RD1LA_1LC1RD	cqh_w3_00737	IQHStage_07.v	B	7	199394	v5
1RB1LC_1LA---_1RD0LD_1LA1RD	cqh_w3_00738	IQHStage_07.v	B	2	199692	v6
1RB1LC_1LA---_1RD1LA_1LA1RD	cqh_w3_00739	IQHStage_07.v	B	2	199396	v6
1RB1LC_1LA0LC_0LD0LB_1RD1LC	cqh_w3_00740	IQHStage_07.v	A	3	199714	v6
1RB1LC_1LA0LC_1RC1LD_1RD0LB	cqh_w3_00741	IQHStage_07.v	A	8	199993	v6
1RB1LC_1LA0LD_1RC0LB_1RD1LC	cqh_w3_00742	IQHStage_07.v	A	3	199996	v6
1RB1LC_1LA0LD_1RC1LB_0LC0LB	cqh_w3_00743	IQHStage_07.v	A	3	199083	v5
1RB1LC_1LA0RC_0RD0RB_1LD1RB	cqh_w3_00744	IQHStage_07.v	A	3	199083	v5
1RB1LC_1LA1LA_1RD1LA_1LC1RD	cqh_w3_00745	IQHStage_07.v	B	12	199394	v5
1RB1LC_1LA1LC_1RD0LD_1LB1RD	cqh_w3_00746	IQHStage_07.v	A	3	199692	v6
1RB1LC_1LA1LC_1RD1LB_1LB1RD	cqh_w3_00747	IQHStage_07.v	A	3	199396	v6
1RB1LC_1LA1LD_1LD1RC_1RC1LB	cqh_w3_00748	IQHStage_07.v	A	3	199394	v5
1RB1LC_1LA1RA_1RD1LA_1LC1RD	cqh_w3_00749	IQHStage_07.v	B	12	199396	v5
1RB1LC_1LA1RB_0LD1LA_0LB---	cqh_w3_00750	IQHStage_07.v	D	5	199388	v5
1RB1LC_1LA1RB_0LD1LA_0RB---	cqh_w3_00751	IQHStage_07.v	D	5	198765	v5
1RB1LC_1LA1RB_0LD1LA_0RD0RC	cqh_w3_00752	IQHStage_07.v	D	7	198772	v5
1RB1LC_1LA1RB_0LD1LA_0RD1LB	cqh_w3_00753	IQHStage_07.v	D	7	198767	v5
1RB1LC_1LA1RB_0LD1LA_0RD1RB	cqh_w3_00754	IQHStage_07.v	D	7	198770	v5
1RB1LC_1LA1RB_0LD1LA_1LA---	cqh_w3_00755	IQHStage_07.v	D	5	199391	v5
1RB1LC_1LA1RB_0LD1LA_1RA---	cqh_w3_00756	IQHStage_07.v	D	5	198763	v5
1RB1LC_1LA1RB_0LD1LA_1RC0LB	cqh_w3_00757	IQHStage_07.v	D	7	199390	v5
1RB1LC_1LA1RB_0LD1LA_1RC0RB	cqh_w3_00758	IQHStage_07.v	D	7	198767	v5
1RB1LC_1LA1RB_0LD1LA_1RC1LA	cqh_w3_00759	IQHStage_07.v	D	7	199393	v5
1RB1LC_1LA1RB_0LD1LA_1RC1RA	cqh_w3_00760	IQHStage_07.v	D	7	198765	v5
1RB1LC_1LA1RB_0LD1LA_1RD0RC	cqh_w3_00761	IQHStage_07.v	D	7	198765	v5
1RB1LC_1LA1RB_0LD1LA_1RD1LB	cqh_w3_00762	IQHStage_07.v	D	7	198765	v5
1RB1LC_1LA1RB_0LD1LA_1RD1RB	cqh_w3_00763	IQHStage_07.v	D	7	198763	v5
1RB1LC_1LA1RB_0RD1LA_---0RC	cqh_w3_00764	IQHStage_07.v	D	5	198770	v5
1RB1LC_1LA1RB_0RD1LA_---1LB	cqh_w3_00765	IQHStage_07.v	D	5	199396	v5
1RB1LC_1LA1RB_0RD1LA_---1RB	cqh_w3_00766	IQHStage_07.v	D	5	198768	v5
1RB1LC_1LA1RB_0RD1LA_0LB0RD	cqh_w3_00767	IQHStage_07.v	D	7	198772	v5
1RB1LC_1LA1RB_0RD1LA_0LB1LD	cqh_w3_00768	IQHStage_07.v	D	6	199393	v5
1RB1LC_1LA1RB_0RD1LA_0LB1RD	cqh_w3_00769	IQHStage_07.v	D	7	198770	v5
1RB1LC_1LA1RB_0RD1LA_0RA0LD	cqh_w3_00770	IQHStage_07.v	D	6	198770	v5
1RB1LC_1LA1RB_0RD1LA_0RB0RD	cqh_w3_00771	IQHStage_07.v	D	7	198772	v5
1RB1LC_1LA1RB_0RD1LA_0RB1LD	cqh_w3_00772	IQHStage_07.v	D	6	198770	v5
1RB1LC_1LA1RB_0RD1LA_0RB1RD	cqh_w3_00773	IQHStage_07.v	D	7	198765	v5
1RB1LC_1LA1RB_0RD1LA_0RC0LC	cqh_w3_00774	IQHStage_07.v	D	7	198772	v5
1RB1LC_1LA1RB_0RD1LA_1LA0RD	cqh_w3_00775	IQHStage_07.v	D	7	198771	v5
1RB1LC_1LA1RB_0RD1LA_1LA1LD	cqh_w3_00776	IQHStage_07.v	D	6	199396	v5
1RB1LC_1LA1RB_0RD1LA_1LA1RD	cqh_w3_00777	IQHStage_07.v	D	7	198768	v5
1RB1LC_1LA1RB_0RD1LA_1LB0LC	cqh_w3_00778	IQHStage_07.v	D	7	199398	v5
1RB1LC_1LA1RB_0RD1LA_1RA0RD	cqh_w3_00779	IQHStage_07.v	D	7	198770	v5
1RB1LC_1LA1RB_0RD1LA_1RA1LD	cqh_w3_00780	IQHStage_07.v	D	6	199398	v5
1RB1LC_1LA1RB_0RD1LA_1RA1RD	cqh_w3_00781	IQHStage_07.v	D	7	198763	v5
1RB1LC_1LA1RB_0RD1LA_1RB0LC	cqh_w3_00782	IQHStage_07.v	D	7	198770	v5
1RB1LC_1LA1RB_0RD1LA_1RD0LC	cqh_w3_00783	IQHStage_07.v	D	8	199404	v5
1RB1LC_1LA1RB_1LD1LA_0RC---	cqh_w3_00784	IQHStage_07.v	D	5	198765	v5
1RB1LC_1LA1RB_1LD1LA_0RD0LB	cqh_w3_00785	IQHStage_07.v	D	6	199393	v5
1RB1LC_1LA1RB_1LD1LA_0RD0RB	cqh_w3_00786	IQHStage_07.v	D	6	198770	v5
1RB1LC_1LA1RB_1LD1LA_0RD1LA	cqh_w3_00787	IQHStage_07.v	D	6	198765	v5
1RB1LC_1LA1RB_1LD1LA_0RD1RA	cqh_w3_00788	IQHStage_07.v	D	6	198767	v5
1RB1LC_1LA1RB_1LD1LA_1LB---	cqh_w3_00789	IQHStage_07.v	D	5	199387	v5
1RB1LC_1LA1RB_1LD1LA_1RB---	cqh_w3_00790	IQHStage_07.v	D	5	198763	v5
1RB1LC_1LA1RB_1LD1LA_1RD0LC	cqh_w3_00791	IQHStage_07.v	D	6	199393	v5
1RB1LC_1LA1RB_1LD1LA_1RD0RC	cqh_w3_00792	IQHStage_07.v	D	6	198765	v5
1RB1LC_1LA1RB_1LD1LA_1RD1LB	cqh_w3_00793	IQHStage_07.v	D	6	198765	v5
1RB1LC_1LA1RB_1LD1LA_1RD1RB	cqh_w3_00794	IQHStage_07.v	D	6	198763	v5
1RB1LC_1LA1RB_1RD1LA_---1LC	cqh_w3_00795	IQHStage_07.v	D	5	199396	v5
1RB1LC_1LA1RB_1RD1LA_---1RC	cqh_w3_00796	IQHStage_07.v	D	5	199398	v5
1RB1LC_1LA1RB_1RD1LA_0LC1RD	cqh_w3_00797	IQHStage_07.v	D	7	199400	v5
1RB1LC_1LA1RB_1RD1LA_0RC1LD	cqh_w3_00798	IQHStage_07.v	D	7	198767	v5
1RB1LC_1LA1RB_1RD1LA_1LB0RD	cqh_w3_00799	IQHStage_07.v	D	7	198766	v5
1RB1LC_1LA1RB_1RD1LA_1LB1LD	cqh_w3_00800	IQHStage_08.v	D	7	199389	v5
1RB1LC_1LA1RB_1RD1LA_1LB1RD	cqh_w3_00801	IQHStage_08.v	D	7	198764	v5
1RB1LC_1LA1RB_1RD1LA_1RB1LD	cqh_w3_00802	IQHStage_08.v	D	7	198765	v5
1RB1LC_1LA1RB_1RD1LA_1RB1RD	cqh_w3_00803	IQHStage_08.v	D	7	198762	v5
1RB1LC_1LA1RC_1LD0RB_0RB1LC	cqh_w3_00804	IQHStage_08.v	A	3	199394	v6
1RB1LC_1LA1RC_1LD0RB_1RD1LC	cqh_w3_00805	IQHStage_08.v	A	3	198759	v6
1RB1LC_1LA1RC_1LD0RD_1RB1LD	cqh_w3_00806	IQHStage_08.v	A	3	199690	v6
1RB1LC_1LA1RC_1LD1RB_1RB1LD	cqh_w3_00807	IQHStage_08.v	A	3	199394	v6
1RB1LC_1LA1RD_1RD1LC_1LC1RB	cqh_w3_00808	IQHStage_08.v	A	3	199396	v5
1RB1LC_1LB0LC_1RD0LA_0LA1RC	cqh_w3_00809	IQHStage_08.v	B	3	199392	v6
1RB1LC_1LB0LC_1RD0LA_1LD1RC	cqh_w3_00810	IQHStage_08.v	B	3	198757	v6
1RB1LC_1LB0RA_1RD0LA_0LA1RC	cqh_w3_00811	IQHStage_08.v	B	3	199397	v6
1RB1LC_1LB0RA_1RD0LA_1LD1RC	cqh_w3_00812	IQHStage_08.v	B	3	198762	v6
1RB1LC_1LB0RA_1RD1LA_1LC1RD	cqh_w3_00813	IQHStage_08.v	B	3	199399	v5
1RB1LC_1LB1LA_1RD0LD_1LA1RD	cqh_w3_00814	IQHStage_08.v	B	20	199674	v6
1RB1LC_1LB1LA_1RD1LA_1LA1RD	cqh_w3_00815	IQHStage_08.v	B	17	199393	v6
1RB1LC_1LB1LA_1RD1LA_1LC1RD	cqh_w3_00816	IQHStage_08.v	B	5	199396	v5
1RB1LC_1LB1LC_1RD0LD_1LA1RD	cqh_w3_00817	IQHStage_08.v	B	3	199692	v6
1RB1LC_1LB1LC_1RD1LA_1LA1RD	cqh_w3_00818	IQHStage_08.v	B	3	199396	v6
1RB1LC_1LB1RA_1RD0LD_1LA1RD	cqh_w3_00819	IQHStage_08.v	B	28	199681	v6
1RB1LC_1LB1RA_1RD1LA_1LA1RD	cqh_w3_00820	IQHStage_08.v	B	21	199399	v6
1RB1LC_1LB1RA_1RD1LA_1LC1RD	cqh_w3_00821	IQHStage_08.v	B	7	199400	v5
1RB1LC_1LB1RC_1RD0LA_0LA1RC	cqh_w3_00822	IQHStage_08.v	B	3	199398	v6
1RB1LC_1LB1RC_1RD0LA_1LD1RC	cqh_w3_00823	IQHStage_08.v	B	3	198763	v6
1RB1LC_1LB1RC_1RD0LD_1LA1RD	cqh_w3_00824	IQHStage_08.v	B	3	199696	v6
1RB1LC_1LB1RC_1RD1LA_1LA1RD	cqh_w3_00825	IQHStage_08.v	B	3	199398	v6
1RB1LC_1LC0LD_1RD0LD_1LA1RD	cqh_w3_00826	IQHStage_08.v	B	38	199667	v6
1RB1LC_1LC0LD_1RD1LA_1LA1RD	cqh_w3_00827	IQHStage_08.v	B	19	199397	v6
1RB1LC_1LC0RA_1RD0LD_1LA1RD	cqh_w3_00828	IQHStage_08.v	B	28	199673	v6
1RB1LC_1LC0RA_1RD1LA_1LA1RD	cqh_w3_00829	IQHStage_08.v	B	5	199398	v6
1RB1LC_1LC0RB_1RD0LD_1LA1RD	cqh_w3_00830	IQHStage_08.v	B	21	198655	v6
1RB1LC_1LC0RC_1RD0LD_1LA1RD	cqh_w3_00831	IQHStage_08.v	B	6	199687	v6
1RB1LC_1LC0RC_1RD1LA_1LA1RD	cqh_w3_00832	IQHStage_08.v	B	8	199395	v6
1RB1LC_1LC0RC_1RD1LC_0LA1RB	cqh_w3_00833	IQHStage_08.v	A	9	199691	v6
1RB1LC_1LC0RD_1RD0LD_1LA1RD	cqh_w3_00834	IQHStage_08.v	B	9	199690	v6
1RB1LC_1LC1LA_1RD0LD_1LA1RD	cqh_w3_00835	IQHStage_08.v	B	36	199663	v6
1RB1LC_1LC1LA_1RD1LA_1LA1RD	cqh_w3_00836	IQHStage_08.v	B	17	199393	v6
1RB1LC_1LC1LA_1RD1LA_1LC1RD	cqh_w3_00837	IQHStage_08.v	B	5	199396	v5
1RB1LC_1LC1LB_1RD1LA_1LA1RD	cqh_w3_00838	IQHStage_08.v	B	7	199393	v6
1RB1LC_1LC1LD_1RD1LA_1LA1RD	cqh_w3_00839	IQHStage_08.v	B	5	199398	v6
1RB1LC_1LC1RA_1RD0LD_1LA1RD	cqh_w3_00840	IQHStage_08.v	B	24	199677	v6
1RB1LC_1LC1RA_1RD1LA_1LA1RD	cqh_w3_00841	IQHStage_08.v	B	19	199397	v6
1RB1LC_1LC1RA_1RD1LA_1LC1RD	cqh_w3_00842	IQHStage_08.v	B	5	199398	v5
1RB1LC_1LC1RB_1RD0LD_1LA1RD	cqh_w3_00843	IQHStage_08.v	B	7	199691	v6
1RB1LC_1LC1RC_1RD0LD_1LA1RD	cqh_w3_00844	IQHStage_08.v	B	18	198651	v6
1RB1LC_1LC1RD_1RD1LA_1LA1RD	cqh_w3_00845	IQHStage_08.v	B	5	199396	v6
1RB1LC_1LC1RD_1RD1LC_0LA1RB	cqh_w3_00846	IQHStage_08.v	A	8	199400	v6
1RB1LC_1RC---_1RD0LA_0LA1RC	cqh_w3_00847	IQHStage_08.v	B	2	199393	v6
1RB1LC_1RC---_1RD0LA_1LD1RC	cqh_w3_00848	IQHStage_08.v	B	2	198758	v6
1RB1LC_1RC---_1RD0LD_1LA1RD	cqh_w3_00849	IQHStage_08.v	B	2	199689	v6
1RB1LC_1RC---_1RD1LA_1LA1RD	cqh_w3_00850	IQHStage_08.v	B	2	199393	v6
1RB1LC_1RC0RA_0RD0RC_1LD1LB	cqh_w3_00851	IQHStage_08.v	A	8	199439	v3
1RB1LC_1RC1LA_0RD0RC_1LD1LB	cqh_w3_00852	IQHStage_08.v	A	10	198919	v3
1RB1LC_1RC1LA_1RD1LA_1LC1RD	cqh_w3_00853	IQHStage_08.v	B	9	199391	v5
1RB1LC_1RC1LB_0LA1RD_1LB0RB	cqh_w3_00854	IQHStage_08.v	A	13	198664	v6
1RB1LC_1RC1LB_1LA1RD_1LB1RC	cqh_w3_00855	IQHStage_08.v	A	18	199396	v6
1RB1LC_1RC1RA_1RD1LA_1LC1RD	cqh_w3_00856	IQHStage_08.v	B	9	199393	v5
1RB1LD_0LB0LC_1LA1RC_1RC0LC	cqh_w3_00857	IQHStage_08.v	B	6	199698	v6
1RB1LD_0LB0LC_1LA1RC_1RC1LA	cqh_w3_00858	IQHStage_08.v	B	6	198771	v6
1RB1LD_0LB0LC_1LD1RC_1RC1LA	cqh_w3_00859	IQHStage_08.v	B	3	199399	v5
1RB1LD_0LB0RC_1LD1RC_1RC1LA	cqh_w3_00860	IQHStage_08.v	B	3	199399	v5
1RB1LD_0LB1LC_1LA1RC_1RC0LC	cqh_w3_00861	IQHStage_08.v	B	6	199695	v6
1RB1LD_0LB1LC_1LA1RC_1RC1LA	cqh_w3_00862	IQHStage_08.v	B	6	199399	v6
1RB1LD_0LB1RC_0LA1RD_1RC0LA	cqh_w3_00863	IQHStage_08.v	B	3	199398	v6
1RB1LD_0LB1RC_1LA1RC_1RC0LC	cqh_w3_00864	IQHStage_08.v	B	3	199694	v6
1RB1LD_0LB1RC_1LA1RC_1RC1LA	cqh_w3_00865	IQHStage_08.v	B	3	199398	v6
1RB1LD_0LB1RC_1LC1RD_1RC0LA	cqh_w3_00866	IQHStage_08.v	B	3	198765	v6
1RB1LD_0LC---_1LA1RC_1RC0LC	cqh_w3_00867	IQHStage_08.v	B	2	199694	v6
1RB1LD_0LC---_1LA1RC_1RC1LA	cqh_w3_00868	IQHStage_08.v	B	2	199398	v6
1RB1LD_0LC0LD_1RC1LD_1RA0LB	cqh_w3_00869	IQHStage_08.v	A	5	199083	v5
1RB1LD_0LC1LA_1LD1RC_1RC1LA	cqh_w3_00870	IQHStage_08.v	B	7	199398	v5
1RB1LD_0LC1RA_1LD1RC_1RC1LA	cqh_w3_00871	IQHStage_08.v	B	7	199400	v5
1RB1LD_0RC---_1LC1RD_1RC0LA	cqh_w3_00872	IQHStage_08.v	B	2	198756	v6
1RB1LD_0RC0LC_1LA1RC_1RC0LC	cqh_w3_00873	IQHStage_08.v	B	12	199689	v6
1RB1LD_0RC0LC_1LA1RC_1RC1LA	cqh_w3_00874	IQHStage_08.v	B	11	199400	v6
1RB1LD_0RC0LD_1LA1RC_1RC0LC	cqh_w3_00875	IQHStage_08.v	B	5	199698	v6
1RB1LD_0RC0LD_1LA1RC_1RC1LA	cqh_w3_00876	IQHStage_08.v	B	5	198769	v6
1RB1LD_0RC0RD_1LA1RC_1RC0LC	cqh_w3_00877	IQHStage_08.v	B	5	199686	v6
1RB1LD_0RC0RD_1LA1RC_1RC1LA	cqh_w3_00878	IQHStage_08.v	B	5	199392	v6
1RB1LD_0RC1LA_1LA1RC_1RC0LC	cqh_w3_00879	IQHStage_08.v	B	10	199685	v6
1RB1LD_0RC1LA_1LA1RC_1RC1LA	cqh_w3_00880	IQHStage_08.v	B	9	199396	v6
1RB1LD_0RC1LA_1LD1RC_1RC1LA	cqh_w3_00881	IQHStage_08.v	B	11	199393	v5
1RB1LD_0RC1LB_1LA1RC_1RC0LC	cqh_w3_00882	IQHStage_08.v	B	8	198667	v6
1RB1LD_0RC1LB_1LA1RC_1RC1LA	cqh_w3_00883	IQHStage_08.v	B	8	199401	v6
1RB1LD_0RC1LC_1LA1RC_1RC0LC	cqh_w3_00884	IQHStage_08.v	B	5	199693	v6
1RB1LD_0RC1LC_1LA1RC_1RC1LA	cqh_w3_00885	IQHStage_08.v	B	5	199397	v6
1RB1LD_0RC1RA_1LD1RC_1RC1LA	cqh_w3_00886	IQHStage_08.v	B	11	199395	v5
1RB1LD_0RC1RC_1LA1RC_1RC0LC	cqh_w3_00887	IQHStage_08.v	B	5	199691	v6
1RB1LD_0RC1RC_1LA1RC_1RC1LA	cqh_w3_00888	IQHStage_08.v	B	5	199395	v6
1RB1LD_0RC1RD_1LA1RC_1RC0LC	cqh_w3_00889	IQHStage_08.v	B	16	198649	v6
1RB1LD_1LB0LC_1LA1RC_1RC0LC	cqh_w3_00890	IQHStage_08.v	B	38	199667	v6
1RB1LD_1LB0LC_1LA1RC_1RC1LA	cqh_w3_00891	IQHStage_08.v	B	31	199394	v6
1RB1LD_1LB0RC_0LA1RD_1RC0LA	cqh_w3_00892	IQHStage_08.v	B	11	199407	v6
1RB1LD_1LB0RC_1LA1RC_1RC0LC	cqh_w3_00893	IQHStage_08.v	B	3	198665	v6
1RB1LD_1LB0RC_1LA1RC_1RC1LA	cqh_w3_00894	IQHStage_08.v	B	3	199399	v6
1RB1LD_1LB0RC_1LC1RD_1RC0LA	cqh_w3_00895	IQHStage_08.v	B	13	198774	v6
1RB1LD_1LB1LC_1LD1RC_1RC1LA	cqh_w3_00896	IQHStage_08.v	B	3	199394	v5
1RB1LD_1LB1RC_0LA1RD_1RC0LA	cqh_w3_00897	IQHStage_08.v	B	3	199395	v6
1RB1LD_1LB1RC_1LC1RD_1RC0LA	cqh_w3_00898	IQHStage_08.v	B	3	198760	v6
1RB1LD_1LB1RC_1LD1RC_1RC1LA	cqh_w3_00899	IQHStage_08.v	B	3	199397	v5
1RB1LD_1LC---_0LA1RD_1RC0LA	cqh_w3_00900	IQHStage_09.v	B	2	199398	v6
1RB1LD_1LC---_1LC1RD_1RC0LA	cqh_w3_00901	IQHStage_09.v	B	2	198763	v6
1RB1LD_1LC---_1LD1RC_1RC1LA	cqh_w3_00902	IQHStage_09.v	B	2	199397	v5
1RB1LD_1LC0LC_1LA1RC_1RC0LC	cqh_w3_00903	IQHStage_09.v	B	10	199687	v6
1RB1LD_1LC0LC_1LA1RC_1RC1LA	cqh_w3_00904	IQHStage_09.v	B	9	199398	v6
1RB1LD_1LC0RA_1LB1RD_0RC0RD	cqh_w3_00905	IQHStage_09.v	A	10	199719	v6
1RB1LD_1LC1LA_1LA1RC_1RC0LC	cqh_w3_00906	IQHStage_09.v	B	10	199685	v6
1RB1LD_1LC1LA_1LA1RC_1RC1LA	cqh_w3_00907	IQHStage_09.v	B	9	199396	v6
1RB1LD_1LC1LA_1LB1RD_0RC0RD	cqh_w3_00908	IQHStage_09.v	A	12	199713	v6
1RB1LD_1LC1RA_1LA1RC_1RC1LA	cqh_w3_00909	IQHStage_09.v	B	9	199398	v6
1RB1LD_1LC1RB_1LA1RC_1RC0LC	cqh_w3_00910	IQHStage_09.v	B	11	198660	v6
1RB1LD_1LC1RB_1LA1RC_1RC1LA	cqh_w3_00911	IQHStage_09.v	B	12	199395	v6
1RB1LD_1LC1RB_1RB1LD_1RA1LC	cqh_w3_00912	IQHStage_09.v	A	5	199396	v5
1RB1LD_1LC1RD_1LA1RC_1RC0LC	cqh_w3_00913	IQHStage_09.v	B	10	198658	v6
1RB1LD_1LC1RD_1LB0RA_0RB0RD	cqh_w3_00914	IQHStage_09.v	A	4	199717	v6
1RB1LD_1LC1RD_1LB1LA_0RB0RD	cqh_w3_00915	IQHStage_09.v	A	12	199713	v6
1RB1LD_1LC1RD_1RD1LC_1LA1RB	cqh_w3_00916	IQHStage_09.v	A	8	199397	v6
1RB1LD_1RC---_1LD1RC_1RC1LA	cqh_w3_00917	IQHStage_09.v	B	2	199395	v5
1RB1LD_1RC0LB_1LA1RC_1RC0LC	cqh_w3_00918	IQHStage_09.v	B	10	199680	v6
1RB1LD_1RC0LB_1LA1RC_1RC1LA	cqh_w3_00919	IQHStage_09.v	B	9	199393	v6
1RB1LD_1RC0LC_1LA1RC_1RC0LC	cqh_w3_00920	IQHStage_09.v	B	8	199685	v6
1RB1LD_1RC0LC_1LA1RC_1RC1LA	cqh_w3_00921	IQHStage_09.v	B	7	199396	v6
1RB1LD_1RC0LC_1LD1RC_1RA1LB	cqh_w3_00922	IQHStage_09.v	A	8	199683	v6
1RB1LD_1RC1LA_1LA1RC_1RC0LC	cqh_w3_00923	IQHStage_09.v	B	8	199683	v6
1RB1LD_1RC1LA_1LA1RC_1RC1LA	cqh_w3_00924	IQHStage_09.v	B	7	199394	v6
1RB1LD_1RC1LB_0LA1RD_1LB0RB	cqh_w3_00925	IQHStage_09.v	A	4	199697	v6
1RB1LD_1RC1LB_0LA1RD_1LB1RC	cqh_w3_00926	IQHStage_09.v	A	4	199399	v6
1RB1LD_1RC1LB_1LA1RC_1RC0LC	cqh_w3_00927	IQHStage_09.v	B	10	199683	v6
1RB1LD_1RC1LB_1LA1RC_1RC1LA	cqh_w3_00928	IQHStage_09.v	B	9	199394	v6
1RB1LD_1RC1LB_1LA1RD_1LB0RB	cqh_w3_00929	IQHStage_09.v	A	12	199690	v6
1RB1LD_1RC1LB_1LB1RD_1LA1RC	cqh_w3_00930	IQHStage_09.v	A	11	199395	v5
1RB1LD_1RC1LD_1LD1RC_1RA1LB	cqh_w3_00931	IQHStage_09.v	A	7	199394	v6
1RB1LD_1RC1RA_0LD0RC_1LD1LB	cqh_w3_00932	IQHStage_09.v	A	6	199807	v3
1RB1LD_1RC1RA_0RD0RC_1LD1LB	cqh_w3_00933	IQHStage_09.v	A	8	199951	v3
1RB1LD_1RC1RA_1LA1RC_1RC1LA	cqh_w3_00934	IQHStage_09.v	B	7	199396	v6
1RB1LD_1RC1RA_1LD0RC_1LD1LB	cqh_w3_00935	IQHStage_09.v	A	6	199397	v3
1RB1LD_1RC1RB_1LA1RC_1RC0LC	cqh_w3_00936	IQHStage_09.v	B	9	198656	v6
1RB1LD_1RC1RB_1LA1RC_1RC1LA	cqh_w3_00937	IQHStage_09.v	B	10	199391	v6
1RB1LD_1RC1RD_1LA1RC_1RC0LC	cqh_w3_00938	IQHStage_09.v	B	8	198656	v6
1RB1RA_0LC0LD_1RC1LD_0RA0LB	cqh_w3_00939	IQHStage_09.v	A	6	199086	v5
1RB1RA_0LC0LD_1RC1LD_1RA0LB	cqh_w3_00940	IQHStage_09.v	A	12	199092	v5
1RB1RA_1LC0RC_1RD1LC_0LA1RB	cqh_w3_00941	IQHStage_09.v	A	10	199684	v6
1RB1RA_1LC1RB_1RB1LD_1RA1LC	cqh_w3_00942	IQHStage_09.v	A	7	198762	v5
1RB1RA_1LC1RD_1RD1LC_0LA1RB	cqh_w3_00943	IQHStage_09.v	A	9	199395	v6
1RB1RA_1RC1LB_1LB1RD_1LA1RC	cqh_w3_00944	IQHStage_09.v	A	13	199382	v5
1RB1RA_1RC1LD_1LD1RC_0RA1LB	cqh_w3_00945	IQHStage_09.v	A	10	199392	v6
1RB1RB_0LC0LD_1RC1LD_1RA0LB	cqh_w3_00946	IQHStage_09.v	A	5	199085	v5
1RB1RB_0RC0RB_1LD0RA_1LC1RB	cqh_w3_00947	IQHStage_09.v	A	6	199084	v5
1RB1RB_0RC0RB_1LD1RA_1LC1RB	cqh_w3_00948	IQHStage_09.v	A	6	199084	v5
1RB1RB_1LA0RC_0RD0RB_1LD1RB	cqh_w3_00949	IQHStage_09.v	A	3	199081	v5
1RB1RB_1LA1RC_1LD0RD_1RB1LD	cqh_w3_00950	IQHStage_09.v	A	3	199693	v6
1RB1RB_1LA1RC_1LD1RB_1RB1LD	cqh_w3_00951	IQHStage_09.v	A	3	199397	v6
1RB1RB_1LA1RC_1LD1RB_1RC1LD	cqh_w3_00952	IQHStage_09.v	A	13	199395	v5
1RB1RB_1LC1RB_1RB1LD_0RA1LC	cqh_w3_00953	IQHStage_09.v	A	5	198768	v5
1RB1RB_1RC0LC_1LD1RC_1RA1LB	cqh_w3_00954	IQHStage_09.v	A	8	198656	v6
1RB1RB_1RC1LB_1LA1RD_1LB0RB	cqh_w3_00955	IQHStage_09.v	A	4	199693	v6
1RB1RB_1RC1LB_1LA1RD_1LB1RC	cqh_w3_00956	IQHStage_09.v	A	4	199397	v6
1RB1RB_1RC1LB_1LB1RD_0LA1RC	cqh_w3_00957	IQHStage_09.v	A	11	199393	v5
1RB1RC_0LA---_1LD0RA_0RA1LC	cqh_w3_00958	IQHStage_09.v	B	2	199396	v6
1RB1RC_0LA---_1LD0RA_1RD1LC	cqh_w3_00959	IQHStage_09.v	B	2	198761	v6
1RB1RC_0LA---_1LD0RD_1RA1LD	cqh_w3_00960	IQHStage_09.v	B	11	199686	v6
1RB1RC_0LA---_1LD1RA_1RA1LD	cqh_w3_00961	IQHStage_09.v	B	10	199397	v6
1RB1RC_0LA---_1LD1RA_1RC1LD	cqh_w3_00962	IQHStage_09.v	B	2	199398	v5
1RB1RC_0LA0LC_0LD0LB_1RD1LC	cqh_w3_00963	IQHStage_09.v	A	3	199716	v6
1RB1RC_0LA0RC_0RD0RB_1LD1RC	cqh_w3_00964	IQHStage_09.v	A	3	199714	v6
1RB1RC_0LA0RD_1LC1RB_0RC0RB	cqh_w3_00965	IQHStage_09.v	A	3	199083	v5
1RB1RC_0LA1LC_1RD0LD_1LB1RD	cqh_w3_00966	IQHStage_09.v	A	12	199685	v6
1RB1RC_0LA1LC_1RD1LB_1LB1RD	cqh_w3_00967	IQHStage_09.v	A	11	199396	v6
1RB1RC_0LA1LC_1RD1LB_1LC1RD	cqh_w3_00968	IQHStage_09.v	A	3	199397	v5
1RB1RC_0LA1LD_0LB1RD_1RC0LB	cqh_w3_00969	IQHStage_09.v	A	3	199398	v6
1RB1RC_0LA1LD_1LB1RC_1RC0LC	cqh_w3_00970	IQHStage_09.v	A	3	199694	v6
1RB1RC_0LA1LD_1LB1RC_1RC1LB	cqh_w3_00971	IQHStage_09.v	A	3	199398	v6
1RB1RC_0LA1LD_1LC1RD_1RC0LB	cqh_w3_00972	IQHStage_09.v	A	3	198765	v6
1RB1RC_0LA1RC_1LD0RB_0RB1LC	cqh_w3_00973	IQHStage_09.v	A	3	199396	v6
1RB1RC_0LA1RC_1LD0RB_1RD1LC	cqh_w3_00974	IQHStage_09.v	A	3	198761	v6
1RB1RC_0LA1RC_1LD1RB_1RC1LD	cqh_w3_00975	IQHStage_09.v	A	3	199398	v5
1RB1RC_0LA1RD_1RD1LC_1LC1RB	cqh_w3_00976	IQHStage_09.v	A	13	199395	v5
1RB1RC_0LB0LC_1LD0RA_0RA1LC	cqh_w3_00977	IQHStage_09.v	B	3	199399	v6
1RB1RC_0LB0LC_1LD0RA_1RD1LC	cqh_w3_00978	IQHStage_09.v	B	3	198766	v6
1RB1RC_0LB0LC_1LD0RD_1RA1LD	cqh_w3_00979	IQHStage_09.v	B	3	198665	v6
1RB1RC_0LB0LC_1LD1RA_1RA1LD	cqh_w3_00980	IQHStage_09.v	B	3	199399	v6
1RB1RC_0LB0RC_1LD0RA_0RA1LC	cqh_w3_00981	IQHStage_09.v	B	3	199399	v6
1RB1RC_0LB0RC_1LD0RA_1RD1LC	cqh_w3_00982	IQHStage_09.v	B	3	198766	v6
1RB1RC_0LB0RC_1LD0RD_1RA1LD	cqh_w3_00983	IQHStage_09.v	B	3	199695	v6
1RB1RC_0LB0RC_1LD1RA_1RA1LD	cqh_w3_00984	IQHStage_09.v	B	3	199399	v6
1RB1RC_0LB1LC_1LD0RD_1RA1LD	cqh_w3_00985	IQHStage_09.v	B	11	199689	v6
1RB1RC_0LB1LC_1LD1RA_1RA1LD	cqh_w3_00986	IQHStage_09.v	B	10	199398	v6
1RB1RC_0LB1LC_1LD1RA_1RC1LD	cqh_w3_00987	IQHStage_09.v	B	3	198766	v5
1RB1RC_0LB1RC_1LD0RA_0RA1LC	cqh_w3_00988	IQHStage_09.v	B	3	199396	v6
1RB1RC_0LB1RC_1LD0RA_1RD1LC	cqh_w3_00989	IQHStage_09.v	B	3	198761	v6
1RB1RC_0LB1RC_1LD0RD_1RA1LD	cqh_w3_00990	IQHStage_09.v	B	12	199686	v6
1RB1RC_0LB1RC_1LD1RA_1RA1LD	cqh_w3_00991	IQHStage_09.v	B	11	199397	v6
1RB1RC_0LB1RC_1LD1RA_1RC1LD	cqh_w3_00992	IQHStage_09.v	B	3	199398	v5
1RB1RC_0RC---_1LD0RA_0RA1LC	cqh_w3_00993	IQHStage_09.v	B	2	199391	v6
1RB1RC_0RC---_1LD0RA_1RD1LC	cqh_w3_00994	IQHStage_09.v	B	2	198756	v6
1RB1RC_0RC---_1LD0RD_1RA1LD	cqh_w3_00995	IQHStage_09.v	B	19	199654	v6
1RB1RC_0RC---_1LD1RA_1RA1LD	cqh_w3_00996	IQHStage_09.v	B	16	199379	v6
1RB1RC_0RC0RB_1LD0LA_1LC1RB	cqh_w3_00997	IQHStage_09.v	A	17	199091	v5
1RB1RC_1LA0LC_1RC1LD_1RD0LB	cqh_w3_00998	IQHStage_09.v	A	7	199992	v6
1RB1RC_1LA0LD_1RC1LB_0LC0LB	cqh_w3_00999	IQHStage_09.v	A	3	199082	v5
1RB1RC_1LA0RC_0RD0RB_1LD1RB	cqh_w3_01000	IQHStage_10.v	A	6	199084	v5
1RB1RC_1LA0RC_1LC1RD_1LD0RB	cqh_w3_01001	IQHStage_10.v	A	3	199997	v6
1RB1RC_1LA0RD_1LC1RD_0RC0RB	cqh_w3_01002	IQHStage_10.v	A	3	199715	v6
1RB1RC_1LA1LC_1RD0LB_0LB1RC	cqh_w3_01003	IQHStage_10.v	A	3	199398	v6
1RB1RC_1LA1LC_1RD0LB_1LD1RC	cqh_w3_01004	IQHStage_10.v	A	3	198763	v6
1RB1RC_1LA1LC_1RD0LD_1LB1RD	cqh_w3_01005	IQHStage_10.v	A	3	199696	v6
1RB1RC_1LA1LC_1RD1LB_1LB1RD	cqh_w3_01006	IQHStage_10.v	A	3	199398	v6
1RB1RC_1LA1LD_0LB1RD_1RC0LB	cqh_w3_01007	IQHStage_10.v	A	3	199395	v6
1RB1RC_1LA1LD_1LC1RD_1RC0LB	cqh_w3_01008	IQHStage_10.v	A	3	198760	v6
1RB1RC_1LA1LD_1LD1RC_1RC1LB	cqh_w3_01009	IQHStage_10.v	A	3	199397	v5
1RB1RC_1LA1RD_0RB1LD_1LC0RB	cqh_w3_01010	IQHStage_10.v	A	3	199399	v6
1RB1RC_1LA1RD_1RC1LD_1LC0RB	cqh_w3_01011	IQHStage_10.v	A	3	198764	v6
1RB1RC_1LA1RD_1RD1LC_1LC1RB	cqh_w3_01012	IQHStage_10.v	A	3	199398	v5
1RB1RC_1LB0LC_1LD0RD_1RA1LD	cqh_w3_01013	IQHStage_10.v	B	20	199664	v6
1RB1RC_1LB0RA_1LD0RA_0RA1LC	cqh_w3_01014	IQHStage_10.v	B	3	199397	v6
1RB1RC_1LB0RA_1LD0RA_1RD1LC	cqh_w3_01015	IQHStage_10.v	B	3	198762	v6
1RB1RC_1LB0RA_1LD1RA_1RC1LD	cqh_w3_01016	IQHStage_10.v	B	3	199399	v5
1RB1RC_1LB1LA_1LD0RA_0RA1LC	cqh_w3_01017	IQHStage_10.v	B	5	199394	v6
1RB1RC_1LB1LA_1LD0RA_1RD1LC	cqh_w3_01018	IQHStage_10.v	B	5	198757	v6
1RB1RC_1LB1LA_1LD1RA_1RC1LD	cqh_w3_01019	IQHStage_10.v	B	5	199398	v5
1RB1RC_1LB1LC_1LD0RA_0RA1LC	cqh_w3_01020	IQHStage_10.v	B	3	199394	v6
1RB1RC_1LB1LC_1LD0RA_1RD1LC	cqh_w3_01021	IQHStage_10.v	B	3	198759	v6
1RB1RC_1LB1LC_1LD0RD_1RA1LD	cqh_w3_01022	IQHStage_10.v	B	3	199690	v6
1RB1RC_1LB1LC_1LD1RA_1RA1LD	cqh_w3_01023	IQHStage_10.v	B	3	199394	v6
1RB1RC_1LB1RA_1LD0RD_1RA1LD	cqh_w3_01024	IQHStage_10.v	B	3	199693	v6
1RB1RC_1LB1RA_1LD1RA_1RA1LD	cqh_w3_01025	IQHStage_10.v	B	3	199397	v6
1RB1RC_1LC---_1LD0RA_0RA1LC	cqh_w3_01026	IQHStage_10.v	B	2	199397	v6
1RB1RC_1LC---_1LD0RA_1RD1LC	cqh_w3_01027	IQHStage_10.v	B	2	198762	v6
1RB1RC_1LC---_1LD0RD_1RA1LD	cqh_w3_01028	IQHStage_10.v	B	2	199695	v6
1RB1RC_1LC---_1LD1RA_1RA1LD	cqh_w3_01029	IQHStage_10.v	B	2	199397	v6
1RB1RC_1LC1RD_1LB0RA_0RC0RD	cqh_w3_01030	IQHStage_10.v	A	4	199084	v5
1RB1RC_1LC1RD_1LB1RA_0RC0RD	cqh_w3_01031	IQHStage_10.v	A	4	199084	v5
1RB1RC_1RC---_1LD0RD_1RA1LD	cqh_w3_01032	IQHStage_10.v	B	2	199691	v6
1RB1RC_1RC---_1LD1RA_1RA1LD	cqh_w3_01033	IQHStage_10.v	B	2	199395	v6
1RB1RC_1RC0LC_1LD1RC_0RA1LB	cqh_w3_01034	IQHStage_10.v	A	8	198660	v6
1RB1RC_1RC0RA_0LD0RC_1LD1LB	cqh_w3_01035	IQHStage_10.v	A	6	199813	v3
1RB1RC_1RC0RA_0RD0RC_1LD1LB	cqh_w3_01036	IQHStage_10.v	A	8	198923	v3
1RB1RC_1RC0RA_1LD0RC_1LD1LB	cqh_w3_01037	IQHStage_10.v	A	6	198769	v3
1RB1RC_1RC1LA_0LD0RC_1LD1LB	cqh_w3_01038	IQHStage_10.v	A	8	199807	v3
1RB1RC_1RC1LA_0RD0RC_1LD1LB	cqh_w3_01039	IQHStage_10.v	A	10	199951	v3
1RB1RC_1RC1LA_1LD0RC_1LD1LB	cqh_w3_01040	IQHStage_10.v	A	8	199397	v3
1RB1RC_1RC1LB_1LA1RD_1LB0RB	cqh_w3_01041	IQHStage_10.v	A	19	199673	v6
1RB1RC_1RC1LB_1LA1RD_1LB1RC	cqh_w3_01042	IQHStage_10.v	A	16	199392	v6
1RB1RC_1RC1LD_1LD1RC_0RA1LB	cqh_w3_01043	IQHStage_10.v	A	7	199399	v6
1RB1RD_0LB0LC_1RA1LC_1LC0RC	cqh_w3_01044	IQHStage_10.v	B	7	198669	v6
1RB1RD_0LB0LC_1RA1LC_1LC1RA	cqh_w3_01045	IQHStage_10.v	B	7	199403	v6
1RB1RD_0LB0LC_1RD1LC_1LC1RA	cqh_w3_01046	IQHStage_10.v	B	3	198768	v5
1RB1RD_0LB0RC_1RD1LC_1LC1RA	cqh_w3_01047	IQHStage_10.v	B	3	199399	v5
1RB1RD_0LB1LC_0RA1LD_1LC0RA	cqh_w3_01048	IQHStage_10.v	B	3	199398	v6
1RB1RD_0LB1LC_1RA1LC_1LC0RC	cqh_w3_01049	IQHStage_10.v	B	3	198664	v6
1RB1RD_0LB1LC_1RA1LC_1LC1RA	cqh_w3_01050	IQHStage_10.v	B	3	199398	v6
1RB1RD_0LB1LC_1RC1LD_1LC0RA	cqh_w3_01051	IQHStage_10.v	B	3	198765	v6
1RB1RD_0LC---_1RA1LC_1LC0RC	cqh_w3_01052	IQHStage_10.v	B	2	198664	v6
1RB1RD_0LC---_1RA1LC_1LC1RA	cqh_w3_01053	IQHStage_10.v	B	2	199398	v6
1RB1RD_0LC0LD_1RC1LD_1RA0LB	cqh_w3_01054	IQHStage_10.v	A	7	199081	v5
1RB1RD_1LB0LC_1RC1LD_1LC0RA	cqh_w3_01055	IQHStage_10.v	B	3	198757	v6
1RB1RD_1LB0RC_1RA1LC_1LC0RC	cqh_w3_01056	IQHStage_10.v	B	3	199695	v6
1RB1RD_1LB0RC_1RA1LC_1LC1RA	cqh_w3_01057	IQHStage_10.v	B	3	199399	v6
1RB1RD_1LB1LC_1RA1LC_1LC0RC	cqh_w3_01058	IQHStage_10.v	B	10	199682	v6
1RB1RD_1LB1LC_1RA1LC_1LC1RA	cqh_w3_01059	IQHStage_10.v	B	9	199393	v6
1RB1RD_1LB1LC_1RD1LC_1LC1RA	cqh_w3_01060	IQHStage_10.v	B	3	199396	v5
1RB1RD_1LB1RC_0RA1LD_1LC0RA	cqh_w3_01061	IQHStage_10.v	B	3	199399	v6
1RB1RD_1LB1RC_1RA1LC_1LC0RC	cqh_w3_01062	IQHStage_10.v	B	12	199686	v6
1RB1RD_1LB1RC_1RA1LC_1LC1RA	cqh_w3_01063	IQHStage_10.v	B	11	199397	v6
1RB1RD_1LB1RC_1RC1LD_1LC0RA	cqh_w3_01064	IQHStage_10.v	B	3	198764	v6
1RB1RD_1LB1RC_1RD1LC_1LC1RA	cqh_w3_01065	IQHStage_10.v	B	3	199398	v5
1RB1RD_1LC---_0RA1LD_1LC0RA	cqh_w3_01066	IQHStage_10.v	B	2	199394	v6
1RB1RD_1LC---_1RA1LC_1LC0RC	cqh_w3_01067	IQHStage_10.v	B	9	199682	v6
1RB1RD_1LC---_1RA1LC_1LC1RA	cqh_w3_01068	IQHStage_10.v	B	8	199393	v6
1RB1RD_1LC---_1RC1LD_1LC0RA	cqh_w3_01069	IQHStage_10.v	B	2	198759	v6
1RB1RD_1LC---_1RD1LC_1LC1RA	cqh_w3_01070	IQHStage_10.v	B	2	199396	v5
1RB1RD_1LC0RA_1LB1RD_0RC0RD	cqh_w3_01071	IQHStage_10.v	A	10	199717	v6
1RB1RD_1LC0RC_1RD1LC_1LA1RB	cqh_w3_01072	IQHStage_10.v	A	9	199684	v6
1RB1RD_1LC1LA_1LB1RD_0RC0RD	cqh_w3_01073	IQHStage_10.v	A	12	199711	v6
1RB1RD_1LC1RA_1LB1RD_0RC0RD	cqh_w3_01074	IQHStage_10.v	A	10	199717	v6
1RB1RD_1LC1RB_1RB1LD_1RA1LC	cqh_w3_01075	IQHStage_10.v	A	5	199398	v5
1RB1RD_1LC1RD_1LB0RA_0RB0RD	cqh_w3_01076	IQHStage_10.v	A	4	199715	v6
1RB1RD_1LC1RD_1LB0RA_0RC0RD	cqh_w3_01077	IQHStage_10.v	A	9	199087	v5
1RB1RD_1LC1RD_1LB1LA_0RB0RD	cqh_w3_01078	IQHStage_10.v	A	12	199711	v6
1RB1RD_1LC1RD_1LB1RA_0RB0RD	cqh_w3_01079	IQHStage_10.v	A	4	199715	v6
1RB1RD_1LC1RD_1LB1RA_0RC0RD	cqh_w3_01080	IQHStage_10.v	A	9	199087	v5
1RB1RD_1LC1RD_1RD1LC_1LA1RB	cqh_w3_01081	IQHStage_10.v	A	8	199395	v6
1RB1RD_1RC---_1RD1LC_1LC1RA	cqh_w3_01082	IQHStage_10.v	B	2	199393	v5
1RB1RD_1RC0RA_0LD0RC_1LD1LB	cqh_w3_01083	IQHStage_10.v	A	6	199808	v3
1RB1RD_1RC0RA_0RD0RC_1LD1LB	cqh_w3_01084	IQHStage_10.v	A	14	198932	v3
1RB1RD_1RC0RA_1LD0RC_1LD1LB	cqh_w3_01085	IQHStage_10.v	A	9	199404	v3
1RB1RD_1RC1LB_0LA1RD_1LB0RB	cqh_w3_01086	IQHStage_10.v	A	4	199693	v6
1RB1RD_1RC1LB_0LA1RD_1LB1RC	cqh_w3_01087	IQHStage_10.v	A	4	199397	v6
1RB1RD_1RC1LB_1LB1RD_1LA1RC	cqh_w3_01088	IQHStage_10.v	A	11	199393	v5
1RB1RD_1RC1LD_1LD1RC_1RA1LB	cqh_w3_01089	IQHStage_10.v	A	7	199396	v6
