machine	theorem	file	anchor	cert_ver
1RB0LB_0LB0RC_1LD1RC_1LA0RD	nqh_v5b_00000	LCV5B_00.v	198293	v5
0RB0RC_1LC0RD_1LD0LD_1RA0LC	nqh_v5b_00001	LCV5B_00.v	199808	v6
1RB0LB_0LC0RD_1LC1LA_0RC0RA	nqh_v5b_00002	LCV5B_00.v	199416	v5
1RB0LB_1RC0LC_1RD1LA_1LB0RB	nqh_v5b_00003	LCV5B_00.v	199299	v5
1RB0LC_0RC0RD_1LC1LA_0RB0LA	nqh_v5b_00004	LCV5B_01.v	197835	v5
1RB0LC_0RC0RD_1LC1LA_0RB1LA	nqh_v5b_00005	LCV5B_01.v	197835	v5
1RB0LC_0RC0RD_1LC1LA_0RB1LB	nqh_v5b_00006	LCV5B_01.v	198607	v5
1RB0LC_1RC0RC_1LD0RB_0LA0LB	nqh_v5b_00007	LCV5B_01.v	199807	v6
1RB0LD_0RC0RD_0LD1RA_1LA0LC	nqh_v5b_00008	LCV5B_02.v	196812	v5
1RB0LD_1RC1LC_1LA0RA_1RD0LC	nqh_v5b_00009	LCV5B_02.v	197656	v6
1RB0LD_1RC1RD_1LA0RA_1RD0LC	nqh_v5b_00010	LCV5B_02.v	199803	v6
1RB0RD_0LB1LC_1RA1LB_1RA0RD	nqh_v5b_00011	LCV5B_02.v	198907	v5
1RB0RD_0LB1LC_1RD1LB_1RA0RD	nqh_v5b_00012	LCV5B_03.v	198907	v5
1RB1LA_1RC0LB_1LD0RD_0RD0LA	nqh_v5b_00013	LCV5B_03.v	198290	v5
1RB1LD_0RC1RD_1LC0RA_1LA0LC	nqh_v5b_00014	LCV5B_03.v	199079	v6
1RB1LD_1RC0RB_1RD0RB_0LD1LA	nqh_v5b_00015	LCV5B_03.v	198897	v5
