machine	theorem	file	tier	n	t	contexts
0RB---_1LC1RB_0LD0LC_0RD1RA	nqh_0RBXXX_1LC1RB_0LD0LC_0RD1RA	theories/Machines/ListCStage/LCStage_00.v	R_NeverQH	4	0	287
0RB---_1RC0LD_1RD0RA_1LB0LC	nqh_0RBXXX_1RC0LD_1RD0RA_1LB0LC	theories/Machines/ListCStage/LCStage_00.v	R_NeverQH	4	0	200
0RB0LA_1LA1LC_0RD1LB_1RB1RD	nqh_0RB0LA_1LA1LC_0RD1LB_1RB1RD	theories/Machines/ListCStage/LCStage_00.v	R_NeverQH	2	0	56
0RB0LA_1LA1LC_0RD1LC_1RB1RD	nqh_0RB0LA_1LA1LC_0RD1LC_1RB1RD	theories/Machines/ListCStage/LCStage_00.v	R_NeverQH	2	0	51
0RB0LA_1RC1LA_0RD0RD_1LD1LB	nqh_0RB0LA_1RC1LA_0RD0RD_1LD1LB	theories/Machines/ListCStage/LCStage_00.v	R_NeverQH	4	0	172
0RB0LA_1RC1LA_1LA0RD_1LD1LB	nqh_0RB0LA_1RC1LA_1LA0RD_1LD1LB	theories/Machines/ListCStage/LCStage_00.v	R_NeverQH	4	0	184
0RB0LA_1RC1LA_1LC0RD_1LD1LB	nqh_0RB0LA_1RC1LA_1LC0RD_1LD1LB	theories/Machines/ListCStage/LCStage_00.v	R_NeverQH	4	0	188
0RB0LA_1RC1RB_0RD1LA_1LC1LD	nqh_0RB0LA_1RC1RB_0RD1LA_1LC1LD	theories/Machines/ListCStage/LCStage_00.v	R_NeverQH	4	0	171
0RB0LA_1RC1RB_1LA1LD_0RB1LD	nqh_0RB0LA_1RC1RB_1LA1LD_0RB1LD	theories/Machines/ListCStage/LCStage_00.v	R_NeverQH	2	0	55
0RB0LB_1LC0LD_1RD0RA_1LB0RC	nqh_0RB0LB_1LC0LD_1RD0RA_1LB0RC	theories/Machines/ListCStage/LCStage_00.v	R_NeverQH	2	0	72
0RB0LB_1RC1LC_0RD1LA_1LD0LB	nqh_0RB0LB_1RC1LC_0RD1LA_1LD0LB	theories/Machines/ListCStage/LCStage_00.v	R_NeverQH	4	0	150
0RB0LB_1RC1RD_1LD0RB_1RA0LC	nqh_0RB0LB_1RC1RD_1LD0RB_1RA0LC	theories/Machines/ListCStage/LCStage_00.v	R_NeverQH	2	0	63
0RB0LC_1LA1RB_0LD0LA_0RD1RA	nqh_0RB0LC_1LA1RB_0LD0LA_0RD1RA	theories/Machines/ListCStage/LCStage_00.v	R_NeverQH	4	0	295
0RB0LC_1LA1RB_0LD0LC_0RD1RA	nqh_0RB0LC_1LA1RB_0LD0LC_0RD1RA	theories/Machines/ListCStage/LCStage_00.v	R_NeverQH	4	0	292
0RB0LC_1LA1RB_0LD1LA_1RD1RA	nqh_0RB0LC_1LA1RB_0LD1LA_1RD1RA	theories/Machines/ListCStage/LCStage_00.v	R_NeverQH	3	0	163
0RB0LC_1LC0LD_1RD0RA_1LB0RC	nqh_0RB0LC_1LC0LD_1RD0RA_1LB0RC	theories/Machines/ListCStage/LCStage_00.v	R_NeverQH	2	0	66
0RB0LC_1LC1RA_1LA1LD_1RB1LB	nqh_0RB0LC_1LC1RA_1LA1LD_1RB1LB	theories/Machines/ListCStage/LCStage_00.v	R_NeverQH	4	0	382
0RB0LC_1LC1RB_0LD0LA_0RD1RA	nqh_0RB0LC_1LC1RB_0LD0LA_0RD1RA	theories/Machines/ListCStage/LCStage_00.v	R_NeverQH	4	0	287
0RB0LC_1LC1RB_1LA0RD_1RC0LA	nqh_0RB0LC_1LC1RB_1LA0RD_1RC0LA	theories/Machines/ListCStage/LCStage_00.v	R_NeverQH	2	0	96
0RB0LC_1LC1RB_1LA0RD_1RC1LC	nqh_0RB0LC_1LC1RB_1LA0RD_1RC1LC	theories/Machines/ListCStage/LCStage_00.v	R_NeverQH	2	0	83
0RB0LC_1RC0RD_1RD0RA_1LD0LA	nqh_0RB0LC_1RC0RD_1RD0RA_1LD0LA	theories/Machines/ListCStage/LCStage_00.v	R_NeverQH	4	0	336
0RB0LC_1RC1LD_1LA0RB_1RB1RD	nqh_0RB0LC_1RC1LD_1LA0RB_1RB1RD	theories/Machines/ListCStage/LCStage_00.v	R_NeverQH	2	0	75
0RB0LC_1RC1LD_1LA0RB_1RD1RA	nqh_0RB0LC_1RC1LD_1LA0RB_1RD1RA	theories/Machines/ListCStage/LCStage_00.v	R_NeverQH	2	0	58
0RB0LC_1RC1RD_1LA0RB_1LB1RB	nqh_0RB0LC_1RC1RD_1LA0RB_1LB1RB	theories/Machines/ListCStage/LCStage_00.v	R_NeverQH	2	0	75
0RB0LC_1RC1RD_1LA0RB_1RB---	nqh_0RB0LC_1RC1RD_1LA0RB_1RBXXX	theories/Machines/ListCStage/LCStage_00.v	R_NeverQH	3	0	70
0RB0LD_0RC1RB_1RD0RD_1LA0RC	nqh_0RB0LD_0RC1RB_1RD0RD_1LA0RC	theories/Machines/ListCStage/LCStage_00.v	R_NeverQH	2	0	73
0RB0LD_1LA1RC_0RD1RC_1RB0LA	nqh_0RB0LD_1LA1RC_0RD1RC_1RB0LA	theories/Machines/ListCStage/LCStage_00.v	R_NeverQH	4	0	741
0RB0LD_1LA1RC_0RD1RD_1RB1LA	nqh_0RB0LD_1LA1RC_0RD1RD_1RB1LA	theories/Machines/ListCStage/LCStage_00.v	R_NeverQH	4	0	197
0RB0LD_1LC1LA_1RB0RC_1RC1LD	nqh_0RB0LD_1LC1LA_1RB0RC_1RC1LD	theories/Machines/ListCStage/LCStage_00.v	R_NeverQH	4	0	282
0RB0LD_1LC1RB_1LA0RA_1RC1LD	nqh_0RB0LD_1LC1RB_1LA0RA_1RC1LD	theories/Machines/ListCStage/LCStage_00.v	R_NeverQH	4	0	684
0RB0LD_1RC0LB_1RD1RB_1LA0RC	nqh_0RB0LD_1RC0LB_1RD1RB_1LA0RC	theories/Machines/ListCStage/LCStage_00.v	R_NeverQH	2	0	78
0RB0LD_1RC0LC_0RD0LA_1LD1RB	nqh_0RB0LD_1RC0LC_0RD0LA_1LD1RB	theories/Machines/ListCStage/LCStage_00.v	R_NeverQH	4	0	394
0RB0LD_1RC0RB_1RD1RB_1LA0RC	nqh_0RB0LD_1RC0RB_1RD1RB_1LA0RC	theories/Machines/ListCStage/LCStage_00.v	R_NeverQH	2	0	91
0RB0LD_1RC0RC_1LD1RD_1RB1LA	nqh_0RB0LD_1RC0RC_1LD1RD_1RB1LA	theories/Machines/ListCStage/LCStage_00.v	R_NeverQH	4	0	220
0RB0LD_1RC1LB_1RD1RB_1LA0RC	nqh_0RB0LD_1RC1LB_1RD1RB_1LA0RC	theories/Machines/ListCStage/LCStage_00.v	R_NeverQH	3	0	76
0RB0LD_1RC1RA_1RD1RA_1LA0LD	nqh_0RB0LD_1RC1RA_1RD1RA_1LA0LD	theories/Machines/ListCStage/LCStage_00.v	R_NeverQH	2	0	61
0RB0LD_1RC1RA_1RD1RB_1LA0LD	nqh_0RB0LD_1RC1RA_1RD1RB_1LA0LD	theories/Machines/ListCStage/LCStage_00.v	R_NeverQH	2	0	77
0RB0LD_1RC1RB_1LA1LC_1LB0LA	nqh_0RB0LD_1RC1RB_1LA1LC_1LB0LA	theories/Machines/ListCStage/LCStage_00.v	R_NeverQH	2	0	55
0RB0LD_1RC1RB_1LD0RC_0LB1LA	nqh_0RB0LD_1RC1RB_1LD0RC_0LB1LA	theories/Machines/ListCStage/LCStage_00.v	R_NeverQH	4	0	604
0RB0LD_1RC1RB_1RD0RA_1LA0RC	nqh_0RB0LD_1RC1RB_1RD0RA_1LA0RC	theories/Machines/ListCStage/LCStage_00.v	R_NeverQH	2	0	96
0RB0LD_1RC1RB_1RD0RD_1LA0RC	nqh_0RB0LD_1RC1RB_1RD0RD_1LA0RC	theories/Machines/ListCStage/LCStage_00.v	R_NeverQH	2	0	103
0RB0LD_1RC1RB_1RD1LB_1LA0RC	nqh_0RB0LD_1RC1RB_1RD1LB_1LA0RC	theories/Machines/ListCStage/LCStage_00.v	R_NeverQH	2	0	75
0RB0LD_1RC1RB_1RD1RA_1LA0RC	nqh_0RB0LD_1RC1RB_1RD1RA_1LA0RC	theories/Machines/ListCStage/LCStage_00.v	R_NeverQH	2	0	101
0RB0LD_1RC1RB_1RD1RB_1LA0RC	nqh_0RB0LD_1RC1RB_1RD1RB_1LA0RC	theories/Machines/ListCStage/LCStage_00.v	R_NeverQH	2	0	77
0RB0RA_1LC0RA_0LD1RA_1RD0LC	nqh_0RB0RA_1LC0RA_0LD1RA_1RD0LC	theories/Machines/ListCStage/LCStage_00.v	R_NeverQH	4	0	647
0RB0RA_1LC1LB_0LD1RA_1RD0LC	nqh_0RB0RA_1LC1LB_0LD1RA_1RD0LC	theories/Machines/ListCStage/LCStage_00.v	R_NeverQH	4	0	789
0RB0RA_1RC1RD_1LD0RB_1RA0LC	nqh_0RB0RA_1RC1RD_1LD0RB_1RA0LC	theories/Machines/ListCStage/LCStage_00.v	R_NeverQH	2	0	74
0RB0RB_1LC0LD_1RD0RA_1LB0RC	nqh_0RB0RB_1LC0LD_1RD0RA_1LB0RC	theories/Machines/ListCStage/LCStage_00.v	R_NeverQH	2	0	58
0RB0RC_1LC1RA_1LD0LB_1RB1LC	nqh_0RB0RC_1LC1RA_1LD0LB_1RB1LC	theories/Machines/ListCStage/LCStage_00.v	R_NeverQH	2	0	69
0RB0RD_1LC0LB_1RA0LC_1RB1RA	nqh_0RB0RD_1LC0LB_1RA0LC_1RB1RA	theories/Machines/ListCStage/LCStage_00.v	R_NeverQH	4	0	291
0RB0RD_1LC0LD_1RD0RA_1LB0RC	nqh_0RB0RD_1LC0LD_1RD0RA_1LB0RC	theories/Machines/ListCStage/LCStage_01.v	R_NeverQH	2	0	69
0RB0RD_1RC1RA_1LB0LC_1LC1RD	nqh_0RB0RD_1RC1RA_1LB0LC_1LC1RD	theories/Machines/ListCStage/LCStage_01.v	R_NeverQH	4	0	283
0RB1LA_0RC1LC_1RD0LB_0LA1RC	nqh_0RB1LA_0RC1LC_1RD0LB_0LA1RC	theories/Machines/ListCStage/LCStage_01.v	R_NeverQH	2	0	55
0RB1LA_0RC1LC_1RD0LB_1LA1RC	nqh_0RB1LA_0RC1LC_1RD0LB_1LA1RC	theories/Machines/ListCStage/LCStage_01.v	R_NeverQH	2	0	47
0RB1LA_1LA1RC_1RB0LD_0RC1LC	nqh_0RB1LA_1LA1RC_1RB0LD_0RC1LC	theories/Machines/ListCStage/LCStage_01.v	R_NeverQH	2	0	52
0RB1LA_1LA1RC_1RB0LD_0RD1LC	nqh_0RB1LA_1LA1RC_1RB0LD_0RD1LC	theories/Machines/ListCStage/LCStage_01.v	R_NeverQH	3	0	104
0RB1LA_1LA1RC_1RB0LD_1LC1LC	nqh_0RB1LA_1LA1RC_1RB0LD_1LC1LC	theories/Machines/ListCStage/LCStage_01.v	R_NeverQH	2	0	49
0RB1LA_1LA1RC_1RB0LD_1RC1LC	nqh_0RB1LA_1LA1RC_1RB0LD_1RC1LC	theories/Machines/ListCStage/LCStage_01.v	R_NeverQH	2	0	49
0RB1LA_1LA1RC_1RB0LD_1RD1LC	nqh_0RB1LA_1LA1RC_1RB0LD_1RD1LC	theories/Machines/ListCStage/LCStage_01.v	R_NeverQH	3	0	95
0RB1LA_1LC0RA_0LD1RA_1RD0LC	nqh_0RB1LA_1LC0RA_0LD1RA_1RD0LC	theories/Machines/ListCStage/LCStage_01.v	R_NeverQH	4	0	679
0RB1LA_1LC1LC_1RD0LB_0LA1RC	nqh_0RB1LA_1LC1LC_1RD0LB_0LA1RC	theories/Machines/ListCStage/LCStage_01.v	R_NeverQH	2	0	45
0RB1LA_1LC1LC_1RD0LB_1LA1RC	nqh_0RB1LA_1LC1LC_1RD0LB_1LA1RC	theories/Machines/ListCStage/LCStage_01.v	R_NeverQH	2	0	40
0RB1LA_1RC0LD_0LA1RB_1LB1LB	nqh_0RB1LA_1RC0LD_0LA1RB_1LB1LB	theories/Machines/ListCStage/LCStage_01.v	R_NeverQH	2	0	52
0RB1LA_1RC0LD_0LA1RB_1RB1LB	nqh_0RB1LA_1RC0LD_0LA1RB_1RB1LB	theories/Machines/ListCStage/LCStage_01.v	R_NeverQH	2	0	56
0RB1LA_1RC0LD_1LA1RB_0RB1LB	nqh_0RB1LA_1RC0LD_1LA1RB_0RB1LB	theories/Machines/ListCStage/LCStage_01.v	R_NeverQH	2	0	45
0RB1LA_1RC0LD_1LA1RB_0RD1LB	nqh_0RB1LA_1RC0LD_1LA1RB_0RD1LB	theories/Machines/ListCStage/LCStage_01.v	R_NeverQH	3	0	114
0RB1LA_1RC0LD_1LA1RB_1LB1LB	nqh_0RB1LA_1RC0LD_1LA1RB_1LB1LB	theories/Machines/ListCStage/LCStage_01.v	R_NeverQH	2	0	42
0RB1LA_1RC0LD_1LA1RB_1RB1LB	nqh_0RB1LA_1RC0LD_1LA1RB_1RB1LB	theories/Machines/ListCStage/LCStage_01.v	R_NeverQH	2	0	44
0RB1LA_1RC0LD_1LA1RB_1RD1LB	nqh_0RB1LA_1RC0LD_1LA1RB_1RD1LB	theories/Machines/ListCStage/LCStage_01.v	R_NeverQH	3	0	92
0RB1LA_1RC1LC_1RD0LB_0LA1RC	nqh_0RB1LA_1RC1LC_1RD0LB_0LA1RC	theories/Machines/ListCStage/LCStage_01.v	R_NeverQH	2	0	49
0RB1LA_1RC1LC_1RD0LB_1LA1RC	nqh_0RB1LA_1RC1LC_1RD0LB_1LA1RC	theories/Machines/ListCStage/LCStage_01.v	R_NeverQH	2	0	44
0RB1LA_1RC1RB_1LD1LA_0RB0LD	nqh_0RB1LA_1RC1RB_1LD1LA_0RB0LD	theories/Machines/ListCStage/LCStage_01.v	R_NeverQH	2	0	56
0RB1LA_1RC1RB_1LD1LA_0RC0LD	nqh_0RB1LA_1RC1RB_1LD1LA_0RC0LD	theories/Machines/ListCStage/LCStage_01.v	R_NeverQH	2	0	66
0RB1LB_1LA0RC_1RB0LD_1LC---	nqh_0RB1LB_1LA0RC_1RB0LD_1LCXXX	theories/Machines/ListCStage/LCStage_01.v	R_NeverQH	3	0	80
0RB1LB_1RC0LA_0LD1RB_0LA1LD	nqh_0RB1LB_1RC0LA_0LD1RB_0LA1LD	theories/Machines/ListCStage/LCStage_01.v	R_NeverQH	2	0	51
0RB1LB_1RC0LA_0LD1RB_0RA1LD	nqh_0RB1LB_1RC0LA_0LD1RB_0RA1LD	theories/Machines/ListCStage/LCStage_01.v	R_NeverQH	2	0	54
0RB1LB_1RC0LA_0LD1RB_0RC1LD	nqh_0RB1LB_1RC0LA_0LD1RB_0RC1LD	theories/Machines/ListCStage/LCStage_01.v	R_NeverQH	2	0	63
0RB1LB_1RC0LA_0LD1RB_1LA1LD	nqh_0RB1LB_1RC0LA_0LD1RB_1LA1LD	theories/Machines/ListCStage/LCStage_01.v	R_NeverQH	2	0	53
0RB1LB_1RC0LA_0LD1RB_1LB1LD	nqh_0RB1LB_1RC0LA_0LD1RB_1LB1LD	theories/Machines/ListCStage/LCStage_01.v	R_NeverQH	2	0	51
0RB1LB_1RC0LA_0LD1RB_1RA1LD	nqh_0RB1LB_1RC0LA_0LD1RB_1RA1LD	theories/Machines/ListCStage/LCStage_01.v	R_NeverQH	2	0	54
0RB1LB_1RC0LA_0LD1RB_1RB1LD	nqh_0RB1LB_1RC0LA_0LD1RB_1RB1LD	theories/Machines/ListCStage/LCStage_01.v	R_NeverQH	2	0	55
0RB1LB_1RC0LA_0LD1RB_1RC1LD	nqh_0RB1LB_1RC0LA_0LD1RB_1RC1LD	theories/Machines/ListCStage/LCStage_01.v	R_NeverQH	2	0	51
0RB1LB_1RC0LA_1LD1RB_0LA1LD	nqh_0RB1LB_1RC0LA_1LD1RB_0LA1LD	theories/Machines/ListCStage/LCStage_01.v	R_NeverQH	2	0	44
0RB1LB_1RC0LA_1LD1RB_0RA1LD	nqh_0RB1LB_1RC0LA_1LD1RB_0RA1LD	theories/Machines/ListCStage/LCStage_01.v	R_NeverQH	2	0	46
0RB1LB_1RC0LA_1LD1RB_0RB1LD	nqh_0RB1LB_1RC0LA_1LD1RB_0RB1LD	theories/Machines/ListCStage/LCStage_01.v	R_NeverQH	2	0	45
0RB1LB_1RC0LA_1LD1RB_0RC1LD	nqh_0RB1LB_1RC0LA_1LD1RB_0RC1LD	theories/Machines/ListCStage/LCStage_01.v	R_NeverQH	2	0	50
0RB1LB_1RC0LA_1LD1RB_1LA1LD	nqh_0RB1LB_1RC0LA_1LD1RB_1LA1LD	theories/Machines/ListCStage/LCStage_01.v	R_NeverQH	2	0	46
0RB1LB_1RC0LA_1LD1RB_1LB1LD	nqh_0RB1LB_1RC0LA_1LD1RB_1LB1LD	theories/Machines/ListCStage/LCStage_01.v	R_NeverQH	2	0	44
0RB1LB_1RC0LA_1LD1RB_1RA1LD	nqh_0RB1LB_1RC0LA_1LD1RB_1RA1LD	theories/Machines/ListCStage/LCStage_01.v	R_NeverQH	2	0	47
0RB1LB_1RC0LA_1LD1RB_1RB1LD	nqh_0RB1LB_1RC0LA_1LD1RB_1RB1LD	theories/Machines/ListCStage/LCStage_01.v	R_NeverQH	2	0	45
0RB1LB_1RC0LA_1LD1RB_1RC1LD	nqh_0RB1LB_1RC0LA_1LD1RB_1RC1LD	theories/Machines/ListCStage/LCStage_01.v	R_NeverQH	2	0	44
0RB1LB_1RC0LB_0RD---_1LD1LA	nqh_0RB1LB_1RC0LB_0RDXXX_1LD1LA	theories/Machines/ListCStage/LCStage_01.v	R_NeverQH	4	0	225
0RB1LC_0LC1RB_1LA0RD_1LC1RC	nqh_0RB1LC_0LC1RB_1LA0RD_1LC1RC	theories/Machines/ListCStage/LCStage_01.v	R_NeverQH	2	0	57
0RB1LC_0LC1RB_1LA0RD_1RC1RC	nqh_0RB1LC_0LC1RB_1LA0RD_1RC1RC	theories/Machines/ListCStage/LCStage_01.v	R_NeverQH	2	0	53
0RB1LC_1LA1RB_0LD0LC_0RD1RA	nqh_0RB1LC_1LA1RB_0LD0LC_0RD1RA	theories/Machines/ListCStage/LCStage_01.v	R_NeverQH	4	0	229
0RB1LC_1LA1RB_1LA0RD_0LC1RC	nqh_0RB1LC_1LA1RB_1LA0RD_0LC1RC	theories/Machines/ListCStage/LCStage_01.v	R_NeverQH	2	0	47
0RB1LC_1LA1RB_1LA0RD_0LD1RC	nqh_0RB1LC_1LA1RB_1LA0RD_0LD1RC	theories/Machines/ListCStage/LCStage_01.v	R_NeverQH	3	0	101
0RB1LC_1LA1RB_1LA0RD_1LC1RC	nqh_0RB1LC_1LA1RB_1LA0RD_1LC1RC	theories/Machines/ListCStage/LCStage_01.v	R_NeverQH	2	0	48
0RB1LC_1LA1RB_1LA0RD_1LD1RC	nqh_0RB1LC_1LA1RB_1LA0RD_1LD1RC	theories/Machines/ListCStage/LCStage_01.v	R_NeverQH	3	0	97
0RB1LC_1LA1RB_1LA0RD_1RC1RC	nqh_0RB1LC_1LA1RB_1LA0RD_1RC1RC	theories/Machines/ListCStage/LCStage_01.v	R_NeverQH	2	0	46
0RB1LC_1LC0RD_1LD0LB_1RB1RA	nqh_0RB1LC_1LC0RD_1LD0LB_1RB1RA	theories/Machines/ListCStage/LCStage_02.v	R_NeverQH	2	0	68
0RB1LC_1LC1RB_1LA0RD_0LC1RC	nqh_0RB1LC_1LC1RB_1LA0RD_0LC1RC	theories/Machines/ListCStage/LCStage_02.v	R_NeverQH	2	0	46
0RB1LC_1LC1RB_1LA0RD_0LD1RC	nqh_0RB1LC_1LC1RB_1LA0RD_0LD1RC	theories/Machines/ListCStage/LCStage_02.v	R_NeverQH	3	0	104
0RB1LC_1LC1RB_1LA0RD_1LC1RC	nqh_0RB1LC_1LC1RB_1LA0RD_1LC1RC	theories/Machines/ListCStage/LCStage_02.v	R_NeverQH	2	0	45
0RB1LC_1LC1RB_1LA0RD_1LD1RC	nqh_0RB1LC_1LC1RB_1LA0RD_1LD1RC	theories/Machines/ListCStage/LCStage_02.v	R_NeverQH	3	0	95
0RB1LC_1LC1RB_1LA0RD_1RC1RC	nqh_0RB1LC_1LC1RB_1LA0RD_1RC1RC	theories/Machines/ListCStage/LCStage_02.v	R_NeverQH	2	0	43
0RB1LC_1RC0LD_1LA0RB_1LB---	nqh_0RB1LC_1RC0LD_1LA0RB_1LBXXX	theories/Machines/ListCStage/LCStage_02.v	R_NeverQH	3	0	68
0RB1LC_1RC0LD_1LA1LD_1RA0LD	nqh_0RB1LC_1RC0LD_1LA1LD_1RA0LD	theories/Machines/ListCStage/LCStage_02.v	R_NeverQH	4	0	202
0RB1LC_1RC1RB_1LA0RD_0LC1RC	nqh_0RB1LC_1RC1RB_1LA0RD_0LC1RC	theories/Machines/ListCStage/LCStage_02.v	R_NeverQH	2	0	43
0RB1LC_1RC1RB_1LA0RD_0LD1RC	nqh_0RB1LC_1RC1RB_1LA0RD_0LD1RC	theories/Machines/ListCStage/LCStage_02.v	R_NeverQH	3	0	98
0RB1LC_1RC1RB_1LA0RD_1LC1RC	nqh_0RB1LC_1RC1RB_1LA0RD_1LC1RC	theories/Machines/ListCStage/LCStage_02.v	R_NeverQH	2	0	45
0RB1LC_1RC1RB_1LA0RD_1LD1RC	nqh_0RB1LC_1RC1RB_1LA0RD_1LD1RC	theories/Machines/ListCStage/LCStage_02.v	R_NeverQH	3	0	95
0RB1LC_1RC1RB_1LA0RD_1RC1RC	nqh_0RB1LC_1RC1RB_1LA0RD_1RC1RC	theories/Machines/ListCStage/LCStage_02.v	R_NeverQH	2	0	43
0RB1LC_1RC1RB_1LD1LA_0RC0LD	nqh_0RB1LC_1RC1RB_1LD1LA_0RC0LD	theories/Machines/ListCStage/LCStage_02.v	R_NeverQH	2	0	67
0RB1LD_0LC1RB_0LD1RD_1LA0RC	nqh_0RB1LD_0LC1RB_0LD1RD_1LA0RC	theories/Machines/ListCStage/LCStage_02.v	R_NeverQH	2	0	56
0RB1LD_0LC1RB_1LD1RD_1LA0RC	nqh_0RB1LD_0LC1RB_1LD1RD_1LA0RC	theories/Machines/ListCStage/LCStage_02.v	R_NeverQH	2	0	50
0RB1LD_0LC1RB_1RD1RD_1LA0RC	nqh_0RB1LD_0LC1RB_1RD1RD_1LA0RC	theories/Machines/ListCStage/LCStage_02.v	R_NeverQH	2	0	46
0RB1LD_0RC1RB_0LD1RD_1LA0RC	nqh_0RB1LD_0RC1RB_0LD1RD_1LA0RC	theories/Machines/ListCStage/LCStage_02.v	R_NeverQH	2	0	53
0RB1LD_0RC1RB_1LD1RD_1LA0RC	nqh_0RB1LD_0RC1RB_1LD1RD_1LA0RC	theories/Machines/ListCStage/LCStage_02.v	R_NeverQH	2	0	45
0RB1LD_0RC1RB_1RD1RD_1LA0RC	nqh_0RB1LD_0RC1RB_1RD1RD_1LA0RC	theories/Machines/ListCStage/LCStage_02.v	R_NeverQH	2	0	41
0RB1LD_1LC0LA_1RD0LB_1LA0RC	nqh_0RB1LD_1LC0LA_1RD0LB_1LA0RC	theories/Machines/ListCStage/LCStage_02.v	R_NeverQH	2	0	84
0RB1LD_1LC0LB_1RD0LB_1LA0RC	nqh_0RB1LD_1LC0LB_1RD0LB_1LA0RC	theories/Machines/ListCStage/LCStage_02.v	R_NeverQH	2	0	62
0RB1LD_1LC0RC_1RD0LB_1LA0RC	nqh_0RB1LD_1LC0RC_1RD0LB_1LA0RC	theories/Machines/ListCStage/LCStage_02.v	R_NeverQH	2	0	61
0RB1LD_1LC0RD_1RD0LB_1LA0RC	nqh_0RB1LD_1LC0RD_1RD0LB_1LA0RC	theories/Machines/ListCStage/LCStage_02.v	R_NeverQH	2	0	68
0RB1LD_1LC1LB_1RD0LB_1LA0RC	nqh_0RB1LD_1LC1LB_1RD0LB_1LA0RC	theories/Machines/ListCStage/LCStage_02.v	R_NeverQH	3	0	67
0RB1LD_1LC1LC_1RD0LB_1LA0RC	nqh_0RB1LD_1LC1LC_1RD0LB_1LA0RC	theories/Machines/ListCStage/LCStage_02.v	R_NeverQH	2	0	61
0RB1LD_1LC1RA_1RD0LB_1LA0RC	nqh_0RB1LD_1LC1RA_1RD0LB_1LA0RC	theories/Machines/ListCStage/LCStage_02.v	R_NeverQH	2	0	75
0RB1LD_1LC1RB_0LD1RD_1LA0RC	nqh_0RB1LD_1LC1RB_0LD1RD_1LA0RC	theories/Machines/ListCStage/LCStage_02.v	R_NeverQH	2	0	79
0RB1LD_1LC1RB_1LD1RD_1LA0RC	nqh_0RB1LD_1LC1RB_1LD1RD_1LA0RC	theories/Machines/ListCStage/LCStage_02.v	R_NeverQH	2	0	47
0RB1LD_1LC1RB_1RD0LB_1LA0RC	nqh_0RB1LD_1LC1RB_1RD0LB_1LA0RC	theories/Machines/ListCStage/LCStage_02.v	R_NeverQH	3	0	119
0RB1LD_1LC1RB_1RD1RD_1LA0RC	nqh_0RB1LD_1LC1RB_1RD1RD_1LA0RC	theories/Machines/ListCStage/LCStage_02.v	R_NeverQH	2	0	45
0RB1LD_1LC1RC_1RD0LB_1LA0RC	nqh_0RB1LD_1LC1RC_1RD0LB_1LA0RC	theories/Machines/ListCStage/LCStage_02.v	R_NeverQH	2	0	72
0RB1LD_1LC1RD_1RD0LB_1LA0RC	nqh_0RB1LD_1LC1RD_1RD0LB_1LA0RC	theories/Machines/ListCStage/LCStage_02.v	R_NeverQH	2	0	58
0RB1LD_1RC0LA_1LB0RD_1RB1LA	nqh_0RB1LD_1RC0LA_1LB0RD_1RB1LA	theories/Machines/ListCStage/LCStage_02.v	R_NeverQH	4	0	74
0RB1LD_1RC0LA_1LD0RD_1RB1LA	nqh_0RB1LD_1RC0LA_1LD0RD_1RB1LA	theories/Machines/ListCStage/LCStage_02.v	R_NeverQH	4	0	77
0RB1LD_1RC1RB_0LC1RD_1LA0RC	nqh_0RB1LD_1RC1RB_0LC1RD_1LA0RC	theories/Machines/ListCStage/LCStage_02.v	R_NeverQH	3	0	101
0RB1LD_1RC1RB_0LD1RD_1LA0RC	nqh_0RB1LD_1RC1RB_0LD1RD_1LA0RC	theories/Machines/ListCStage/LCStage_02.v	R_NeverQH	2	0	58
0RB1LD_1RC1RB_1LA1LC_0RC0LD	nqh_0RB1LD_1RC1RB_1LA1LC_0RC0LD	theories/Machines/ListCStage/LCStage_02.v	R_NeverQH	2	0	63
0RB1LD_1RC1RB_1LC1RD_1LA0RC	nqh_0RB1LD_1RC1RB_1LC1RD_1LA0RC	theories/Machines/ListCStage/LCStage_02.v	R_NeverQH	3	0	100
0RB1LD_1RC1RB_1LD1RD_1LA0RC	nqh_0RB1LD_1RC1RB_1LD1RD_1LA0RC	theories/Machines/ListCStage/LCStage_02.v	R_NeverQH	2	0	48
0RB1LD_1RC1RB_1RD1RD_1LA0RC	nqh_0RB1LD_1RC1RB_1RD1RD_1LA0RC	theories/Machines/ListCStage/LCStage_02.v	R_NeverQH	2	0	45
0RB1LD_1RC1RD_1LA1RC_1RB0LA	nqh_0RB1LD_1RC1RD_1LA1RC_1RB0LA	theories/Machines/ListCStage/LCStage_02.v	R_NeverQH	2	0	59
0RB1RA_0LC1RC_1LD0RB_0RA1LC	nqh_0RB1RA_0LC1RC_1LD0RB_0RA1LC	theories/Machines/ListCStage/LCStage_02.v	R_NeverQH	2	0	52
0RB1RA_0LC1RC_1LD0RB_1RA1LC	nqh_0RB1RA_0LC1RC_1LD0RB_1RA1LC	theories/Machines/ListCStage/LCStage_02.v	R_NeverQH	2	0	45
0RB1RA_1LC0LD_1RD0RA_1LB0RC	nqh_0RB1RA_1LC0LD_1RD0RA_1LB0RC	theories/Machines/ListCStage/LCStage_02.v	R_NeverQH	2	0	83
0RB1RA_1LC1RC_0LD0RA_1RD0RB	nqh_0RB1RA_1LC1RC_0LD0RA_1RD0RB	theories/Machines/ListCStage/LCStage_02.v	R_NeverQH	4	0	204
0RB1RA_1LC1RC_1LD0RB_0RA1LC	nqh_0RB1RA_1LC1RC_1LD0RB_0RA1LC	theories/Machines/ListCStage/LCStage_02.v	R_NeverQH	2	0	44
0RB1RA_1LC1RC_1LD0RB_1RA1LC	nqh_0RB1RA_1LC1RC_1LD0RB_1RA1LC	theories/Machines/ListCStage/LCStage_02.v	R_NeverQH	2	0	39
0RB1RA_1RC0RC_1LD0RB_0RA0LC	nqh_0RB1RA_1RC0RC_1LD0RB_0RA0LC	theories/Machines/ListCStage/LCStage_02.v	R_NeverQH	2	0	71
0RB1RA_1RC0RC_1LD0RB_1RA0LC	nqh_0RB1RA_1RC0RC_1LD0RB_1RA0LC	theories/Machines/ListCStage/LCStage_02.v	R_NeverQH	2	0	61
0RB1RA_1RC0RD_1LD0RB_1RA0LC	nqh_0RB1RA_1RC0RD_1LD0RB_1RA0LC	theories/Machines/ListCStage/LCStage_03.v	R_NeverQH	2	0	60
0RB1RA_1RC1LD_1LD0RB_1RA0LC	nqh_0RB1RA_1RC1LD_1LD0RB_1RA0LC	theories/Machines/ListCStage/LCStage_03.v	R_NeverQH	2	0	49
0RB1RA_1RC1RC_1LD0RB_0RA1LC	nqh_0RB1RA_1RC1RC_1LD0RB_0RA1LC	theories/Machines/ListCStage/LCStage_03.v	R_NeverQH	2	0	40
0RB1RA_1RC1RC_1LD0RB_1RA1LC	nqh_0RB1RA_1RC1RC_1LD0RB_1RA1LC	theories/Machines/ListCStage/LCStage_03.v	R_NeverQH	2	0	35
0RB1RA_1RC1RD_1LD0RB_1RA0LC	nqh_0RB1RA_1RC1RD_1LD0RB_1RA0LC	theories/Machines/ListCStage/LCStage_03.v	R_NeverQH	2	0	55
0RB1RB_1LC1RA_0LD1LB_1RD0LC	nqh_0RB1RB_1LC1RA_0LD1LB_1RD0LC	theories/Machines/ListCStage/LCStage_03.v	R_NeverQH	4	0	495
0RB1RC_1LC1RA_1LD0LD_1RB0LB	nqh_0RB1RC_1LC1RA_1LD0LD_1RB0LB	theories/Machines/ListCStage/LCStage_03.v	R_NeverQH	4	0	308
0RB1RC_1RC0LD_1RD0RB_1LB1LA	nqh_0RB1RC_1RC0LD_1RD0RB_1LB1LA	theories/Machines/ListCStage/LCStage_03.v	R_NeverQH	2	0	60
0RB1RD_1LC0LD_1RD0RA_1LB0RC	nqh_0RB1RD_1LC0LD_1RD0RA_1LB0RC	theories/Machines/ListCStage/LCStage_03.v	R_NeverQH	2	0	58
0RB1RD_1LC1LB_1RA0LC_0LB0RA	nqh_0RB1RD_1LC1LB_1RA0LC_0LB0RA	theories/Machines/ListCStage/LCStage_03.v	R_NeverQH	4	0	605
0RB1RD_1LC1LB_1RA0LC_1RB0RA	nqh_0RB1RD_1LC1LB_1RA0LC_1RB0RA	theories/Machines/ListCStage/LCStage_03.v	R_NeverQH	4	0	894
0RB1RD_1RC---_1LD0RB_1RA0LC	nqh_0RB1RD_1RCXXX_1LD0RB_1RA0LC	theories/Machines/ListCStage/LCStage_03.v	R_NeverQH	3	0	61
0RB1RD_1RC1LC_0RD0LA_1LD0LB	nqh_0RB1RD_1RC1LC_0RD0LA_1LD0LB	theories/Machines/ListCStage/LCStage_03.v	R_NeverQH	4	0	163
1RB0LA_0RC---_1LC1LD_0RA1LA	nqh_1RB0LA_0RCXXX_1LC1LD_0RA1LA	theories/Machines/ListCStage/LCStage_03.v	R_NeverQH	4	0	224
1RB0LA_0RC0LA_1LC0LD_1RB1LB	nqh_1RB0LA_0RC0LA_1LC0LD_1RB1LB	theories/Machines/ListCStage/LCStage_03.v	R_NeverQH	4	0	229
1RB0LA_0RC0LB_1LC1RD_1RB1LA	nqh_1RB0LA_0RC0LB_1LC1RD_1RB1LA	theories/Machines/ListCStage/LCStage_03.v	R_NeverQH	4	0	444
1RB0LA_0RC0LD_1LC0LD_1RA1LA	nqh_1RB0LA_0RC0LD_1LC0LD_1RA1LA	theories/Machines/ListCStage/LCStage_03.v	R_NeverQH	4	0	250
1RB0LA_0RC0RA_1LD1RC_1LB0LD	nqh_1RB0LA_0RC0RA_1LD1RC_1LB0LD	theories/Machines/ListCStage/LCStage_03.v	R_NeverQH	4	0	304
1RB0LA_0RC0RD_0LD0RB_1LD1LA	nqh_1RB0LA_0RC0RD_0LD0RB_1LD1LA	theories/Machines/ListCStage/LCStage_03.v	R_NeverQH	4	0	771
1RB0LA_0RC0RD_1LA0LC_1RC1RB	nqh_1RB0LA_0RC0RD_1LA0LC_1RC1RB	theories/Machines/ListCStage/LCStage_03.v	R_NeverQH	4	0	263
1RB0LA_0RC0RD_1LA1LC_1LC1RB	nqh_1RB0LA_0RC0RD_1LA1LC_1LC1RB	theories/Machines/ListCStage/LCStage_03.v	R_NeverQH	4	0	416
1RB0LA_0RC1LA_0LD0RB_1LD1LA	nqh_1RB0LA_0RC1LA_0LD0RB_1LD1LA	theories/Machines/ListCStage/LCStage_03.v	R_NeverQH	4	0	770
1RB0LA_0RC1LA_1LC1LD_0RD0RB	nqh_1RB0LA_0RC1LA_1LC1LD_0RD0RB	theories/Machines/ListCStage/LCStage_03.v	R_NeverQH	4	0	623
1RB0LA_0RC1LA_1LD0RB_1LD1LA	nqh_1RB0LA_0RC1LA_1LD0RB_1LD1LA	theories/Machines/ListCStage/LCStage_03.v	R_NeverQH	4	0	470
1RB0LA_0RC1LA_1LD0RB_1LD1LB	nqh_1RB0LA_0RC1LA_1LD0RB_1LD1LB	theories/Machines/ListCStage/LCStage_03.v	R_NeverQH	4	0	498
1RB0LA_0RC1LC_1LD0LA_0RB1LB	nqh_1RB0LA_0RC1LC_1LD0LA_0RB1LB	theories/Machines/ListCStage/LCStage_03.v	R_NeverQH	4	0	194
1RB0LA_0RC1LC_1LD0LA_1LD1LB	nqh_1RB0LA_0RC1LC_1LD0LA_1LD1LB	theories/Machines/ListCStage/LCStage_03.v	R_NeverQH	4	0	170
1RB0LA_0RC1LD_1LC0RB_1LA0RA	nqh_1RB0LA_0RC1LD_1LC0RB_1LA0RA	theories/Machines/ListCStage/LCStage_03.v	R_NeverQH	4	0	571
1RB0LA_0RC1LD_1LD0LA_1LB1LA	nqh_1RB0LA_0RC1LD_1LD0LA_1LB1LA	theories/Machines/ListCStage/LCStage_03.v	R_NeverQH	4	0	148
1RB0LA_0RC1LD_1RD0LA_1LB1LA	nqh_1RB0LA_0RC1LD_1RD0LA_1LB1LA	theories/Machines/ListCStage/LCStage_03.v	R_NeverQH	4	0	168
1RB0LA_0RC1RD_1LA1LC_0LC0RB	nqh_1RB0LA_0RC1RD_1LA1LC_0LC0RB	theories/Machines/ListCStage/LCStage_03.v	R_NeverQH	4	0	443
1RB0LA_1LB0LC_1RD1LD_0RB1LA	nqh_1RB0LA_1LB0LC_1RD1LD_0RB1LA	theories/Machines/ListCStage/LCStage_03.v	R_NeverQH	4	0	208
1RB0LA_1LC0LC_1RD0LB_1LA0RC	nqh_1RB0LA_1LC0LC_1RD0LB_1LA0RC	theories/Machines/ListCStage/LCStage_03.v	R_NeverQH	2	0	77
1RB0LA_1LC0RD_1LD0LB_1RB0RA	nqh_1RB0LA_1LC0RD_1LD0LB_1RB0RA	theories/Machines/ListCStage/LCStage_03.v	R_NeverQH	2	0	59
1RB0LA_1LC1LA_1RD0LB_1LA0RC	nqh_1RB0LA_1LC1LA_1RD0LB_1LA0RC	theories/Machines/ListCStage/LCStage_03.v	R_NeverQH	2	0	69
1RB0LA_1LC1LA_1RD0LB_1RA0RC	nqh_1RB0LA_1LC1LA_1RD0LB_1RA0RC	theories/Machines/ListCStage/LCStage_03.v	R_NeverQH	2	0	72
1RB0LA_1LC1LD_1LB0RB_1RC1LA	nqh_1RB0LA_1LC1LD_1LB0RB_1RC1LA	theories/Machines/ListCStage/LCStage_03.v	R_NeverQH	4	0	184
1RB0LA_1LC1RA_0RC0LD_1RD0LB	nqh_1RB0LA_1LC1RA_0RC0LD_1RD0LB	theories/Machines/ListCStage/LCStage_03.v	R_NeverQH	4	0	223
1RB0LA_1RC0LC_1RD1LA_0LB0RB	nqh_1RB0LA_1RC0LC_1RD1LA_0LB0RB	theories/Machines/ListCStage/LCStage_03.v	R_NeverQH	4	0	197
1RB0LA_1RC0RA_1LD0RB_1LA0LC	nqh_1RB0LA_1RC0RA_1LD0RB_1LA0LC	theories/Machines/ListCStage/LCStage_03.v	R_NeverQH	2	0	84
1RB0LA_1RC1LA_1LD0RD_0RB0LB	nqh_1RB0LA_1RC1LA_1LD0RD_0RB0LB	theories/Machines/ListCStage/LCStage_03.v	R_NeverQH	4	0	631
1RB0LA_1RC1LC_0RD0LA_1LD0LB	nqh_1RB0LA_1RC1LC_0RD0LA_1LD0LB	theories/Machines/ListCStage/LCStage_03.v	R_NeverQH	4	0	222
1RB0LA_1RC1LC_1RD1LA_0LB0RB	nqh_1RB0LA_1RC1LC_1RD1LA_0LB0RB	theories/Machines/ListCStage/LCStage_03.v	R_NeverQH	4	0	260
1RB0LA_1RC1LC_1RD1LA_1LB0RB	nqh_1RB0LA_1RC1LC_1RD1LA_1LB0RB	theories/Machines/ListCStage/LCStage_03.v	R_NeverQH	4	0	224
1RB0LA_1RC1LD_1LD0RB_0LD1LA	nqh_1RB0LA_1RC1LD_1LD0RB_0LD1LA	theories/Machines/ListCStage/LCStage_03.v	R_NeverQH	4	0	645
1RB0LB_0LC0RC_1LA1RD_1LC0RD	nqh_1RB0LB_0LC0RC_1LA1RD_1LC0RD	theories/Machines/ListCStage/LCStage_03.v	R_NeverQH	4	0	650
1RB0LB_0LC0RD_1RC1LD_1RA0LA	nqh_1RB0LB_0LC0RD_1RC1LD_1RA0LA	theories/Machines/ListCStage/LCStage_03.v	R_NeverQH	4	0	403
1RB0LB_0RC0LD_1LC1RA_0RA0LC	nqh_1RB0LB_0RC0LD_1LC1RA_0RA0LC	theories/Machines/ListCStage/LCStage_03.v	R_NeverQH	4	0	394
1RB0LB_1LA0RC_0LD0RA_1LD1LA	nqh_1RB0LB_1LA0RC_0LD0RA_1LD1LA	theories/Machines/ListCStage/LCStage_03.v	R_NeverQH	4	0	115
1RB0LB_1LA0RC_0RD1LB_1LD0RC	nqh_1RB0LB_1LA0RC_0RD1LB_1LD0RC	theories/Machines/ListCStage/LCStage_03.v	R_NeverQH	4	64	249
1RB0LB_1LC0RB_0LD1RA_1RD0LC	nqh_1RB0LB_1LC0RB_0LD1RA_1RD0LC	theories/Machines/ListCStage/LCStage_04.v	R_NeverQH	4	0	578
1RB0LB_1LC0RD_0RC0LD_1LA1RD	nqh_1RB0LB_1LC0RD_0RC0LD_1LA1RD	theories/Machines/ListCStage/LCStage_04.v	R_NeverQH	4	0	482
1RB0LB_1LC0RD_1LA0LB_1RB0RA	nqh_1RB0LB_1LC0RD_1LA0LB_1RB0RA	theories/Machines/ListCStage/LCStage_04.v	R_NeverQH	2	0	52
1RB0LB_1LC0RD_1LA0LB_1RB0RD	nqh_1RB0LB_1LC0RD_1LA0LB_1RB0RD	theories/Machines/ListCStage/LCStage_04.v	R_NeverQH	2	0	51
1RB0LB_1LC1RC_1LA1RD_1LB0RD	nqh_1RB0LB_1LC1RC_1LA1RD_1LB0RD	theories/Machines/ListCStage/LCStage_04.v	R_NeverQH	4	0	245
1RB0LB_1RC0LC_0LD0RA_1RD1LA	nqh_1RB0LB_1RC0LC_0LD0RA_1RD1LA	theories/Machines/ListCStage/LCStage_04.v	R_NeverQH	4	0	398
1RB0LB_1RC0RC_0LD0RA_1LD1LA	nqh_1RB0LB_1RC0RC_0LD0RA_1LD1LA	theories/Machines/ListCStage/LCStage_04.v	R_NeverQH	4	0	147
1RB0LB_1RC1LA_0RD1LB_1LD0RC	nqh_1RB0LB_1RC1LA_0RD1LB_1LD0RC	theories/Machines/ListCStage/LCStage_04.v	R_NeverQH	4	0	251
1RB0LB_1RC1LB_0LD0RC_1RD1LA	nqh_1RB0LB_1RC1LB_0LD0RC_1RD1LA	theories/Machines/ListCStage/LCStage_04.v	R_NeverQH	4	0	313
1RB0LB_1RC1LB_0RD1LA_1LD0RC	nqh_1RB0LB_1RC1LB_0RD1LA_1LD0RC	theories/Machines/ListCStage/LCStage_04.v	R_NeverQH	4	0	679
1RB0LB_1RC1LB_1LA0RD_0RB1RA	nqh_1RB0LB_1RC1LB_1LA0RD_0RB1RA	theories/Machines/ListCStage/LCStage_04.v	R_NeverQH	4	0	505
1RB0LC_0LB1LA_1RD1LC_0RB0RD	nqh_1RB0LC_0LB1LA_1RD1LC_0RB0RD	theories/Machines/ListCStage/LCStage_04.v	R_NeverQH	4	0	306
1RB0LC_0RC0RD_1LB0LD_1LA1RD	nqh_1RB0LC_0RC0RD_1LB0LD_1LA1RD	theories/Machines/ListCStage/LCStage_04.v	R_NeverQH	4	0	380
1RB0LC_1LA0RA_0LD1RA_1RD0LC	nqh_1RB0LC_1LA0RA_0LD1RA_1RD0LC	theories/Machines/ListCStage/LCStage_04.v	R_NeverQH	4	0	324
1RB0LC_1LA0RA_0RD0LB_1RD1RB	nqh_1RB0LC_1LA0RA_0RD0LB_1RD1RB	theories/Machines/ListCStage/LCStage_04.v	R_NeverQH	4	0	114
1RB0LC_1LA0RD_0RA1LD_1RA1LC	nqh_1RB0LC_1LA0RD_0RA1LD_1RA1LC	theories/Machines/ListCStage/LCStage_04.v	R_NeverQH	4	0	73
1RB0LC_1LA0RD_1LB1RD_0LB1RC	nqh_1RB0LC_1LA0RD_1LB1RD_0LB1RC	theories/Machines/ListCStage/LCStage_04.v	R_NeverQH	4	0	72
1RB0LC_1LC0RA_0RD0LB_1LB1RD	nqh_1RB0LC_1LC0RA_0RD0LB_1LB1RD	theories/Machines/ListCStage/LCStage_04.v	R_NeverQH	2	0	97
1RB0LC_1LC0RD_1LD0LB_1RB1RA	nqh_1RB0LC_1LC0RD_1LD0LB_1RB1RA	theories/Machines/ListCStage/LCStage_04.v	R_NeverQH	2	0	70
1RB0LC_1LC0RD_1RD1LA_0RC0LA	nqh_1RB0LC_1LC0RD_1RD1LA_0RC0LA	theories/Machines/ListCStage/LCStage_04.v	R_NeverQH	4	0	191
1RB0LC_1LC0RD_1RD1LA_0RC1LC	nqh_1RB0LC_1LC0RD_1RD1LA_0RC1LC	theories/Machines/ListCStage/LCStage_04.v	R_NeverQH	4	0	191
1RB0LC_1LC1RD_0LB1RB_1LA0RB	nqh_1RB0LC_1LC1RD_0LB1RB_1LA0RB	theories/Machines/ListCStage/LCStage_04.v	R_NeverQH	4	0	192
1RB0LC_1LC1RD_1LB1RB_0RB0LA	nqh_1RB0LC_1LC1RD_1LB1RB_0RB0LA	theories/Machines/ListCStage/LCStage_04.v	R_NeverQH	4	0	196
1RB0LC_1RC0LB_1LA0RD_1LB1RD	nqh_1RB0LC_1RC0LB_1LA0RD_1LB1RD	theories/Machines/ListCStage/LCStage_04.v	R_NeverQH	4	0	281
1RB0LC_1RC0RA_1LA0LD_0LB0LA	nqh_1RB0LC_1RC0RA_1LA0LD_0LB0LA	theories/Machines/ListCStage/LCStage_04.v	R_NeverQH	2	0	69
1RB0LC_1RC0RA_1LA0LD_0LB0LB	nqh_1RB0LC_1RC0RA_1LA0LD_0LB0LB	theories/Machines/ListCStage/LCStage_04.v	R_NeverQH	2	0	58
1RB0LC_1RC0RA_1LA0LD_0LB0RB	nqh_1RB0LC_1RC0RA_1LA0LD_0LB0RB	theories/Machines/ListCStage/LCStage_04.v	R_NeverQH	2	0	72
1RB0LC_1RC0RA_1LA0LD_0LB1LD	nqh_1RB0LC_1RC0RA_1LA0LD_0LB1LD	theories/Machines/ListCStage/LCStage_04.v	R_NeverQH	2	0	83
1RB0LC_1RC0RA_1LA0LD_1LA0RC	nqh_1RB0LC_1RC0RA_1LA0LD_1LA0RC	theories/Machines/ListCStage/LCStage_04.v	R_NeverQH	2	0	60
1RB0LC_1RC0RA_1LA0LD_1LA0RD	nqh_1RB0LC_1RC0RA_1LA0LD_1LA0RD	theories/Machines/ListCStage/LCStage_04.v	R_NeverQH	2	0	60
1RB0LC_1RC0RA_1LA0LD_1LC0LA	nqh_1RB0LC_1RC0RA_1LA0LD_1LC0LA	theories/Machines/ListCStage/LCStage_04.v	R_NeverQH	2	0	82
1RB0LC_1RC0RA_1LA0LD_1LC0LB	nqh_1RB0LC_1RC0RA_1LA0LD_1LC0LB	theories/Machines/ListCStage/LCStage_04.v	R_NeverQH	2	0	76
1RB0LC_1RC0RA_1LA0LD_1LC1RB	nqh_1RB0LC_1RC0RA_1LA0LD_1LC1RB	theories/Machines/ListCStage/LCStage_04.v	R_NeverQH	2	0	74
1RB0LC_1RC0RA_1LA1LD_0LA1RB	nqh_1RB0LC_1RC0RA_1LA1LD_0LA1RB	theories/Machines/ListCStage/LCStage_04.v	R_NeverQH	2	0	67
1RB0LC_1RC0RA_1LA1LD_0RA1RB	nqh_1RB0LC_1RC0RA_1LA1LD_0RA1RB	theories/Machines/ListCStage/LCStage_04.v	R_NeverQH	2	0	58
1RB0LC_1RC0RA_1LA1LD_1LA0LB	nqh_1RB0LC_1RC0RA_1LA1LD_1LA0LB	theories/Machines/ListCStage/LCStage_04.v	R_NeverQH	2	0	65
1RB0LC_1RC0RA_1LA1LD_1LA0RB	nqh_1RB0LC_1RC0RA_1LA1LD_1LA0RB	theories/Machines/ListCStage/LCStage_04.v	R_NeverQH	2	0	69
1RB0LC_1RC0RB_1LD0RB_1LA0LC	nqh_1RB0LC_1RC0RB_1LD0RB_1LA0LC	theories/Machines/ListCStage/LCStage_04.v	R_NeverQH	2	0	60
1RB0LC_1RC0RD_1LA0LB_0RA---	nqh_1RB0LC_1RC0RD_1LA0LB_0RAXXX	theories/Machines/ListCStage/LCStage_04.v	R_NeverQH	4	0	199
1RB0LD_0LC0RA_0LD1LC_1LA0LA	nqh_1RB0LD_0LC0RA_0LD1LC_1LA0LA	theories/Machines/ListCStage/LCStage_04.v	R_NeverQH	2	0	70
1RB0LD_0LC0RA_1LD1LC_1LA0LA	nqh_1RB0LD_0LC0RA_1LD1LC_1LA0LA	theories/Machines/ListCStage/LCStage_04.v	R_NeverQH	2	0	96
1RB0LD_0LC0RA_1LD1LC_1LA0LB	nqh_1RB0LD_0LC0RA_1LD1LC_1LA0LB	theories/Machines/ListCStage/LCStage_04.v	R_NeverQH	2	0	96
1RB0LD_0LC0RA_1RA1LC_1LA0RB	nqh_1RB0LD_0LC0RA_1RA1LC_1LA0RB	theories/Machines/ListCStage/LCStage_04.v	R_NeverQH	2	0	97
1RB0LD_0LC0RA_1RA1LC_1LA1RA	nqh_1RB0LD_0LC0RA_1RA1LC_1LA1RA	theories/Machines/ListCStage/LCStage_04.v	R_NeverQH	2	0	81
1RB0LD_0LC0RC_0RB1LD_1RC1LA	nqh_1RB0LD_0LC0RC_0RB1LD_1RC1LA	theories/Machines/ListCStage/LCStage_04.v	R_NeverQH	4	0	306
1RB0LD_0LC0RC_0RD1LD_1RC1LA	nqh_1RB0LD_0LC0RC_0RD1LD_1RC1LA	theories/Machines/ListCStage/LCStage_04.v	R_NeverQH	4	0	194
1RB0LD_0LC0RC_1RC1LD_1LA0RB	nqh_1RB0LD_0LC0RC_1RC1LD_1LA0RB	theories/Machines/ListCStage/LCStage_04.v	R_NeverQH	4	0	314
1RB0LD_0LC1RA_0LD1LC_0RA1LA	nqh_1RB0LD_0LC1RA_0LD1LC_0RA1LA	theories/Machines/ListCStage/LCStage_04.v	R_NeverQH	2	0	46
1RB0LD_0LC1RA_0LD1LC_0RD1LA	nqh_1RB0LD_0LC1RA_0LD1LC_0RD1LA	theories/Machines/ListCStage/LCStage_04.v	R_NeverQH	3	0	118
1RB0LD_0LC1RA_0RB1LC_0RA1LA	nqh_1RB0LD_0LC1RA_0RB1LC_0RA1LA	theories/Machines/ListCStage/LCStage_04.v	R_NeverQH	2	0	58
1RB0LD_0LC1RA_0RB1LC_0RD1LA	nqh_1RB0LD_0LC1RA_0RB1LC_0RD1LA	theories/Machines/ListCStage/LCStage_05.v	R_NeverQH	3	0	126
1RB0LD_0LC1RA_0RD1LC_0RA1LA	nqh_1RB0LD_0LC1RA_0RD1LC_0RA1LA	theories/Machines/ListCStage/LCStage_05.v	R_NeverQH	2	0	49
1RB0LD_0LC1RA_0RD1LC_0RD1LA	nqh_1RB0LD_0LC1RA_0RD1LC_0RD1LA	theories/Machines/ListCStage/LCStage_05.v	R_NeverQH	3	0	103
1RB0LD_0LC1RA_1LA1LC_0RA1LA	nqh_1RB0LD_0LC1RA_1LA1LC_0RA1LA	theories/Machines/ListCStage/LCStage_05.v	R_NeverQH	2	0	46
1RB0LD_0LC1RA_1LA1LC_0RD1LA	nqh_1RB0LD_0LC1RA_1LA1LC_0RD1LA	theories/Machines/ListCStage/LCStage_05.v	R_NeverQH	3	0	111
1RB0LD_0LC1RA_1LD1LC_0RA1LA	nqh_1RB0LD_0LC1RA_1LD1LC_0RA1LA	theories/Machines/ListCStage/LCStage_05.v	R_NeverQH	2	0	48
1RB0LD_0LC1RA_1LD1LC_0RD1LA	nqh_1RB0LD_0LC1RA_1LD1LC_0RD1LA	theories/Machines/ListCStage/LCStage_05.v	R_NeverQH	3	0	117
1RB0LD_0LC1RA_1RA1LC_0RA1LA	nqh_1RB0LD_0LC1RA_1RA1LC_0RA1LA	theories/Machines/ListCStage/LCStage_05.v	R_NeverQH	2	0	50
1RB0LD_0LC1RA_1RA1LC_0RD1LA	nqh_1RB0LD_0LC1RA_1RA1LC_0RD1LA	theories/Machines/ListCStage/LCStage_05.v	R_NeverQH	3	0	99
1RB0LD_0LC1RA_1RB1LC_0RA1LA	nqh_1RB0LD_0LC1RA_1RB1LC_0RA1LA	theories/Machines/ListCStage/LCStage_05.v	R_NeverQH	2	0	46
1RB0LD_0LC1RA_1RB1LC_0RD1LA	nqh_1RB0LD_0LC1RA_1RB1LC_0RD1LA	theories/Machines/ListCStage/LCStage_05.v	R_NeverQH	3	0	100
1RB0LD_0LC1RA_1RD1LC_0RA1LA	nqh_1RB0LD_0LC1RA_1RD1LC_0RA1LA	theories/Machines/ListCStage/LCStage_05.v	R_NeverQH	2	0	49
1RB0LD_0LC1RA_1RD1LC_0RD1LA	nqh_1RB0LD_0LC1RA_1RD1LC_0RD1LA	theories/Machines/ListCStage/LCStage_05.v	R_NeverQH	3	0	121
1RB0LD_0LC1RC_0RB1LD_1LA0RC	nqh_1RB0LD_0LC1RC_0RB1LD_1LA0RC	theories/Machines/ListCStage/LCStage_05.v	R_NeverQH	4	0	306
1RB0LD_0LC1RC_0RB1LD_1LA1LA	nqh_1RB0LD_0LC1RC_0RB1LD_1LA1LA	theories/Machines/ListCStage/LCStage_05.v	R_NeverQH	4	0	134
1RB0LD_0LC1RC_0RB1LD_1LC1LA	nqh_1RB0LD_0LC1RC_0RB1LD_1LC1LA	theories/Machines/ListCStage/LCStage_05.v	R_NeverQH	4	0	474
1RB0LD_0LC1RC_0RB1LD_1RC1LA	nqh_1RB0LD_0LC1RC_0RB1LD_1RC1LA	theories/Machines/ListCStage/LCStage_05.v	R_NeverQH	4	0	156
1RB0LD_0RC0LC_1RD1RA_1LA0RC	nqh_1RB0LD_0RC0LC_1RD1RA_1LA0RC	theories/Machines/ListCStage/LCStage_05.v	R_NeverQH	2	0	65
1RB0LD_0RC0RA_1LC1LA_1LA0LD	nqh_1RB0LD_0RC0RA_1LC1LA_1LA0LD	theories/Machines/ListCStage/LCStage_05.v	R_NeverQH	2	0	64
1RB0LD_0RC0RB_1LC0LA_0RB1LA	nqh_1RB0LD_0RC0RB_1LC0LA_0RB1LA	theories/Machines/ListCStage/LCStage_05.v	R_NeverQH	4	0	265
1RB0LD_0RC0RB_1RD1RA_1LA0RC	nqh_1RB0LD_0RC0RB_1RD1RA_1LA0RC	theories/Machines/ListCStage/LCStage_05.v	R_NeverQH	2	0	77
1RB0LD_0RC1LD_1LC0RB_0LA0LD	nqh_1RB0LD_0RC1LD_1LC0RB_0LA0LD	theories/Machines/ListCStage/LCStage_05.v	R_NeverQH	4	0	647
1RB0LD_0RC1LD_1LC0RB_0LA1RD	nqh_1RB0LD_0RC1LD_1LC0RB_0LA1RD	theories/Machines/ListCStage/LCStage_05.v	R_NeverQH	4	0	679
1RB0LD_0RC1LD_1LC0RB_1LA1RC	nqh_1RB0LD_0RC1LD_1LC0RB_1LA1RC	theories/Machines/ListCStage/LCStage_05.v	R_NeverQH	4	0	548
1RB0LD_0RC1RA_1LC0RA_1LA0LD	nqh_1RB0LD_0RC1RA_1LC0RA_1LA0LD	theories/Machines/ListCStage/LCStage_05.v	R_NeverQH	2	0	68
1RB0LD_0RC1RB_1RD0RA_1LA0RC	nqh_1RB0LD_0RC1RB_1RD0RA_1LA0RC	theories/Machines/ListCStage/LCStage_05.v	R_NeverQH	2	0	57
1RB0LD_0RC1RB_1RD0RD_1LA0RC	nqh_1RB0LD_0RC1RB_1RD0RD_1LA0RC	theories/Machines/ListCStage/LCStage_05.v	R_NeverQH	2	0	63
1RB0LD_0RC1RB_1RD1RA_1LA0RC	nqh_1RB0LD_0RC1RB_1RD1RA_1LA0RC	theories/Machines/ListCStage/LCStage_05.v	R_NeverQH	2	0	57
1RB0LD_1LB0RC_0RB1LD_1RC1LA	nqh_1RB0LD_1LB0RC_0RB1LD_1RC1LA	theories/Machines/ListCStage/LCStage_05.v	R_NeverQH	4	0	306
1RB0LD_1LB0RC_0RD1LD_1RC1LA	nqh_1RB0LD_1LB0RC_0RD1LD_1RC1LA	theories/Machines/ListCStage/LCStage_05.v	R_NeverQH	4	0	195
1RB0LD_1LC0RA_0LD0LC_1LA1LB	nqh_1RB0LD_1LC0RA_0LD0LC_1LA1LB	theories/Machines/ListCStage/LCStage_05.v	R_NeverQH	2	0	75
1RB0LD_1LC0RA_0LD0RD_1LA1LB	nqh_1RB0LD_1LC0RA_0LD0RD_1LA1LB	theories/Machines/ListCStage/LCStage_05.v	R_NeverQH	2	0	63
1RB0LD_1LC0RA_0LD1LC_1LA0LA	nqh_1RB0LD_1LC0RA_0LD1LC_1LA0LA	theories/Machines/ListCStage/LCStage_05.v	R_NeverQH	2	0	60
1RB0LD_1LC0RA_0LD1LC_1LA0LB	nqh_1RB0LD_1LC0RA_0LD1LC_1LA0LB	theories/Machines/ListCStage/LCStage_05.v	R_NeverQH	2	0	57
1RB0LD_1LC0RA_0LD1LC_1LA1LB	nqh_1RB0LD_1LC0RA_0LD1LC_1LA1LB	theories/Machines/ListCStage/LCStage_05.v	R_NeverQH	2	0	55
1RB0LD_1LC0RA_1LA1RC_1LA1LB	nqh_1RB0LD_1LC0RA_1LA1RC_1LA1LB	theories/Machines/ListCStage/LCStage_05.v	R_NeverQH	2	0	71
1RB0LD_1LC0RA_1LD1LC_1LA0LB	nqh_1RB0LD_1LC0RA_1LD1LC_1LA0LB	theories/Machines/ListCStage/LCStage_05.v	R_NeverQH	2	0	78
1RB0LD_1LC0RA_1RD0LC_1LA0LA	nqh_1RB0LD_1LC0RA_1RD0LC_1LA0LA	theories/Machines/ListCStage/LCStage_05.v	R_NeverQH	2	0	77
1RB0LD_1LC0RA_1RD0LC_1LA1LC	nqh_1RB0LD_1LC0RA_1RD0LC_1LA1LC	theories/Machines/ListCStage/LCStage_05.v	R_NeverQH	2	0	70
1RB0LD_1LC0RB_1RD1RB_1LA0RC	nqh_1RB0LD_1LC0RB_1RD1RB_1LA0RC	theories/Machines/ListCStage/LCStage_05.v	R_NeverQH	2	0	70
1RB0LD_1LC0RC_0RB1LD_1RC1LA	nqh_1RB0LD_1LC0RC_0RB1LD_1RC1LA	theories/Machines/ListCStage/LCStage_05.v	R_NeverQH	4	0	306
1RB0LD_1LC0RC_0RD1LD_1RC1LA	nqh_1RB0LD_1LC0RC_0RD1LD_1RC1LA	theories/Machines/ListCStage/LCStage_05.v	R_NeverQH	4	0	194
1RB0LD_1LC0RC_1LA1RC_0LC1LB	nqh_1RB0LD_1LC0RC_1LA1RC_0LC1LB	theories/Machines/ListCStage/LCStage_05.v	R_NeverQH	4	0	502
1RB0LD_1LC0RC_1RA1LD_0RA1LC	nqh_1RB0LD_1LC0RC_1RA1LD_0RA1LC	theories/Machines/ListCStage/LCStage_05.v	R_NeverQH	4	0	76
1RB0LD_1LC0RC_1RC1LD_1LA0RB	nqh_1RB0LD_1LC0RC_1RC1LD_1LA0RB	theories/Machines/ListCStage/LCStage_05.v	R_NeverQH	4	0	838
1RB0LD_1LC0RD_1LD0LB_1RB0RA	nqh_1RB0LD_1LC0RD_1LD0LB_1RB0RA	theories/Machines/ListCStage/LCStage_05.v	R_NeverQH	2	0	59
1RB0LD_1LC1LD_0RA1LB_1RC0LD	nqh_1RB0LD_1LC1LD_0RA1LB_1RC0LD	theories/Machines/ListCStage/LCStage_05.v	R_NeverQH	4	0	198
1RB0LD_1LC1RA_0LD1LC_0RA1LA	nqh_1RB0LD_1LC1RA_0LD1LC_0RA1LA	theories/Machines/ListCStage/LCStage_05.v	R_NeverQH	2	0	40
1RB0LD_1LC1RA_0LD1LC_0RD1LA	nqh_1RB0LD_1LC1RA_0LD1LC_0RD1LA	theories/Machines/ListCStage/LCStage_05.v	R_NeverQH	3	0	107
1RB0LD_1LC1RA_0RA1LC_0RA1LA	nqh_1RB0LD_1LC1RA_0RA1LC_0RA1LA	theories/Machines/ListCStage/LCStage_05.v	R_NeverQH	2	0	41
1RB0LD_1LC1RA_0RA1LC_0RD1LA	nqh_1RB0LD_1LC1RA_0RA1LC_0RD1LA	theories/Machines/ListCStage/LCStage_06.v	R_NeverQH	3	0	109
1RB0LD_1LC1RA_0RB1LC_0RA1LA	nqh_1RB0LD_1LC1RA_0RB1LC_0RA1LA	theories/Machines/ListCStage/LCStage_06.v	R_NeverQH	2	0	46
1RB0LD_1LC1RA_0RB1LC_0RD1LA	nqh_1RB0LD_1LC1RA_0RB1LC_0RD1LA	theories/Machines/ListCStage/LCStage_06.v	R_NeverQH	3	0	94
1RB0LD_1LC1RA_0RD0LC_1RA1LA	nqh_1RB0LD_1LC1RA_0RD0LC_1RA1LA	theories/Machines/ListCStage/LCStage_06.v	R_NeverQH	2	0	54
1RB0LD_1LC1RA_0RD1LC_0RA1LA	nqh_1RB0LD_1LC1RA_0RD1LC_0RA1LA	theories/Machines/ListCStage/LCStage_06.v	R_NeverQH	2	0	42
1RB0LD_1LC1RA_0RD1LC_0RD1LA	nqh_1RB0LD_1LC1RA_0RD1LC_0RD1LA	theories/Machines/ListCStage/LCStage_06.v	R_NeverQH	3	0	104
1RB0LD_1LC1RA_1LA1LC_0RA1LA	nqh_1RB0LD_1LC1RA_1LA1LC_0RA1LA	theories/Machines/ListCStage/LCStage_06.v	R_NeverQH	2	0	40
1RB0LD_1LC1RA_1LA1LC_0RD1LA	nqh_1RB0LD_1LC1RA_1LA1LC_0RD1LA	theories/Machines/ListCStage/LCStage_06.v	R_NeverQH	3	0	90
1RB0LD_1LC1RA_1LD1LC_0RA1LA	nqh_1RB0LD_1LC1RA_1LD1LC_0RA1LA	theories/Machines/ListCStage/LCStage_06.v	R_NeverQH	2	0	42
1RB0LD_1LC1RA_1LD1LC_0RD1LA	nqh_1RB0LD_1LC1RA_1LD1LC_0RD1LA	theories/Machines/ListCStage/LCStage_06.v	R_NeverQH	3	0	93
1RB0LD_1LC1RA_1RA1LC_0RA1LA	nqh_1RB0LD_1LC1RA_1RA1LC_0RA1LA	theories/Machines/ListCStage/LCStage_06.v	R_NeverQH	2	0	41
1RB0LD_1LC1RA_1RA1LC_0RD1LA	nqh_1RB0LD_1LC1RA_1RA1LC_0RD1LA	theories/Machines/ListCStage/LCStage_06.v	R_NeverQH	3	0	86
1RB0LD_1LC1RA_1RB1LC_0RA1LA	nqh_1RB0LD_1LC1RA_1RB1LC_0RA1LA	theories/Machines/ListCStage/LCStage_06.v	R_NeverQH	2	0	40
1RB0LD_1LC1RA_1RB1LC_0RD1LA	nqh_1RB0LD_1LC1RA_1RB1LC_0RD1LA	theories/Machines/ListCStage/LCStage_06.v	R_NeverQH	3	0	98
1RB0LD_1LC1RA_1RD1LC_0RA1LA	nqh_1RB0LD_1LC1RA_1RD1LC_0RA1LA	theories/Machines/ListCStage/LCStage_06.v	R_NeverQH	2	0	43
1RB0LD_1LC1RA_1RD1LC_0RD1LA	nqh_1RB0LD_1LC1RA_1RD1LC_0RD1LA	theories/Machines/ListCStage/LCStage_06.v	R_NeverQH	3	0	113
1RB0LD_1LC1RC_0RB1LD_1LA0RC	nqh_1RB0LD_1LC1RC_0RB1LD_1LA0RC	theories/Machines/ListCStage/LCStage_06.v	R_NeverQH	4	0	306
1RB0LD_1LC1RC_0RB1LD_1LA1LA	nqh_1RB0LD_1LC1RC_0RB1LD_1LA1LA	theories/Machines/ListCStage/LCStage_06.v	R_NeverQH	4	0	134
1RB0LD_1LC1RC_0RB1LD_1LC1LA	nqh_1RB0LD_1LC1RC_0RB1LD_1LC1LA	theories/Machines/ListCStage/LCStage_06.v	R_NeverQH	4	0	338
1RB0LD_1LC1RC_0RB1LD_1RC1LA	nqh_1RB0LD_1LC1RC_0RB1LD_1RC1LA	theories/Machines/ListCStage/LCStage_06.v	R_NeverQH	4	0	156
1RB0LD_1LC1RC_0RB1LD_1RD1LA	nqh_1RB0LD_1LC1RC_0RB1LD_1RD1LA	theories/Machines/ListCStage/LCStage_06.v	R_NeverQH	4	0	140
1RB0LD_1RC0LA_1LA0RB_1LD1RB	nqh_1RB0LD_1RC0LA_1LA0RB_1LD1RB	theories/Machines/ListCStage/LCStage_06.v	R_NeverQH	4	0	611
1RB0LD_1RC0RA_1LA0RA_1LA0LC	nqh_1RB0LD_1RC0RA_1LA0RA_1LA0LC	theories/Machines/ListCStage/LCStage_06.v	R_NeverQH	2	0	52
1RB0LD_1RC0RA_1LA0RA_1LA0LD	nqh_1RB0LD_1RC0RA_1LA0RA_1LA0LD	theories/Machines/ListCStage/LCStage_06.v	R_NeverQH	2	0	51
1RB0LD_1RC0RA_1LD0LA_1LA1LC	nqh_1RB0LD_1RC0RA_1LD0LA_1LA1LC	theories/Machines/ListCStage/LCStage_06.v	R_NeverQH	2	0	89
1RB0LD_1RC0RA_1LD0RA_1LA0LD	nqh_1RB0LD_1RC0RA_1LD0RA_1LA0LD	theories/Machines/ListCStage/LCStage_06.v	R_NeverQH	2	0	53
1RB0LD_1RC0RA_1LD1RA_1LA0LA	nqh_1RB0LD_1RC0RA_1LD1RA_1LA0LA	theories/Machines/ListCStage/LCStage_06.v	R_NeverQH	2	0	70
1RB0LD_1RC0RA_1RD0LC_1LA1LC	nqh_1RB0LD_1RC0RA_1RD0LC_1LA1LC	theories/Machines/ListCStage/LCStage_06.v	R_NeverQH	2	0	73
1RB0LD_1RC0RB_0LC1LA_1RB1LD	nqh_1RB0LD_1RC0RB_0LC1LA_1RB1LD	theories/Machines/ListCStage/LCStage_06.v	R_NeverQH	4	0	283
1RB0LD_1RC0RC_1LA0RB_1LC1RB	nqh_1RB0LD_1RC0RC_1LA0RB_1LC1RB	theories/Machines/ListCStage/LCStage_06.v	R_NeverQH	4	0	243
1RB0LD_1RC0RC_1LA1RB_1LA1LD	nqh_1RB0LD_1RC0RC_1LA1RB_1LA1LD	theories/Machines/ListCStage/LCStage_06.v	R_NeverQH	4	0	425
1RB0LD_1RC1LB_0LD0RC_1RD1LA	nqh_1RB0LD_1RC1LB_0LD0RC_1RD1LA	theories/Machines/ListCStage/LCStage_06.v	R_NeverQH	4	0	247
1RB0LD_1RC1RA_1LD0RA_1LB1LA	nqh_1RB0LD_1RC1RA_1LD0RA_1LB1LA	theories/Machines/ListCStage/LCStage_06.v	R_NeverQH	2	0	73
1RB0LD_1RC1RA_1LD1RC_0RB1LA	nqh_1RB0LD_1RC1RA_1LD1RC_0RB1LA	theories/Machines/ListCStage/LCStage_06.v	R_NeverQH	2	0	50
1RB0LD_1RC1RB_1RD0RA_1LA0RC	nqh_1RB0LD_1RC1RB_1RD0RA_1LA0RC	theories/Machines/ListCStage/LCStage_06.v	R_NeverQH	2	0	78
1RB0LD_1RC1RD_1LA1LD_1LC0RB	nqh_1RB0LD_1RC1RD_1LA1LD_1LC0RB	theories/Machines/ListCStage/LCStage_06.v	R_NeverQH	2	0	79
1RB0RA_0LC0RA_1LD1LB_1LA1LB	nqh_1RB0RA_0LC0RA_1LD1LB_1LA1LB	theories/Machines/ListCStage/LCStage_06.v	R_NeverQH	2	0	58
1RB0RA_0LC0RA_1LD1LB_1LA1LC	nqh_1RB0RA_0LC0RA_1LD1LB_1LA1LC	theories/Machines/ListCStage/LCStage_06.v	R_NeverQH	2	0	74
1RB0RA_0RC0RB_1LD1RA_0LD1LA	nqh_1RB0RA_0RC0RB_1LD1RA_0LD1LA	theories/Machines/ListCStage/LCStage_06.v	R_NeverQH	4	0	271
1RB0RA_1LB0LC_1LA0LD_1RD1RC	nqh_1RB0RA_1LB0LC_1LA0LD_1RD1RC	theories/Machines/ListCStage/LCStage_06.v	R_NeverQH	4	0	319
1RB0RA_1LC0LD_1RC0LB_1RD0RA	nqh_1RB0RA_1LC0LD_1RC0LB_1RD0RA	theories/Machines/ListCStage/LCStage_06.v	R_NeverQH	4	0	461
1RB0RA_1LC0RA_0LD0LB_1RD1RB	nqh_1RB0RA_1LC0RA_0LD0LB_1RD1RB	theories/Machines/ListCStage/LCStage_06.v	R_NeverQH	2	0	63
1RB0RA_1LC0RA_1LD0LB_1RA0LB	nqh_1RB0RA_1LC0RA_1LD0LB_1RA0LB	theories/Machines/ListCStage/LCStage_06.v	R_NeverQH	2	0	52
1RB0RA_1LC0RA_1LD0LB_1RB0LB	nqh_1RB0RA_1LC0RA_1LD0LB_1RB0LB	theories/Machines/ListCStage/LCStage_06.v	R_NeverQH	2	0	50
1RB0RA_1LC0RB_0LA0LD_1LA1LC	nqh_1RB0RA_1LC0RB_0LA0LD_1LA1LC	theories/Machines/ListCStage/LCStage_06.v	R_NeverQH	4	0	289
1RB0RA_1LC1RA_0RC0LD_1RD0LB	nqh_1RB0RA_1LC1RA_0RC0LD_1RD0LB	theories/Machines/ListCStage/LCStage_06.v	R_NeverQH	4	0	677
1RB0RB_0LC0RD_1LC1LD_1RA0LA	nqh_1RB0RB_0LC0RD_1LC1LD_1RA0LA	theories/Machines/ListCStage/LCStage_06.v	R_NeverQH	4	0	150
1RB0RB_1LC0LB_0RD1RA_1LB1RD	nqh_1RB0RB_1LC0LB_0RD1RA_1LB1RD	theories/Machines/ListCStage/LCStage_06.v	R_NeverQH	4	0	269
1RB0RB_1LC0RA_0RD0LB_0RA1RD	nqh_1RB0RB_1LC0RA_0RD0LB_0RA1RD	theories/Machines/ListCStage/LCStage_06.v	R_NeverQH	2	0	70
1RB0RB_1LC0RA_0RD0LB_1RA1RD	nqh_1RB0RB_1LC0RA_0RD0LB_1RA1RD	theories/Machines/ListCStage/LCStage_06.v	R_NeverQH	2	0	96
1RB0RB_1LC0RA_1LD0LB_1RA1LB	nqh_1RB0RB_1LC0RA_1LD0LB_1RA1LB	theories/Machines/ListCStage/LCStage_07.v	R_NeverQH	2	0	70
1RB0RB_1LC0RA_1RD0LB_0RA1RD	nqh_1RB0RB_1LC0RA_1RD0LB_0RA1RD	theories/Machines/ListCStage/LCStage_07.v	R_NeverQH	2	0	60
1RB0RB_1LC0RA_1RD0LB_1LA0RD	nqh_1RB0RB_1LC0RA_1RD0LB_1LA0RD	theories/Machines/ListCStage/LCStage_07.v	R_NeverQH	2	0	77
1RB0RB_1LC0RC_1RA1LD_0LC1LA	nqh_1RB0RB_1LC0RC_1RA1LD_0LC1LA	theories/Machines/ListCStage/LCStage_07.v	R_NeverQH	4	64	304
1RB0RB_1LC1RA_1RA0LD_1LC1LD	nqh_1RB0RB_1LC1RA_1RA0LD_1LC1LD	theories/Machines/ListCStage/LCStage_07.v	R_NeverQH	4	0	424
1RB0RB_1LC1RB_0LD1RA_1RD0LC	nqh_1RB0RB_1LC1RB_0LD1RA_1RD0LC	theories/Machines/ListCStage/LCStage_07.v	R_NeverQH	4	0	698
1RB0RB_1LC1RC_1RA1LD_0LB0LC	nqh_1RB0RB_1LC1RC_1RA1LD_0LB0LC	theories/Machines/ListCStage/LCStage_07.v	R_NeverQH	4	0	158
1RB0RB_1LC1RC_1RA1LD_0RA0LC	nqh_1RB0RB_1LC1RC_1RA1LD_0RA0LC	theories/Machines/ListCStage/LCStage_07.v	R_NeverQH	4	0	219
1RB0RB_1LC1RC_1RA1LD_1LB0LC	nqh_1RB0RB_1LC1RC_1RA1LD_1LB0LC	theories/Machines/ListCStage/LCStage_07.v	R_NeverQH	4	64	179
1RB0RB_1LC1RC_1RA1LD_1RA0LC	nqh_1RB0RB_1LC1RC_1RA1LD_1RA0LC	theories/Machines/ListCStage/LCStage_07.v	R_NeverQH	4	0	167
1RB0RB_1LC1RD_0RB0LC_1RA1LD	nqh_1RB0RB_1LC1RD_0RB0LC_1RA1LD	theories/Machines/ListCStage/LCStage_07.v	R_NeverQH	2	0	89
1RB0RB_1RC1LB_1LD1RA_0RC0LD	nqh_1RB0RB_1RC1LB_1LD1RA_0RC0LD	theories/Machines/ListCStage/LCStage_07.v	R_NeverQH	2	0	105
1RB0RC_0RC1RA_1LD1RC_1LB0LD	nqh_1RB0RC_0RC1RA_1LD1RC_1LB0LD	theories/Machines/ListCStage/LCStage_07.v	R_NeverQH	4	0	283
1RB0RC_1LB0LC_0RD0LA_1RA0RB	nqh_1RB0RC_1LB0LC_0RD0LA_1RA0RB	theories/Machines/ListCStage/LCStage_07.v	R_NeverQH	4	0	339
1RB0RC_1LB1RA_1LD1RC_1LB0LD	nqh_1RB0RC_1LB1RA_1LD1RC_1LB0LD	theories/Machines/ListCStage/LCStage_07.v	R_NeverQH	4	0	283
1RB0RC_1LC0LB_0RD1RA_1LB1RD	nqh_1RB0RC_1LC0LB_0RD1RA_1LB1RD	theories/Machines/ListCStage/LCStage_07.v	R_NeverQH	4	0	239
1RB0RC_1LC0LB_1RD1RA_1LB1RC	nqh_1RB0RC_1LC0LB_1RD1RA_1LB1RC	theories/Machines/ListCStage/LCStage_07.v	R_NeverQH	4	0	649
1RB0RC_1LC0LB_1RD1RA_1LB1RD	nqh_1RB0RC_1LC0LB_1RD1RA_1LB1RD	theories/Machines/ListCStage/LCStage_07.v	R_NeverQH	4	0	245
1RB0RC_1LC0LD_1RA0LB_0LA0LA	nqh_1RB0RC_1LC0LD_1RA0LB_0LA0LA	theories/Machines/ListCStage/LCStage_07.v	R_NeverQH	2	0	58
1RB0RC_1LC0LD_1RA0LB_0LA0LC	nqh_1RB0RC_1LC0LD_1RA0LB_0LA0LC	theories/Machines/ListCStage/LCStage_07.v	R_NeverQH	2	0	69
1RB0RC_1LC0LD_1RA0LB_0LA0RA	nqh_1RB0RC_1LC0LD_1RA0LB_0LA0RA	theories/Machines/ListCStage/LCStage_07.v	R_NeverQH	2	0	72
1RB0RC_1LC0LD_1RA0LB_0LA0RB	nqh_1RB0RC_1LC0LD_1RA0LB_0LA0RB	theories/Machines/ListCStage/LCStage_07.v	R_NeverQH	2	0	66
1RB0RC_1LC0LD_1RA0LB_0LA1LC	nqh_1RB0RC_1LC0LD_1RA0LB_0LA1LC	theories/Machines/ListCStage/LCStage_07.v	R_NeverQH	2	0	58
1RB0RC_1LC0LD_1RA0LB_1LB0LA	nqh_1RB0RC_1LC0LD_1RA0LB_1LB0LA	theories/Machines/ListCStage/LCStage_07.v	R_NeverQH	2	0	76
1RB0RC_1LC0LD_1RA0LB_1LB0LC	nqh_1RB0RC_1LC0LD_1RA0LB_1LB0LC	theories/Machines/ListCStage/LCStage_07.v	R_NeverQH	2	0	83
1RB0RC_1LC0LD_1RA0LB_1LB1RA	nqh_1RB0RC_1LC0LD_1RA0LB_1LB1RA	theories/Machines/ListCStage/LCStage_07.v	R_NeverQH	2	0	74
1RB0RC_1LC0LD_1RA0LB_1LC0RB	nqh_1RB0RC_1LC0LD_1RA0LB_1LC0RB	theories/Machines/ListCStage/LCStage_07.v	R_NeverQH	2	0	60
1RB0RC_1LC0LD_1RA0LB_1LC0RD	nqh_1RB0RC_1LC0LD_1RA0LB_1LC0RD	theories/Machines/ListCStage/LCStage_07.v	R_NeverQH	2	0	60
1RB0RC_1LC0RA_0RD0LB_1RA1RD	nqh_1RB0RC_1LC0RA_0RD0LB_1RA1RD	theories/Machines/ListCStage/LCStage_07.v	R_NeverQH	2	0	97
1RB0RC_1LC0RA_1LA0LD_0LB---	nqh_1RB0RC_1LC0RA_1LA0LD_0LBXXX	theories/Machines/ListCStage/LCStage_07.v	R_NeverQH	4	0	198
1RB0RC_1LC0RA_1RD0LB_0RA1RD	nqh_1RB0RC_1LC0RA_1RD0LB_0RA1RD	theories/Machines/ListCStage/LCStage_07.v	R_NeverQH	2	0	58
1RB0RC_1LC0RA_1RD0LB_1RA1RD	nqh_1RB0RC_1LC0RA_1RD0LB_1RA1RD	theories/Machines/ListCStage/LCStage_07.v	R_NeverQH	2	0	79
1RB0RC_1LC0RB_1RA0LD_1LC1LB	nqh_1RB0RC_1LC0RB_1RA0LD_1LC1LB	theories/Machines/ListCStage/LCStage_07.v	R_NeverQH	2	0	71
1RB0RC_1LC0RC_1RA0LD_1LC0LB	nqh_1RB0RC_1LC0RC_1RA0LD_1LC0LB	theories/Machines/ListCStage/LCStage_07.v	R_NeverQH	2	0	54
1RB0RC_1LC0RC_1RA0LD_1LC0LD	nqh_1RB0RC_1LC0RC_1RA0LD_1LC0LD	theories/Machines/ListCStage/LCStage_07.v	R_NeverQH	2	0	53
1RB0RC_1LC0RD_1LD0LB_1RB1RA	nqh_1RB0RC_1LC0RD_1LD0LB_1RB1RA	theories/Machines/ListCStage/LCStage_07.v	R_NeverQH	2	0	65
1RB0RC_1LC1LD_1RA0LB_0LC1RA	nqh_1RB0RC_1LC1LD_1RA0LB_0LC1RA	theories/Machines/ListCStage/LCStage_07.v	R_NeverQH	2	0	67
1RB0RC_1LC1LD_1RA0LB_0RC1RA	nqh_1RB0RC_1LC1LD_1RA0LB_0RC1RA	theories/Machines/ListCStage/LCStage_07.v	R_NeverQH	2	0	58
1RB0RC_1LC1LD_1RA0LB_1LC0LA	nqh_1RB0RC_1LC1LD_1RA0LB_1LC0LA	theories/Machines/ListCStage/LCStage_07.v	R_NeverQH	2	0	65
1RB0RC_1LC1LD_1RA0LB_1LC0RA	nqh_1RB0RC_1LC1LD_1RA0LB_1LC0RA	theories/Machines/ListCStage/LCStage_07.v	R_NeverQH	2	0	70
1RB0RC_1LC1LD_1RA0LB_1LD1RA	nqh_1RB0RC_1LC1LD_1RA0LB_1LD1RA	theories/Machines/ListCStage/LCStage_07.v	R_NeverQH	4	0	106
1RB0RC_1LC1RA_1RA0LD_1LC1LA	nqh_1RB0RC_1LC1RA_1RA0LD_1LC1LA	theories/Machines/ListCStage/LCStage_07.v	R_NeverQH	2	0	63
1RB0RC_1RC0RA_1LD0RB_1LB0LC	nqh_1RB0RC_1RC0RA_1LD0RB_1LB0LC	theories/Machines/ListCStage/LCStage_07.v	R_NeverQH	2	0	82
1RB0RC_1RC0RD_1LC0LD_0RA0LB	nqh_1RB0RC_1RC0RD_1LC0LD_0RA0LB	theories/Machines/ListCStage/LCStage_07.v	R_NeverQH	4	0	336
1RB0RC_1RC1LB_1LD1RA_0LD0LC	nqh_1RB0RC_1RC1LB_1LD1RA_0LD0LC	theories/Machines/ListCStage/LCStage_07.v	R_NeverQH	4	0	503
1RB0RC_1RC1LB_1LD1RA_0RB0LD	nqh_1RB0RC_1RC1LB_1LD1RA_0RB0LD	theories/Machines/ListCStage/LCStage_07.v	R_NeverQH	2	0	96
1RB0RC_1RC1LB_1LD1RA_0RC0LD	nqh_1RB0RC_1RC1LB_1LD1RA_0RC0LD	theories/Machines/ListCStage/LCStage_07.v	R_NeverQH	2	0	78
1RB0RC_1RC1LC_1LD1RA_1LB0LB	nqh_1RB0RC_1RC1LC_1LD1RA_1LB0LB	theories/Machines/ListCStage/LCStage_07.v	R_NeverQH	4	64	179
1RB0RC_1RC1RA_1LD0RB_1LA0LC	nqh_1RB0RC_1RC1RA_1LD0RB_1LA0LC	theories/Machines/ListCStage/LCStage_07.v	R_NeverQH	2	0	91
1RB0RD_0RC0LB_1LC1RA_1LB1RD	nqh_1RB0RD_0RC0LB_1LC1RA_1LB1RD	theories/Machines/ListCStage/LCStage_07.v	R_NeverQH	4	0	269
1RB0RD_0RC1RA_1LB0LC_1LC1RD	nqh_1RB0RD_0RC1RA_1LB0LC_1LC1RD	theories/Machines/ListCStage/LCStage_08.v	R_NeverQH	4	0	289
1RB0RD_0RC1RA_1LD1RC_1LB0LD	nqh_1RB0RD_0RC1RA_1LD1RC_1LB0LD	theories/Machines/ListCStage/LCStage_08.v	R_NeverQH	4	0	280
1RB0RD_1LC0LA_1RA0LB_0RC---	nqh_1RB0RD_1LC0LA_1RA0LB_0RCXXX	theories/Machines/ListCStage/LCStage_08.v	R_NeverQH	4	0	205
1RB0RD_1LC0LB_---1RA_1LB1RD	nqh_1RB0RD_1LC0LB_XXX1RA_1LB1RD	theories/Machines/ListCStage/LCStage_08.v	R_NeverQH	4	0	281
1RB0RD_1LC0LB_1LA1RC_1LB1RD	nqh_1RB0RD_1LC0LB_1LA1RC_1LB1RD	theories/Machines/ListCStage/LCStage_08.v	R_NeverQH	4	0	269
1RB0RD_1LC0LB_1LB1RA_0RB1RD	nqh_1RB0RD_1LC0LB_1LB1RA_0RB1RD	theories/Machines/ListCStage/LCStage_08.v	R_NeverQH	4	0	524
1RB0RD_1LC0LB_1LD1LA_1RA0LC	nqh_1RB0RD_1LC0LB_1LD1LA_1RA0LC	theories/Machines/ListCStage/LCStage_08.v	R_NeverQH	2	0	87
1RB0RD_1LC0LB_1RD1RA_1LB1RC	nqh_1RB0RD_1LC0LB_1RD1RA_1LB1RC	theories/Machines/ListCStage/LCStage_08.v	R_NeverQH	4	0	496
1RB0RD_1LC0LD_1LD1LB_1RA0LC	nqh_1RB0RD_1LC0LD_1LD1LB_1RA0LC	theories/Machines/ListCStage/LCStage_08.v	R_NeverQH	2	0	93
1RB0RD_1LC0RA_1LA0LB_0RC0LA	nqh_1RB0RD_1LC0RA_1LA0LB_0RC0LA	theories/Machines/ListCStage/LCStage_08.v	R_NeverQH	2	0	66
1RB0RD_1LC0RA_1LA0LB_0RC0LC	nqh_1RB0RD_1LC0RA_1LA0LB_0RC0LC	theories/Machines/ListCStage/LCStage_08.v	R_NeverQH	2	0	73
1RB0RD_1LC0RA_1LA0LB_0RC0RB	nqh_1RB0RD_1LC0RA_1LA0LB_0RC0RB	theories/Machines/ListCStage/LCStage_08.v	R_NeverQH	2	0	69
1RB0RD_1LC0RA_1LA0LB_0RC0RC	nqh_1RB0RD_1LC0RA_1LA0LB_0RC0RC	theories/Machines/ListCStage/LCStage_08.v	R_NeverQH	2	0	59
1RB0RD_1LC0RA_1LA0LB_0RC1RB	nqh_1RB0RD_1LC0RA_1LA0LB_0RC1RB	theories/Machines/ListCStage/LCStage_08.v	R_NeverQH	2	0	59
1RB0RD_1LC0RA_1LA0LB_0RC1RD	nqh_1RB0RD_1LC0RA_1LA0LB_0RC1RD	theories/Machines/ListCStage/LCStage_08.v	R_NeverQH	2	0	84
1RB0RD_1LC0RA_1LA0LB_1RA0RB	nqh_1RB0RD_1LC0RA_1LA0LB_1RA0RB	theories/Machines/ListCStage/LCStage_08.v	R_NeverQH	2	0	82
1RB0RD_1LC0RA_1LA0LB_1RA0RC	nqh_1RB0RD_1LC0RA_1LA0LB_1RA0RC	theories/Machines/ListCStage/LCStage_08.v	R_NeverQH	2	0	77
1RB0RD_1LC0RA_1LA0LB_1RA1LC	nqh_1RB0RD_1LC0RA_1LA0LB_1RA1LC	theories/Machines/ListCStage/LCStage_08.v	R_NeverQH	2	0	74
1RB0RD_1LC0RA_1LA0LB_1RB0LA	nqh_1RB0RD_1LC0RA_1LA0LB_1RB0LA	theories/Machines/ListCStage/LCStage_08.v	R_NeverQH	2	0	59
1RB0RD_1LC0RA_1LA0LB_1RB0LD	nqh_1RB0RD_1LC0RA_1LA0LB_1RB0LD	theories/Machines/ListCStage/LCStage_08.v	R_NeverQH	2	0	60
1RB0RD_1LC0RA_1LD0LB_1RA0LD	nqh_1RB0RD_1LC0RA_1LD0LB_1RA0LD	theories/Machines/ListCStage/LCStage_08.v	R_NeverQH	2	0	85
1RB0RD_1LC0RA_1LD0LB_1RB0LB	nqh_1RB0RD_1LC0RA_1LD0LB_1RB0LB	theories/Machines/ListCStage/LCStage_08.v	R_NeverQH	2	0	53
1RB0RD_1LC0RB_1LD0LB_1RA0LC	nqh_1RB0RD_1LC0RB_1LD0LB_1RA0LC	theories/Machines/ListCStage/LCStage_08.v	R_NeverQH	2	0	85
1RB0RD_1LC0RD_1LD0LC_1RA0LC	nqh_1RB0RD_1LC0RD_1LD0LC_1RA0LC	theories/Machines/ListCStage/LCStage_08.v	R_NeverQH	2	0	57
1RB0RD_1LC1LB_1RD1RC_0LB0RA	nqh_1RB0RD_1LC1LB_1RD1RC_0LB0RA	theories/Machines/ListCStage/LCStage_08.v	R_NeverQH	2	0	55
1RB0RD_1LC1RD_1LA0LC_1RA1LD	nqh_1RB0RD_1LC1RD_1LA0LC_1RA1LD	theories/Machines/ListCStage/LCStage_08.v	R_NeverQH	2	0	80
1RB0RD_1LC1RD_1LD0LD_1RA0LC	nqh_1RB0RD_1LC1RD_1LD0LD_1RA0LC	theories/Machines/ListCStage/LCStage_08.v	R_NeverQH	2	0	77
1RB0RD_1RC0LB_1LD1LB_1RA0LC	nqh_1RB0RD_1RC0LB_1LD1LB_1RA0LC	theories/Machines/ListCStage/LCStage_08.v	R_NeverQH	2	0	73
1RB0RD_1RC0RA_1LD0RB_1LB0LC	nqh_1RB0RD_1RC0RA_1LD0RB_1LB0LC	theories/Machines/ListCStage/LCStage_08.v	R_NeverQH	2	0	76
1RB0RD_1RC1LB_1LD1RA_0RB0LB	nqh_1RB0RD_1RC1LB_1LD1RA_0RB0LB	theories/Machines/ListCStage/LCStage_08.v	R_NeverQH	4	0	327
1RB1LA_0LA0RC_0RD0RB_0LD1LB	nqh_1RB1LA_0LA0RC_0RD0RB_0LD1LB	theories/Machines/ListCStage/LCStage_08.v	R_NeverQH	4	0	293
1RB1LA_0LA0RC_0RD0RC_0LD1LB	nqh_1RB1LA_0LA0RC_0RD0RC_0LD1LB	theories/Machines/ListCStage/LCStage_08.v	R_NeverQH	4	0	290
1RB1LA_0LA0RC_0RD1RB_1LD1LB	nqh_1RB1LA_0LA0RC_0RD1RB_1LD1LB	theories/Machines/ListCStage/LCStage_08.v	R_NeverQH	3	0	161
1RB1LA_0LA1RC_0RD0RC_0LD1LB	nqh_1RB1LA_0LA1RC_0RD0RC_0LD1LB	theories/Machines/ListCStage/LCStage_08.v	R_NeverQH	4	0	227
1RB1LA_0LA1RC_1RB0LD_0RC1LC	nqh_1RB1LA_0LA1RC_1RB0LD_0RC1LC	theories/Machines/ListCStage/LCStage_08.v	R_NeverQH	2	0	46
1RB1LA_0LA1RC_1RB0LD_0RD1LC	nqh_1RB1LA_0LA1RC_1RB0LD_0RD1LC	theories/Machines/ListCStage/LCStage_08.v	R_NeverQH	3	0	100
1RB1LA_0LC0RB_1RC1LD_0LB0LA	nqh_1RB1LA_0LC0RB_1RC1LD_0LB0LA	theories/Machines/ListCStage/LCStage_08.v	R_NeverQH	4	0	300
1RB1LA_0LC0RB_1RC1LD_0LC0LA	nqh_1RB1LA_0LC0RB_1RC1LD_0LC0LA	theories/Machines/ListCStage/LCStage_08.v	R_NeverQH	4	0	276
1RB1LA_0LC1RD_1LA1LD_1LC0RB	nqh_1RB1LA_0LC1RD_1LA1LD_1LC0RB	theories/Machines/ListCStage/LCStage_08.v	R_NeverQH	2	0	55
1RB1LA_0RC0LC_1LD0LA_1LD1LB	nqh_1RB1LA_0RC0LC_1LD0LA_1LD1LB	theories/Machines/ListCStage/LCStage_08.v	R_NeverQH	4	0	202
1RB1LA_0RC0RB_0LC1LD_0LA---	nqh_1RB1LA_0RC0RB_0LC1LD_0LAXXX	theories/Machines/ListCStage/LCStage_08.v	R_NeverQH	4	0	285
1RB1LA_0RC0RB_0LC1LD_1RC0LA	nqh_1RB1LA_0RC0RB_0LC1LD_1RC0LA	theories/Machines/ListCStage/LCStage_08.v	R_NeverQH	4	0	309
1RB1LA_0RC0RB_0LD0LA_1LC---	nqh_1RB1LA_0RC0RB_0LD0LA_1LCXXX	theories/Machines/ListCStage/LCStage_08.v	R_NeverQH	4	0	316
1RB1LA_0RC0RB_0LD0LA_1LD0LA	nqh_1RB1LA_0RC0RB_0LD0LA_1LD0LA	theories/Machines/ListCStage/LCStage_08.v	R_NeverQH	4	0	316
1RB1LA_0RC0RB_0LD0LA_1LD1RC	nqh_1RB1LA_0RC0RB_0LD0LA_1LD1RC	theories/Machines/ListCStage/LCStage_08.v	R_NeverQH	4	0	340
1RB1LA_0RC0RB_0LD0LA_1RC1LC	nqh_1RB1LA_0RC0RB_0LD0LA_1RC1LC	theories/Machines/ListCStage/LCStage_08.v	R_NeverQH	4	0	328
1RB1LA_0RC0RB_0LD1RC_1LD0LA	nqh_1RB1LA_0RC0RB_0LD1RC_1LD0LA	theories/Machines/ListCStage/LCStage_08.v	R_NeverQH	4	0	328
1RB1LA_0RC0RB_0RD0LA_1LC0LD	nqh_1RB1LA_0RC0RB_0RD0LA_1LC0LD	theories/Machines/ListCStage/LCStage_08.v	R_NeverQH	4	0	340
1RB1LA_0RC0RD_0LC1LD_0LA0RB	nqh_1RB1LA_0RC0RD_0LC1LD_0LA0RB	theories/Machines/ListCStage/LCStage_08.v	R_NeverQH	4	0	285
1RB1LA_0RC1LC_1RD0LB_0LA1RC	nqh_1RB1LA_0RC1LC_1RD0LB_0LA1RC	theories/Machines/ListCStage/LCStage_08.v	R_NeverQH	2	0	77
1RB1LA_0RC1LC_1RD0LB_1LA1RC	nqh_1RB1LA_0RC1LC_1RD0LB_1LA1RC	theories/Machines/ListCStage/LCStage_09.v	R_NeverQH	2	0	65
1RB1LA_0RC1LD_1LC0RB_0LA1LD	nqh_1RB1LA_0RC1LD_1LC0RB_0LA1LD	theories/Machines/ListCStage/LCStage_09.v	R_NeverQH	4	0	569
1RB1LA_0RC1LD_1LC0RB_1LA0LA	nqh_1RB1LA_0RC1LD_1LC0RB_1LA0LA	theories/Machines/ListCStage/LCStage_09.v	R_NeverQH	4	0	649
1RB1LA_0RC1LD_1LC0RB_1RA0LA	nqh_1RB1LA_0RC1LD_1LC0RB_1RA0LA	theories/Machines/ListCStage/LCStage_09.v	R_NeverQH	4	0	673
1RB1LA_1LA1RC_1RB0LD_0RC1LC	nqh_1RB1LA_1LA1RC_1RB0LD_0RC1LC	theories/Machines/ListCStage/LCStage_09.v	R_NeverQH	2	0	40
1RB1LA_1LA1RC_1RB0LD_0RD1LC	nqh_1RB1LA_1LA1RC_1RB0LD_0RD1LC	theories/Machines/ListCStage/LCStage_09.v	R_NeverQH	3	0	98
1RB1LA_1LC0LD_1RC0LB_1RD0RA	nqh_1RB1LA_1LC0LD_1RC0LB_1RD0RA	theories/Machines/ListCStage/LCStage_09.v	R_NeverQH	4	0	466
1RB1LA_1LC1LD_0RD0LC_1RA1RD	nqh_1RB1LA_1LC1LD_0RD0LC_1RA1RD	theories/Machines/ListCStage/LCStage_09.v	R_NeverQH	2	0	60
1RB1LA_1LC1RD_0RB0LC_1RA1RB	nqh_1RB1LA_1LC1RD_0RB0LC_1RA1RB	theories/Machines/ListCStage/LCStage_09.v	R_NeverQH	2	0	64
1RB1LA_1LC1RD_0RD0LC_1RA0RD	nqh_1RB1LA_1LC1RD_0RD0LC_1RA0RD	theories/Machines/ListCStage/LCStage_09.v	R_NeverQH	2	0	81
1RB1LA_1LC1RD_0RD0LC_1RA1RB	nqh_1RB1LA_1LC1RD_0RD0LC_1RA1RB	theories/Machines/ListCStage/LCStage_09.v	R_NeverQH	2	0	57
1RB1LA_1LC1RD_0RD0LC_1RA1RD	nqh_1RB1LA_1LC1RD_0RD0LC_1RA1RD	theories/Machines/ListCStage/LCStage_09.v	R_NeverQH	2	0	57
1RB1LA_1RC0LD_0LA0RB_1LB0RC	nqh_1RB1LA_1RC0LD_0LA0RB_1LB0RC	theories/Machines/ListCStage/LCStage_09.v	R_NeverQH	2	0	96
1RB1LA_1RC0LD_0LA0RB_1LB1RB	nqh_1RB1LA_1RC0LD_0LA0RB_1LB1RB	theories/Machines/ListCStage/LCStage_09.v	R_NeverQH	2	0	81
1RB1LA_1RC0LD_0LA1RB_0RB1LB	nqh_1RB1LA_1RC0LD_0LA1RB_0RB1LB	theories/Machines/ListCStage/LCStage_09.v	R_NeverQH	2	0	45
1RB1LA_1RC0LD_0LA1RB_0RD1LB	nqh_1RB1LA_1RC0LD_0LA1RB_0RD1LB	theories/Machines/ListCStage/LCStage_09.v	R_NeverQH	3	0	103
1RB1LA_1RC0LD_1LA1RB_0RB1LB	nqh_1RB1LA_1RC0LD_1LA1RB_0RB1LB	theories/Machines/ListCStage/LCStage_09.v	R_NeverQH	2	0	40
1RB1LA_1RC0LD_1LA1RB_0RD1LB	nqh_1RB1LA_1RC0LD_1LA1RB_0RD1LB	theories/Machines/ListCStage/LCStage_09.v	R_NeverQH	3	0	91
1RB1LA_1RC0RB_0LC1LD_---0LA	nqh_1RB1LA_1RC0RB_0LC1LD_XXX0LA	theories/Machines/ListCStage/LCStage_09.v	R_NeverQH	4	0	283
1RB1LA_1RC0RB_1LD1RA_0RB0LD	nqh_1RB1LA_1RC0RB_1LD1RA_0RB0LD	theories/Machines/ListCStage/LCStage_09.v	R_NeverQH	2	0	84
1RB1LA_1RC1RB_1LD1RA_0RB0LD	nqh_1RB1LA_1RC1RB_1LD1RA_0RB0LD	theories/Machines/ListCStage/LCStage_09.v	R_NeverQH	2	0	59
1RB1LA_1RC1RB_1LD1RA_0RC0LD	nqh_1RB1LA_1RC1RB_1LD1RA_0RC0LD	theories/Machines/ListCStage/LCStage_09.v	R_NeverQH	2	0	53
1RB1LB_0LC0RD_1LA1LB_1RD1RB	nqh_1RB1LB_0LC0RD_1LA1LB_1RD1RB	theories/Machines/ListCStage/LCStage_09.v	R_NeverQH	4	0	61
1RB1LB_0RC0LD_1LC0LA_0LA1LD	nqh_1RB1LB_0RC0LD_1LC0LA_0LA1LD	theories/Machines/ListCStage/LCStage_09.v	R_NeverQH	4	0	203
1RB1LB_0RC0LD_1LC0LA_0RA1RC	nqh_1RB1LB_0RC0LD_1LC0LA_0RA1RC	theories/Machines/ListCStage/LCStage_09.v	R_NeverQH	4	0	162
1RB1LB_0RC0LD_1LC0LA_1RA0LD	nqh_1RB1LB_0RC0LD_1LC0LA_1RA0LD	theories/Machines/ListCStage/LCStage_09.v	R_NeverQH	4	0	252
1RB1LB_0RC0LD_1LC0LA_1RB0LD	nqh_1RB1LB_0RC0LD_1LC0LA_1RB0LD	theories/Machines/ListCStage/LCStage_09.v	R_NeverQH	4	0	230
1RB1LB_0RC0LD_1LC0LA_1RB1RC	nqh_1RB1LB_0RC0LD_1LC0LA_1RB1RC	theories/Machines/ListCStage/LCStage_09.v	R_NeverQH	4	0	154
1RB1LB_0RC1LD_1LC0LA_0RA0LA	nqh_1RB1LB_0RC1LD_1LC0LA_0RA0LA	theories/Machines/ListCStage/LCStage_09.v	R_NeverQH	4	0	149
1RB1LB_0RC1LD_1LC0LA_0RC0LA	nqh_1RB1LB_0RC1LD_1LC0LA_0RC0LA	theories/Machines/ListCStage/LCStage_09.v	R_NeverQH	4	0	147
1RB1LB_0RC1LD_1LC0LA_0RD0LA	nqh_1RB1LB_0RC1LD_1LC0LA_0RD0LA	theories/Machines/ListCStage/LCStage_09.v	R_NeverQH	4	0	147
1RB1LB_1LC0RA_0RD0LB_1LB1RD	nqh_1RB1LB_1LC0RA_0RD0LB_1LB1RD	theories/Machines/ListCStage/LCStage_09.v	R_NeverQH	2	0	81
1RB1LB_1LC1RD_1LD1LA_0RB0LC	nqh_1RB1LB_1LC1RD_1LD1LA_0RB0LC	theories/Machines/ListCStage/LCStage_09.v	R_NeverQH	4	0	378
1RB1LB_1RC0LA_0LD1RD_0RC1LA	nqh_1RB1LB_1RC0LA_0LD1RD_0RC1LA	theories/Machines/ListCStage/LCStage_09.v	R_NeverQH	4	0	141
1RB1LB_1RC0LA_1LD1RD_0RC1LA	nqh_1RB1LB_1RC0LA_1LD1RD_0RC1LA	theories/Machines/ListCStage/LCStage_09.v	R_NeverQH	4	0	141
1RB1LC_0LA0RD_0LD1LC_1LA0RB	nqh_1RB1LC_0LA0RD_0LD1LC_1LA0RB	theories/Machines/ListCStage/LCStage_09.v	R_NeverQH	4	0	739
1RB1LC_0LA0RD_0LD1LD_1LA1RB	nqh_1RB1LC_0LA0RD_0LD1LD_1LA1RB	theories/Machines/ListCStage/LCStage_09.v	R_NeverQH	4	0	196
1RB1LC_0LA1RB_1LA0RD_0LC1RC	nqh_1RB1LC_0LA1RB_1LA0RD_0LC1RC	theories/Machines/ListCStage/LCStage_09.v	R_NeverQH	2	0	50
1RB1LC_0LA1RB_1LA0RD_0LD1RC	nqh_1RB1LC_0LA1RB_1LA0RD_0LD1RC	theories/Machines/ListCStage/LCStage_09.v	R_NeverQH	3	0	102
1RB1LC_0LC0RB_1LD1LA_1LA1RD	nqh_1RB1LC_0LC0RB_1LD1LA_1LA1RD	theories/Machines/ListCStage/LCStage_09.v	R_NeverQH	2	0	63
1RB1LC_0LC0RB_1LD1RC_1LA0LC	nqh_1RB1LC_0LC0RB_1LD1RC_1LA0LC	theories/Machines/ListCStage/LCStage_09.v	R_NeverQH	2	0	70
1RB1LC_0LC0RB_1LD1RC_1LA1LD	nqh_1RB1LC_0LC0RB_1LD1RC_1LA1LD	theories/Machines/ListCStage/LCStage_09.v	R_NeverQH	2	0	54
1RB1LC_0LC1RB_1LA0RD_0LC1RC	nqh_1RB1LC_0LC1RB_1LA0RD_0LC1RC	theories/Machines/ListCStage/LCStage_09.v	R_NeverQH	2	0	49
1RB1LC_1LA1RB_1LA0RD_0LC1RC	nqh_1RB1LC_1LA1RB_1LA0RD_0LC1RC	theories/Machines/ListCStage/LCStage_09.v	R_NeverQH	2	0	38
1RB1LC_1LA1RB_1LA0RD_0LD1RC	nqh_1RB1LC_1LA1RB_1LA0RD_0LD1RC	theories/Machines/ListCStage/LCStage_09.v	R_NeverQH	3	0	86
1RB1LC_1LC0RD_0RA0LC_1LD1LA	nqh_1RB1LC_1LC0RD_0RA0LC_1LD1LA	theories/Machines/ListCStage/LCStage_09.v	R_NeverQH	4	0	184
1RB1LC_1LC1RB_1LA0RD_0LC1RC	nqh_1RB1LC_1LC1RB_1LA0RD_0LC1RC	theories/Machines/ListCStage/LCStage_09.v	R_NeverQH	2	0	42
1RB1LC_1LC1RB_1LA0RD_0LD1RC	nqh_1RB1LC_1LC1RB_1LA0RD_0LD1RC	theories/Machines/ListCStage/LCStage_09.v	R_NeverQH	3	0	85
1RB1LC_1RC0RC_1LD0RB_1LA0LC	nqh_1RB1LC_1RC0RC_1LD0RB_1LA0LC	theories/Machines/ListCStage/LCStage_09.v	R_NeverQH	2	0	75
1RB1LC_1RC1RB_1LA0RD_0LC1RC	nqh_1RB1LC_1RC1RB_1LA0RD_0LC1RC	theories/Machines/ListCStage/LCStage_09.v	R_NeverQH	2	0	38
1RB1LC_1RC1RB_1LA0RD_0LD1RC	nqh_1RB1LC_1RC1RB_1LA0RD_0LD1RC	theories/Machines/ListCStage/LCStage_10.v	R_NeverQH	3	0	97
1RB1LC_1RC1RD_0LA0RB_1LA1RA	nqh_1RB1LC_1RC1RD_0LA0RB_1LA1RA	theories/Machines/ListCStage/LCStage_10.v	R_NeverQH	4	0	381
1RB1LD_0LC0RB_1LA1LC_1LC1RD	nqh_1RB1LD_0LC0RB_1LA1LC_1LC1RD	theories/Machines/ListCStage/LCStage_10.v	R_NeverQH	2	0	64
1RB1LD_0LC0RB_1LA1LC_1RC0RD	nqh_1RB1LD_0LC0RB_1LA1LC_1RC0RD	theories/Machines/ListCStage/LCStage_10.v	R_NeverQH	4	0	263
1RB1LD_0LC0RB_1LD1RD_1LA0RC	nqh_1RB1LD_0LC0RB_1LD1RD_1LA0RC	theories/Machines/ListCStage/LCStage_10.v	R_NeverQH	2	0	46
1RB1LD_0LC0RC_1LA1RC_0LB0LA	nqh_1RB1LD_0LC0RC_1LA1RC_0LB0LA	theories/Machines/ListCStage/LCStage_10.v	R_NeverQH	4	0	253
1RB1LD_0LC0RC_1LA1RC_0RC0LB	nqh_1RB1LD_0LC0RC_1LA1RC_0RC0LB	theories/Machines/ListCStage/LCStage_10.v	R_NeverQH	4	0	329
1RB1LD_0LC0RC_1LA1RC_1LC0LB	nqh_1RB1LD_0LC0RC_1LA1RC_1LC0LB	theories/Machines/ListCStage/LCStage_10.v	R_NeverQH	4	0	322
1RB1LD_0LC0RC_1RA1LA_1RC0LD	nqh_1RB1LD_0LC0RC_1RA1LA_1RC0LD	theories/Machines/ListCStage/LCStage_10.v	R_NeverQH	4	0	330
1RB1LD_0LC1RB_0LC1RD_1LA0RC	nqh_1RB1LD_0LC1RB_0LC1RD_1LA0RC	theories/Machines/ListCStage/LCStage_10.v	R_NeverQH	3	0	89
1RB1LD_0LC1RB_0LD1RD_1LA0RC	nqh_1RB1LD_0LC1RB_0LD1RD_1LA0RC	theories/Machines/ListCStage/LCStage_10.v	R_NeverQH	2	0	41
1RB1LD_0RC0LB_1LC1RA_1RB0LD	nqh_1RB1LD_0RC0LB_1LC1RA_1RB0LD	theories/Machines/ListCStage/LCStage_10.v	R_NeverQH	4	0	445
1RB1LD_0RC0RC_1LC1LA_0RA0LD	nqh_1RB1LD_0RC0RC_1LC1LA_0RA0LD	theories/Machines/ListCStage/LCStage_10.v	R_NeverQH	4	0	172
1RB1LD_0RC0RD_1LC1RA_0RD0LA	nqh_1RB1LD_0RC0RD_1LC1RA_0RD0LA	theories/Machines/ListCStage/LCStage_10.v	R_NeverQH	4	0	461
1RB1LD_0RC0RD_1LD0RA_1LA0LA	nqh_1RB1LD_0RC0RD_1LD0RA_1LA0LA	theories/Machines/ListCStage/LCStage_10.v	R_NeverQH	4	0	446
1RB1LD_0RC1LA_1LC0RB_1RA0LA	nqh_1RB1LD_0RC1LA_1LC0RB_1RA0LA	theories/Machines/ListCStage/LCStage_10.v	R_NeverQH	4	0	250
1RB1LD_0RC1LA_1LC0RB_1RC0LA	nqh_1RB1LD_0RC1LA_1LC0RB_1RC0LA	theories/Machines/ListCStage/LCStage_10.v	R_NeverQH	4	0	309
1RB1LD_0RC1RA_1LC0RB_0LA1LA	nqh_1RB1LD_0RC1RA_1LC0RB_0LA1LA	theories/Machines/ListCStage/LCStage_10.v	R_NeverQH	4	0	493
1RB1LD_0RC1RB_0LC1RD_1LA0RC	nqh_1RB1LD_0RC1RB_0LC1RD_1LA0RC	theories/Machines/ListCStage/LCStage_10.v	R_NeverQH	3	0	104
1RB1LD_0RC1RB_0LD1RD_1LA0RC	nqh_1RB1LD_0RC1RB_0LD1RD_1LA0RC	theories/Machines/ListCStage/LCStage_10.v	R_NeverQH	2	0	38
1RB1LD_1LB0RC_1LC1LA_0RA0LD	nqh_1RB1LD_1LB0RC_1LC1LA_0RA0LD	theories/Machines/ListCStage/LCStage_10.v	R_NeverQH	4	0	188
1RB1LD_1LC0RA_0LD1RA_1RD0LC	nqh_1RB1LD_1LC0RA_0LD1RA_1RD0LC	theories/Machines/ListCStage/LCStage_10.v	R_NeverQH	4	0	570
1RB1LD_1LC0RC_1RA1LA_1RC0LD	nqh_1RB1LD_1LC0RC_1RA1LA_1RC0LD	theories/Machines/ListCStage/LCStage_10.v	R_NeverQH	4	0	274
1RB1LD_1LC1RB_0LC1RD_1LA0RC	nqh_1RB1LD_1LC1RB_0LC1RD_1LA0RC	theories/Machines/ListCStage/LCStage_10.v	R_NeverQH	3	0	107
1RB1LD_1LC1RB_0LD1RD_1LA0RC	nqh_1RB1LD_1LC1RB_0LD1RD_1LA0RC	theories/Machines/ListCStage/LCStage_10.v	R_NeverQH	2	0	41
1RB1LD_1RC0RA_1LD0RB_1LB0LC	nqh_1RB1LD_1RC0RA_1LD0RB_1LB0LC	theories/Machines/ListCStage/LCStage_10.v	R_NeverQH	2	0	73
1RB1LD_1RC0RB_1LA0LD_1LC1RD	nqh_1RB1LD_1RC0RB_1LA0LD_1LC1RD	theories/Machines/ListCStage/LCStage_10.v	R_NeverQH	2	0	78
1RB1LD_1RC0RC_1LA0RA_0LA1LB	nqh_1RB1LD_1RC0RC_1LA0RA_0LA1LB	theories/Machines/ListCStage/LCStage_10.v	R_NeverQH	4	0	306
1RB1LD_1RC1RB_0LC1RD_1LA0RC	nqh_1RB1LD_1RC1RB_0LC1RD_1LA0RC	theories/Machines/ListCStage/LCStage_10.v	R_NeverQH	3	0	103
1RB1LD_1RC1RB_0LD1RD_1LA0RC	nqh_1RB1LD_1RC1RB_0LD1RD_1LA0RC	theories/Machines/ListCStage/LCStage_10.v	R_NeverQH	2	0	40
1RB1LD_1RC1RB_1LA1LC_0RB0LD	nqh_1RB1LD_1RC1RB_1LA1LC_0RB0LD	theories/Machines/ListCStage/LCStage_10.v	R_NeverQH	2	0	59
1RB1RA_0LB1RC_1LD0RB_0RA1LC	nqh_1RB1RA_0LB1RC_1LD0RB_0RA1LC	theories/Machines/ListCStage/LCStage_10.v	R_NeverQH	3	0	100
1RB1RA_0LB1RC_1LD0RB_1RA1LC	nqh_1RB1RA_0LB1RC_1LD0RB_1RA1LC	theories/Machines/ListCStage/LCStage_10.v	R_NeverQH	3	0	89
1RB1RA_0LC0RA_1RC0RD_1LB1RB	nqh_1RB1RA_0LC0RA_1RC0RD_1LB1RB	theories/Machines/ListCStage/LCStage_10.v	R_NeverQH	4	0	214
1RB1RA_0LC0RD_1LA1LC_1RC0RB	nqh_1RB1RA_0LC0RD_1LA1LC_1RC0RB	theories/Machines/ListCStage/LCStage_10.v	R_NeverQH	2	0	63
1RB1RA_0LC1RC_1LD0RB_0RA1LC	nqh_1RB1RA_0LC1RC_1LD0RB_0RA1LC	theories/Machines/ListCStage/LCStage_10.v	R_NeverQH	2	0	57
1RB1RA_0LC1RC_1LD0RB_1RA1LC	nqh_1RB1RA_0LC1RC_1LD0RB_1RA1LC	theories/Machines/ListCStage/LCStage_10.v	R_NeverQH	2	0	50
1RB1RA_0LC1RD_1LA1LC_0LC0RD	nqh_1RB1RA_0LC1RD_1LA1LC_0LC0RD	theories/Machines/ListCStage/LCStage_10.v	R_NeverQH	2	0	64
1RB1RA_0RC1LD_1LB1LC_0RA0LD	nqh_1RB1RA_0RC1LD_1LB1LC_0RA0LD	theories/Machines/ListCStage/LCStage_10.v	R_NeverQH	4	0	171
1RB1RA_0RC1LD_1LC0RB_0LA0LD	nqh_1RB1RA_0RC1LD_1LC0RB_0LA0LD	theories/Machines/ListCStage/LCStage_10.v	R_NeverQH	4	0	789
1RB1RA_1LC0RB_0LA1LD_0RA0LC	nqh_1RB1RA_1LC0RB_0LA1LD_0RA0LC	theories/Machines/ListCStage/LCStage_10.v	R_NeverQH	4	0	603
1RB1RA_1LC0RB_0LA1LD_1LA0LC	nqh_1RB1RA_1LC0RB_0LA1LD_1LA0LC	theories/Machines/ListCStage/LCStage_10.v	R_NeverQH	4	0	892
1RB1RA_1LC0RD_0RA1LB_0LB1RB	nqh_1RB1RA_1LC0RD_0RA1LB_0LB1RB	theories/Machines/ListCStage/LCStage_10.v	R_NeverQH	2	0	42
1RB1RA_1LC0RD_0RA1LB_0LD1RB	nqh_1RB1RA_1LC0RD_0RA1LB_0LD1RB	theories/Machines/ListCStage/LCStage_10.v	R_NeverQH	3	0	97
1RB1RA_1LC0RD_1RA1LB_0LB1RB	nqh_1RB1RA_1LC0RD_1RA1LB_0LB1RB	theories/Machines/ListCStage/LCStage_10.v	R_NeverQH	2	0	37
1RB1RA_1LC0RD_1RA1LB_0LD1RB	nqh_1RB1RA_1LC0RD_1RA1LB_0LD1RB	theories/Machines/ListCStage/LCStage_10.v	R_NeverQH	3	0	86
1RB1RA_1LC1LB_0RA0LD_1LA0LC	nqh_1RB1RA_1LC1LB_0RA0LD_1LA0LC	theories/Machines/ListCStage/LCStage_10.v	R_NeverQH	2	0	55
1RB1RA_1LC1LB_0RA1LD_0RB0LD	nqh_1RB1RA_1LC1LB_0RA1LD_0RB0LD	theories/Machines/ListCStage/LCStage_10.v	R_NeverQH	2	0	58
1RB1RA_1LC1LD_0RA0LC_0RA1LD	nqh_1RB1RA_1LC1LD_0RA0LC_0RA1LD	theories/Machines/ListCStage/LCStage_10.v	R_NeverQH	2	0	55
1RB1RA_1LC1LD_0RB0LC_0RA1LB	nqh_1RB1RA_1LC1LD_0RB0LC_0RA1LB	theories/Machines/ListCStage/LCStage_10.v	R_NeverQH	2	0	62
1RB1RA_1LC1LD_0RB0LC_0RA1LD	nqh_1RB1RA_1LC1LD_0RB0LC_0RA1LD	theories/Machines/ListCStage/LCStage_11.v	R_NeverQH	2	0	61
1RB1RA_1LC1RD_0RB0LC_1RA1LD	nqh_1RB1RA_1LC1RD_0RB0LC_1RA1LD	theories/Machines/ListCStage/LCStage_11.v	R_NeverQH	2	0	63
1RB1RA_1LC1RD_0RD0LC_1RA1LD	nqh_1RB1RA_1LC1RD_0RD0LC_1RA1LD	theories/Machines/ListCStage/LCStage_11.v	R_NeverQH	2	0	55
1RB1RA_1LC1RD_1LA1LC_0LB0RD	nqh_1RB1RA_1LC1RD_1LA1LC_0LB0RD	theories/Machines/ListCStage/LCStage_11.v	R_NeverQH	2	0	48
1RB1RA_1RC0RC_1LD0RB_0RA0LC	nqh_1RB1RA_1RC0RC_1LD0RB_0RA0LC	theories/Machines/ListCStage/LCStage_11.v	R_NeverQH	2	0	99
1RB1RA_1RC0RD_1LD0RB_0RA0LC	nqh_1RB1RA_1RC0RD_1LD0RB_0RA0LC	theories/Machines/ListCStage/LCStage_11.v	R_NeverQH	2	0	96
1RB1RA_1RC1LB_1LD1RA_0RC0LD	nqh_1RB1RA_1RC1LB_1LD1RA_0RC0LD	theories/Machines/ListCStage/LCStage_11.v	R_NeverQH	2	0	53
1RB1RB_1LC0LD_1RC0LB_1RD0RA	nqh_1RB1RB_1LC0LD_1RC0LB_1RD0RA	theories/Machines/ListCStage/LCStage_11.v	R_NeverQH	4	0	437
1RB1RC_0LA0RB_0LD1RA_1LA1LD	nqh_1RB1RC_0LA0RB_0LD1RA_1LA1LD	theories/Machines/ListCStage/LCStage_11.v	R_NeverQH	2	0	56
1RB1RC_0LA0RB_0LD1RC_1LA1LD	nqh_1RB1RC_0LA0RB_0LD1RC_1LA1LD	theories/Machines/ListCStage/LCStage_11.v	R_NeverQH	2	0	51
1RB1RC_0RC0LA_1LC0LD_1RB1LB	nqh_1RB1RC_0RC0LA_1LC0LD_1RB1LB	theories/Machines/ListCStage/LCStage_11.v	R_NeverQH	4	0	154
1RB1RC_0RC1RC_1LD0RB_0LD1LA	nqh_1RB1RC_0RC1RC_1LD0RB_0LD1LA	theories/Machines/ListCStage/LCStage_11.v	R_NeverQH	4	0	280
1RB1RC_1LA0LB_---0RD_1LB1RD	nqh_1RB1RC_1LA0LB_XXX0RD_1LB1RD	theories/Machines/ListCStage/LCStage_11.v	R_NeverQH	4	0	281
1RB1RC_1LA0LB_0RD0LA_1LB1RD	nqh_1RB1RC_1LA0LB_0RD0LA_1LB1RD	theories/Machines/ListCStage/LCStage_11.v	R_NeverQH	4	0	305
1RB1RC_1LA0LB_1RD0RC_1LB0LA	nqh_1RB1RC_1LA0LB_1RD0RC_1LB0LA	theories/Machines/ListCStage/LCStage_11.v	R_NeverQH	4	0	349
1RB1RC_1LA0LB_1RD0RC_1LB1RD	nqh_1RB1RC_1LA0LB_1RD0RC_1LB1RD	theories/Machines/ListCStage/LCStage_11.v	R_NeverQH	4	0	245
1RB1RC_1LA0LB_1RD0RD_1LB1RC	nqh_1RB1RC_1LA0LB_1RD0RD_1LB1RC	theories/Machines/ListCStage/LCStage_11.v	R_NeverQH	4	0	455
1RB1RC_1LB1LC_0RD0LB_1RA1RC	nqh_1RB1RC_1LB1LC_0RD0LB_1RA1RC	theories/Machines/ListCStage/LCStage_11.v	R_NeverQH	4	0	423
1RB1RC_1LC0LB_0RD0LB_1RA1RC	nqh_1RB1RC_1LC0LB_0RD0LB_1RA1RC	theories/Machines/ListCStage/LCStage_11.v	R_NeverQH	2	0	59
1RB1RC_1LC0RA_1RD0LB_0RA0LA	nqh_1RB1RC_1LC0RA_1RD0LB_0RA0LA	theories/Machines/ListCStage/LCStage_11.v	R_NeverQH	2	0	62
1RB1RC_1RC1LB_1LD1RA_0RB0LD	nqh_1RB1RC_1RC1LB_1LD1RA_0RB0LD	theories/Machines/ListCStage/LCStage_11.v	R_NeverQH	2	0	56
1RB1RC_1RC1LB_1LD1RA_0RC0LD	nqh_1RB1RC_1RC1LB_1LD1RA_0RC0LD	theories/Machines/ListCStage/LCStage_11.v	R_NeverQH	2	0	53
1RB1RD_0LC0RA_1RA1LB_1LC1RC	nqh_1RB1RD_0LC0RA_1RA1LB_1LC1RC	theories/Machines/ListCStage/LCStage_11.v	R_NeverQH	4	64	369
1RB1RD_0LC0RB_1LA1LC_0LC1RD	nqh_1RB1RD_0LC0RB_1LA1LC_0LC1RD	theories/Machines/ListCStage/LCStage_11.v	R_NeverQH	2	0	63
1RB1RD_0LC0RB_1LA1RC_1LC1LD	nqh_1RB1RD_0LC0RB_1LA1RC_1LC1LD	theories/Machines/ListCStage/LCStage_11.v	R_NeverQH	2	0	63
1RB1RD_0LC1RA_1LA0RD_1LB0RD	nqh_1RB1RD_0LC1RA_1LA0RD_1LB0RD	theories/Machines/ListCStage/LCStage_11.v	R_NeverQH	4	0	172
1RB1RD_0LC1RA_1RA0RD_1LB0RD	nqh_1RB1RD_0LC1RA_1RA0RD_1LB0RD	theories/Machines/ListCStage/LCStage_11.v	R_NeverQH	4	0	152
1RB1RD_1LC0LB_0RD0LB_1RA1RC	nqh_1RB1RD_1LC0LB_0RD0LB_1RA1RC	theories/Machines/ListCStage/LCStage_11.v	R_NeverQH	2	0	75
1RB1RD_1LC0RA_1LA0LB_0LB1LC	nqh_1RB1RD_1LC0RA_1LA0LB_0LB1LC	theories/Machines/ListCStage/LCStage_11.v	R_NeverQH	2	0	57
1RB1RD_1LC0RA_1LA0LB_0RB1LC	nqh_1RB1RD_1LC0RA_1LA0LB_0RB1LC	theories/Machines/ListCStage/LCStage_11.v	R_NeverQH	2	0	66
1RB1RD_1LC0RA_1LA0LB_1RB0LC	nqh_1RB1RD_1LC0RA_1LA0LB_1RB0LC	theories/Machines/ListCStage/LCStage_11.v	R_NeverQH	2	0	69
1RB1RD_1LC0RA_1LA0LB_1RB0RC	nqh_1RB1RD_1LC0RA_1LA0LB_1RB0RC	theories/Machines/ListCStage/LCStage_11.v	R_NeverQH	2	0	65
1RB1RD_1LC0RA_1LA0LB_1RD1LC	nqh_1RB1RD_1LC0RA_1LA0LB_1RD1LC	theories/Machines/ListCStage/LCStage_11.v	R_NeverQH	4	0	107
1RB1RD_1LC0RA_1LD0LB_1LA0RD	nqh_1RB1RD_1LC0RA_1LD0LB_1LA0RD	theories/Machines/ListCStage/LCStage_11.v	R_NeverQH	2	0	73
1RB1RD_1LC0RA_1LD0LB_1RA0RB	nqh_1RB1RD_1LC0RA_1LD0LB_1RA0RB	theories/Machines/ListCStage/LCStage_11.v	R_NeverQH	2	0	88
1RB1RD_1LC0RA_1RD0LB_1LA0RD	nqh_1RB1RD_1LC0RA_1RD0LB_1LA0RD	theories/Machines/ListCStage/LCStage_11.v	R_NeverQH	2	0	70
1RB1RD_1LC0RD_1LA1LD_1RA0LC	nqh_1RB1RD_1LC0RD_1LA1LD_1RA0LC	theories/Machines/ListCStage/LCStage_11.v	R_NeverQH	2	0	79
1RB1RD_1LC1LD_1RA0LD_1LB0RA	nqh_1RB1RD_1LC1LD_1RA0LD_1LB0RA	theories/Machines/ListCStage/LCStage_11.v	R_NeverQH	2	0	73
1RB1RD_1LC1RB_0RA1LD_1RA0LC	nqh_1RB1RD_1LC1RB_0RA1LD_1RA0LC	theories/Machines/ListCStage/LCStage_11.v	R_NeverQH	2	0	54
1RB1RD_1RC1RA_1LD0LC_0RA0LC	nqh_1RB1RD_1RC1RA_1LD0LC_0RA0LC	theories/Machines/ListCStage/LCStage_11.v	R_NeverQH	2	0	75
1RB1RD_1RC1RD_1LD0LC_0RA0LC	nqh_1RB1RD_1RC1RD_1LD0LC_0RA0LC	theories/Machines/ListCStage/LCStage_11.v	R_NeverQH	2	0	59
0RB---_1LC1RB_0LD0LC_1RD1RA	nqh_0RBXXX_1LC1RB_0LD0LC_1RD1RA	theories/Machines/ListCStage/LCStage_12.v	R_NeverQH	6	0	1511
0RB---_1RC0LD_1LB0RD_1LB1RA	nqh_0RBXXX_1RC0LD_1LB0RD_1LB1RA	theories/Machines/ListCStage/LCStage_12.v	R_NeverQH	6	0	59
0RB---_1RC0LD_1RD0RD_1LB1RA	nqh_0RBXXX_1RC0LD_1RD0RD_1LB1RA	theories/Machines/ListCStage/LCStage_12.v	R_NeverQH	6	0	71
0RB0LA_1RC1RB_1RD1LA_1LD1LC	nqh_0RB0LA_1RC1RB_1RD1LA_1LD1LC	theories/Machines/ListCStage/LCStage_12.v	R_NeverQH	5	0	241
0RB0LB_1LA0RC_1LD1RD_1LB1RB	nqh_0RB0LB_1LA0RC_1LD1RD_1LB1RB	theories/Machines/ListCStage/LCStage_12.v	R_NeverQH	7	0	149
0RB0LB_1LC0LC_1RD0LA_1LB0RC	nqh_0RB0LB_1LC0LC_1RD0LA_1LB0RC	theories/Machines/ListCStage/LCStage_12.v	R_NeverQH	7	0	1501
0RB0LC_1LA1RB_0LD0LA_1RD1RA	nqh_0RB0LC_1LA1RB_0LD0LA_1RD1RA	theories/Machines/ListCStage/LCStage_12.v	R_NeverQH	7	0	3295
0RB0LC_1LA1RB_0LD0LC_1RD1RA	nqh_0RB0LC_1LA1RB_0LD0LC_1RD1RA	theories/Machines/ListCStage/LCStage_12.v	R_NeverQH	7	0	3316
0RB0LC_1LC1RB_0LD0LA_1RD1RA	nqh_0RB0LC_1LC1RB_0LD0LA_1RD1RA	theories/Machines/ListCStage/LCStage_12.v	R_NeverQH	6	0	1489
0RB0LD_0LC1LD_1LA0RD_1RC1LB	nqh_0RB0LD_0LC1LD_1LA0RD_1RC1LB	theories/Machines/ListCStage/LCStage_12.v	R_NeverQH	6	0	64
0RB0LD_0LC1RD_1LA0RD_1RC1LB	nqh_0RB0LD_0LC1RD_1LA0RD_1RC1LB	theories/Machines/ListCStage/LCStage_12.v	R_NeverQH	8	0	190
0RB0LD_1LC0RA_0LD1RA_1RD0LC	nqh_0RB0LD_1LC0RA_0LD1RA_1RD0LC	theories/Machines/ListCStage/LCStage_12.v	R_NeverQH	7	0	137
0RB0LD_1LC1RD_1LD0LC_1RB1RA	nqh_0RB0LD_1LC1RD_1LD0LC_1RB1RA	theories/Machines/ListCStage/LCStage_12.v	R_NeverQH	6	0	3177
0RB0LD_1RC0LD_1LA0RD_1LB1RA	nqh_0RB0LD_1RC0LD_1LA0RD_1LB1RA	theories/Machines/ListCStage/LCStage_12.v	R_NeverQH	6	0	59
0RB0LD_1RC1RB_1LD0RD_0LC1LA	nqh_0RB0LD_1RC1RB_1LD0RD_0LC1LA	theories/Machines/ListCStage/LCStage_12.v	R_NeverQH	5	0	1085
0RB0RA_1LC1RB_0LD1RA_1RD0LC	nqh_0RB0RA_1LC1RB_0LD1RA_1RD0LC	theories/Machines/ListCStage/LCStage_12.v	R_NeverQH	5	0	730
0RB0RB_1LC1RD_1LD0LC_1RB1RA	nqh_0RB0RB_1LC1RD_1LD0LC_1RB1RA	theories/Machines/ListCStage/LCStage_12.v	R_NeverQH	6	0	3043
0RB0RC_1RC0RA_0RD0RB_1LD0LB	nqh_0RB0RC_1RC0RA_0RD0RB_1LD0LB	theories/Machines/ListCStage/LCStage_12.v	R_NeverQH	7	0	1033
0RB0RC_1RC1LB_1LD0RA_0LD1RB	nqh_0RB0RC_1RC1LB_1LD0RA_0LD1RB	theories/Machines/ListCStage/LCStage_12.v	R_NeverQH	8	0	605
0RB0RD_1LC0RA_0LD1RA_1RD0LC	nqh_0RB0RD_1LC0RA_0LD1RA_1RD0LC	theories/Machines/ListCStage/LCStage_12.v	R_NeverQH	7	0	408
0RB1LA_1RC0LD_1LA0RD_1LB1RA	nqh_0RB1LA_1RC0LD_1LA0RD_1LB1RA	theories/Machines/ListCStage/LCStage_12.v	R_NeverQH	7	0	77
0RB1LA_1RC0LD_1LD0RD_1LB1RA	nqh_0RB1LA_1RC0LD_1LD0RD_1LB1RA	theories/Machines/ListCStage/LCStage_12.v	R_NeverQH	6	0	68
0RB1LB_1RC0LC_1LA0RD_1RB1RD	nqh_0RB1LB_1RC0LC_1LA0RD_1RB1RD	theories/Machines/ListCStage/LCStage_12.v	R_NeverQH	7	0	240
0RB1LB_1RC0LD_1LD0RD_1LB1RA	nqh_0RB1LB_1RC0LD_1LD0RD_1LB1RA	theories/Machines/ListCStage/LCStage_12.v	R_NeverQH	7	0	76
0RB1LC_1RC0LA_0RD0LD_1LD1RB	nqh_0RB1LC_1RC0LA_0RD0LD_1LD1RB	theories/Machines/ListCStage/LCStage_12.v	R_NeverQH	5	0	424
0RB1LC_1RC0LD_1LA0LA_1RD0RA	nqh_0RB1LC_1RC0LD_1LA0LA_1RD0RA	theories/Machines/ListCStage/LCStage_12.v	R_NeverQH	6	0	100
0RB1LC_1RC0LD_1LA1LD_1RA0LB	nqh_0RB1LC_1RC0LD_1LA1LD_1RA0LB	theories/Machines/ListCStage/LCStage_12.v	R_NeverQH	6	0	473
0RB1LC_1RC0LD_1RD0RB_1LB1LA	nqh_0RB1LC_1RC0LD_1RD0RB_1LB1LA	theories/Machines/ListCStage/LCStage_12.v	R_NeverQH	5	0	243
0RB1LD_1LA1RC_1RB0RC_1RD0LA	nqh_0RB1LD_1LA1RC_1RB0RC_1RD0LA	theories/Machines/ListCStage/LCStage_12.v	R_NeverQH	7	0	463
0RB1LD_1RC0LD_0LA0RD_1LB1RA	nqh_0RB1LD_1RC0LD_0LA0RD_1LB1RA	theories/Machines/ListCStage/LCStage_12.v	R_NeverQH	8	0	189
0RB1RA_1LC0RA_1LD0LD_1RB1LC	nqh_0RB1RA_1LC0RA_1LD0LD_1RB1LC	theories/Machines/ListCStage/LCStage_12.v	R_NeverQH	8	0	158
0RB1RA_1LC1RB_0LD0LC_1RD1LA	nqh_0RB1RA_1LC1RB_0LD0LC_1RD1LA	theories/Machines/ListCStage/LCStage_12.v	R_NeverQH	6	0	1559
0RB1RB_1LC0RC_0LD1RA_1RC1LD	nqh_0RB1RB_1LC0RC_0LD1RA_1RC1LD	theories/Machines/ListCStage/LCStage_12.v	R_NeverQH	6	0	349
0RB1RC_1LC0RA_0LD0RD_1RD1LB	nqh_0RB1RC_1LC0RA_0LD0RD_1RD1LB	theories/Machines/ListCStage/LCStage_12.v	R_NeverQH	5	0	424
0RB1RC_1LC0RD_1LD0LB_1RB1RA	nqh_0RB1RC_1LC0RD_1LD0LB_1RB1RA	theories/Machines/ListCStage/LCStage_12.v	R_NeverQH	5	0	280
0RB1RD_1LC1RA_0LD1RA_1RD0LC	nqh_0RB1RD_1LC1RA_0LD1RA_1RD0LC	theories/Machines/ListCStage/LCStage_12.v	R_NeverQH	8	0	278
0RB1RD_1LC1RD_1LA0LC_0RD1RB	nqh_0RB1RD_1LC1RD_1LA0LC_0RD1RB	theories/Machines/ListCStage/LCStage_12.v	R_NeverQH	7	0	203
0RB1RD_1RC0LC_1LB1LD_0RD1RA	nqh_0RB1RD_1RC0LC_1LB1LD_0RD1RA	theories/Machines/ListCStage/LCStage_12.v	R_NeverQH	7	0	79
0RB1RD_1RC0LD_0LA0RD_1LB1RA	nqh_0RB1RD_1RC0LD_0LA0RD_1LB1RA	theories/Machines/ListCStage/LCStage_12.v	R_NeverQH	7	0	76
0RB1RD_1RC0LD_1LD0RD_1LB1RA	nqh_0RB1RD_1RC0LD_1LD0RD_1LB1RA	theories/Machines/ListCStage/LCStage_12.v	R_NeverQH	6	0	75
1RB0LA_0LC1RC_0RD1LA_1LB0RC	nqh_1RB0LA_0LC1RC_0RD1LA_1LB0RC	theories/Machines/ListCStage/LCStage_12.v	R_NeverQH	7	0	520
1RB0LA_0RC1LA_0RD1LA_1LD0RC	nqh_1RB0LA_0RC1LA_0RD1LA_1LD0RC	theories/Machines/ListCStage/LCStage_12.v	R_NeverQH	5	0	1477
1RB0LA_1LC0RD_1LB1LD_0RB1RA	nqh_1RB0LA_1LC0RD_1LB1LD_0RB1RA	theories/Machines/ListCStage/LCStage_12.v	R_NeverQH	6	0	341
1RB0LA_1LC0RD_1LC1LD_0RB1RA	nqh_1RB0LA_1LC0RD_1LC1LD_0RB1RA	theories/Machines/ListCStage/LCStage_12.v	R_NeverQH	6	0	341
1RB0LB_0LC0LA_0LD1LC_1RD1RB	nqh_1RB0LB_0LC0LA_0LD1LC_1RD1RB	theories/Machines/ListCStage/LCStage_12.v	R_NeverQH	8	0	150
1RB0LB_0LC1LA_0RD1LB_1RC0RC	nqh_1RB0LB_0LC1LA_0RD1LB_1RC0RC	theories/Machines/ListCStage/LCStage_12.v	R_NeverQH	5	0	1149
1RB0LB_0RC1LD_1LB1RC_0LA1LA	nqh_1RB0LB_0RC1LD_1LB1RC_0LA1LA	theories/Machines/ListCStage/LCStage_12.v	R_NeverQH	6	0	348
1RB0LB_0RC1RB_0RD0RB_1LD0LA	nqh_1RB0LB_0RC1RB_0RD0RB_1LD0LA	theories/Machines/ListCStage/LCStage_12.v	R_NeverQH	7	0	278
1RB0LB_1LA0RC_1LD1RD_1LB1RB	nqh_1RB0LB_1LA0RC_1LD1RD_1LB1RB	theories/Machines/ListCStage/LCStage_12.v	R_NeverQH	6	0	302
1RB0LB_1LA1LC_0RC1RD_0RA1RC	nqh_1RB0LB_1LA1LC_0RC1RD_0RA1RC	theories/Machines/ListCStage/LCStage_12.v	R_NeverQH	7	0	78
1RB0LB_1LC0RD_0RA1LA_1RA1RD	nqh_1RB0LB_1LC0RD_0RA1LA_1RA1RD	theories/Machines/ListCStage/LCStage_13.v	R_NeverQH	7	0	239
1RB0LB_1RC1LD_1LA0RB_0LC1LB	nqh_1RB0LB_1RC1LD_1LA0RB_0LC1LB	theories/Machines/ListCStage/LCStage_13.v	R_NeverQH	6	256	55
1RB0LB_1RC1LD_1LA0RB_0LC1RC	nqh_1RB0LB_1RC1LD_1LA0RB_0LC1RC	theories/Machines/ListCStage/LCStage_13.v	R_NeverQH	7	64	167
1RB0LB_1RC1LD_1LA0RB_0LC1RD	nqh_1RB0LB_1RC1LD_1LA0RB_0LC1RD	theories/Machines/ListCStage/LCStage_13.v	R_NeverQH	6	64	135
1RB0LC_0LA0RA_1RD1LD_1RA1LA	nqh_1RB0LC_0LA0RA_1RD1LD_1RA1LA	theories/Machines/ListCStage/LCStage_13.v	R_NeverQH	7	0	148
1RB0LC_0RC0RD_0LD0RC_1LA0RA	nqh_1RB0LC_0RC0RD_0LD0RC_1LA0RA	theories/Machines/ListCStage/LCStage_13.v	R_NeverQH	6	0	68
1RB0LC_0RC0RD_0LD1LA_1LA0RA	nqh_1RB0LC_0RC0RD_0LD1LA_1LA0RA	theories/Machines/ListCStage/LCStage_13.v	R_NeverQH	6	0	62
1RB0LC_0RC0RD_1LC1LA_1RA0LA	nqh_1RB0LC_0RC0RD_1LC1LA_1RA0LA	theories/Machines/ListCStage/LCStage_13.v	R_NeverQH	7	0	119
1RB0LC_0RC0RD_1LC1LA_1RA0LD	nqh_1RB0LC_0RC0RD_1LC1LA_1RA0LD	theories/Machines/ListCStage/LCStage_13.v	R_NeverQH	7	0	115
1RB0LC_0RC0RD_1LC1LA_1RA1LA	nqh_1RB0LC_0RC0RD_1LC1LA_1RA1LA	theories/Machines/ListCStage/LCStage_13.v	R_NeverQH	7	0	119
1RB0LC_0RC0RD_1LC1LA_1RA1LB	nqh_1RB0LC_0RC0RD_1LC1LA_1RA1LB	theories/Machines/ListCStage/LCStage_13.v	R_NeverQH	7	0	128
1RB0LC_0RC1LD_1RD0LA_1LB1LA	nqh_1RB0LC_0RC1LD_1RD0LA_1LB1LA	theories/Machines/ListCStage/LCStage_13.v	R_NeverQH	6	0	472
1RB0LC_1LA0RA_1RD1LD_1RA1LA	nqh_1RB0LC_1LA0RA_1RD1LD_1RA1LA	theories/Machines/ListCStage/LCStage_13.v	R_NeverQH	6	0	306
1RB0LC_1LA0RC_1LA1RD_0RA---	nqh_1RB0LC_1LA0RC_1LA1RD_0RAXXX	theories/Machines/ListCStage/LCStage_13.v	R_NeverQH	6	0	58
1RB0LC_1LA0RC_1LA1RD_1LC0RA	nqh_1RB0LC_1LA0RC_1LA1RD_1LC0RA	theories/Machines/ListCStage/LCStage_13.v	R_NeverQH	6	0	70
1RB0LC_1LA0RC_1LD1RB_1LB1LD	nqh_1RB0LC_1LA0RC_1LD1RB_1LB1LD	theories/Machines/ListCStage/LCStage_13.v	R_NeverQH	7	0	78
1RB0LC_1LA0RD_0LB0RC_1LA0RA	nqh_1RB0LC_1LA0RD_0LB0RC_1LA0RA	theories/Machines/ListCStage/LCStage_13.v	R_NeverQH	6	0	64
1RB0LC_1LA0RD_0LB1LA_1LA0RA	nqh_1RB0LC_1LA0RD_0LB1LA_1LA0RA	theories/Machines/ListCStage/LCStage_13.v	R_NeverQH	6	0	58
1RB0LC_1LA0RD_0LD0RC_1LA0RA	nqh_1RB0LC_1LA0RD_0LD0RC_1LA0RA	theories/Machines/ListCStage/LCStage_13.v	R_NeverQH	6	0	64
1RB0LC_1LA0RD_0LD1LA_1LA0RA	nqh_1RB0LC_1LA0RD_0LD1LA_1LA0RA	theories/Machines/ListCStage/LCStage_13.v	R_NeverQH	6	0	58
1RB0LC_1LB1LA_1RD1LC_0RB0RD	nqh_1RB0LC_1LB1LA_1RD1LC_0RB0RD	theories/Machines/ListCStage/LCStage_13.v	R_NeverQH	5	0	706
1RB0LC_1LC0RC_1LA1RD_0RA1LA	nqh_1RB0LC_1LC0RC_1LA1RD_0RA1LA	theories/Machines/ListCStage/LCStage_13.v	R_NeverQH	6	0	62
1RB0LC_1LC0RC_1LA1RD_0RA1LD	nqh_1RB0LC_1LC0RC_1LA1RD_0RA1LD	theories/Machines/ListCStage/LCStage_13.v	R_NeverQH	6	0	67
1RB0LC_1LC0RC_1LA1RD_0RA1RC	nqh_1RB0LC_1LC0RC_1LA1RD_0RA1RC	theories/Machines/ListCStage/LCStage_13.v	R_NeverQH	6	0	74
1RB0LC_1LC0RD_1LC1LA_1RA0RD	nqh_1RB0LC_1LC0RD_1LC1LA_1RA0RD	theories/Machines/ListCStage/LCStage_13.v	R_NeverQH	8	0	149
1RB0LC_1LC1LA_1RD0LB_1RD0RA	nqh_1RB0LC_1LC1LA_1RD0LB_1RD0RA	theories/Machines/ListCStage/LCStage_13.v	R_NeverQH	6	0	363
1RB0LC_1RC0RA_1LA1LD_0LA1LB	nqh_1RB0LC_1RC0RA_1LA1LD_0LA1LB	theories/Machines/ListCStage/LCStage_13.v	R_NeverQH	5	0	279
1RB0LC_1RC0RA_1LA1LD_0RA1LB	nqh_1RB0LC_1RC0RA_1LA1LD_0RA1LB	theories/Machines/ListCStage/LCStage_13.v	R_NeverQH	5	0	242
1RB0LC_1RC0RA_1LA1LD_1RD1LB	nqh_1RB0LC_1RC0RA_1LA1LD_1RD1LB	theories/Machines/ListCStage/LCStage_13.v	R_NeverQH	5	0	276
1RB0LC_1RC0RC_1LA1RD_0RA---	nqh_1RB0LC_1RC0RC_1LA1RD_0RAXXX	theories/Machines/ListCStage/LCStage_13.v	R_NeverQH	6	0	70
1RB0LC_1RC0RC_1LA1RD_1LA0RA	nqh_1RB0LC_1RC0RC_1LA1RD_1LA0RA	theories/Machines/ListCStage/LCStage_13.v	R_NeverQH	5	0	54
1RB0LC_1RC0RC_1LA1RD_1LC0RA	nqh_1RB0LC_1RC0RC_1LA1RD_1LC0RA	theories/Machines/ListCStage/LCStage_13.v	R_NeverQH	6	0	86
1RB0LC_1RC1LA_1LD0RB_1LB0LB	nqh_1RB0LC_1RC1LA_1LD0RB_1LB0LB	theories/Machines/ListCStage/LCStage_13.v	R_NeverQH	6	256	65
1RB0LD_0LC0RD_0RA1LD_1LA1RC	nqh_1RB0LD_0LC0RD_0RA1LD_1LA1RC	theories/Machines/ListCStage/LCStage_13.v	R_NeverQH	8	0	188
1RB0LD_0LC0RD_0RA1RD_1LA1RC	nqh_1RB0LD_0LC0RD_0RA1RD_1LA1RC	theories/Machines/ListCStage/LCStage_13.v	R_NeverQH	6	0	62
1RB0LD_0RC0LC_1LC1RA_---1LB	nqh_1RB0LD_0RC0LC_1LC1RA_XXX1LB	theories/Machines/ListCStage/LCStage_13.v	R_NeverQH	5	0	423
1RB0LD_0RC0RA_1LC1LA_0LC0LB	nqh_1RB0LD_0RC0RA_1LC1LA_0LC0LB	theories/Machines/ListCStage/LCStage_13.v	R_NeverQH	6	0	76
1RB0LD_0RC0RA_1LC1LA_0LC0RD	nqh_1RB0LD_0RC0RA_1LC1LA_0LC0RD	theories/Machines/ListCStage/LCStage_13.v	R_NeverQH	6	0	78
1RB0LD_0RC0RA_1LC1LA_0LC1LC	nqh_1RB0LD_0RC0RA_1LC1LA_0LC1LC	theories/Machines/ListCStage/LCStage_13.v	R_NeverQH	6	0	72
1RB0LD_0RC0RD_1LD0RA_1LA1RC	nqh_1RB0LD_0RC0RD_1LD0RA_1LA1RC	theories/Machines/ListCStage/LCStage_13.v	R_NeverQH	6	0	90
1RB0LD_0RC1LA_1RD0RD_1LB0LA	nqh_1RB0LD_0RC1LA_1RD0RD_1LB0LA	theories/Machines/ListCStage/LCStage_13.v	R_NeverQH	7	0	153
1RB0LD_0RC1LD_1LC0RB_0LA0LC	nqh_1RB0LD_0RC1LD_1LC0RB_0LA0LC	theories/Machines/ListCStage/LCStage_13.v	R_NeverQH	7	0	407
1RB0LD_0RC1LD_1LC0RB_0LA0RC	nqh_1RB0LD_0RC1LD_1LC0RB_0LA0RC	theories/Machines/ListCStage/LCStage_13.v	R_NeverQH	7	0	136
1RB0LD_0RC1RA_1LC0RA_1LA0LC	nqh_1RB0LD_0RC1RA_1LC0RA_1LA0LC	theories/Machines/ListCStage/LCStage_13.v	R_NeverQH	8	0	250
1RB0LD_1LB0RC_0RB1RD_1LA1LD	nqh_1RB0LD_1LB0RC_0RB1RD_1LA1LD	theories/Machines/ListCStage/LCStage_13.v	R_NeverQH	5	0	2144
1RB0LD_1LC0LC_0RA1LB_1RD0RC	nqh_1RB0LD_1LC0LC_0RA1LB_1RD0RC	theories/Machines/ListCStage/LCStage_13.v	R_NeverQH	6	0	99
1RB0LD_1LC0RC_0RB1RA_1LA1LD	nqh_1RB0LD_1LC0RC_0RB1RA_1LA1LD	theories/Machines/ListCStage/LCStage_13.v	R_NeverQH	6	0	8458
1RB0LD_1LC0RC_0RB1RD_1LA1LD	nqh_1RB0LD_1LC0RC_0RB1RD_1LA1LD	theories/Machines/ListCStage/LCStage_13.v	R_NeverQH	5	0	2066
1RB0LD_1LC0RD_0RA0LD_1LA1RC	nqh_1RB0LD_1LC0RD_0RA0LD_1LA1RC	theories/Machines/ListCStage/LCStage_13.v	R_NeverQH	6	0	58
1RB0LD_1LC0RD_0RA1LC_1LA1RC	nqh_1RB0LD_1LC0RD_0RA1LC_1LA1RC	theories/Machines/ListCStage/LCStage_13.v	R_NeverQH	6	0	63
1RB0LD_1LC1LD_0RA1LB_1RC0LA	nqh_1RB0LD_1LC1LD_0RA1LB_1RC0LA	theories/Machines/ListCStage/LCStage_14.v	R_NeverQH	6	0	472
1RB0LD_1LC1RC_0RB1LD_0LC1LA	nqh_1RB0LD_1LC1RC_0RB1LD_0LC1LA	theories/Machines/ListCStage/LCStage_14.v	R_NeverQH	5	0	1146
1RB0LD_1RC0RB_1LC1LA_1RB1LD	nqh_1RB0LD_1RC0RB_1LC1LA_1RB1LD	theories/Machines/ListCStage/LCStage_14.v	R_NeverQH	5	0	659
1RB0LD_1RC0RC_1LA0LC_1RB1LC	nqh_1RB0LD_1RC0RC_1LA0LC_1RB1LC	theories/Machines/ListCStage/LCStage_14.v	R_NeverQH	7	0	323
1RB0LD_1RC0RC_1LA1RB_0LA1LD	nqh_1RB0LD_1RC0RC_1LA1RB_0LA1LD	theories/Machines/ListCStage/LCStage_14.v	R_NeverQH	8	0	157
1RB0LD_1RC0RD_1LA0RA_1LA1RC	nqh_1RB0LD_1RC0RD_1LA0RA_1LA1RC	theories/Machines/ListCStage/LCStage_14.v	R_NeverQH	5	0	54
1RB0LD_1RC0RD_1LA0RC_1RC1LA	nqh_1RB0LD_1RC0RD_1LA0RC_1RC1LA	theories/Machines/ListCStage/LCStage_14.v	R_NeverQH	7	0	160
1RB0LD_1RC1RB_1LA0RA_1RC1LC	nqh_1RB0LD_1RC1RB_1LA0RA_1RC1LC	theories/Machines/ListCStage/LCStage_14.v	R_NeverQH	5	0	46
1RB0RA_0RC0RB_1LD1RC_0LD1LA	nqh_1RB0RA_0RC0RB_1LD1RC_0LD1LA	theories/Machines/ListCStage/LCStage_14.v	R_NeverQH	7	0	239
1RB0RB_0LC0RD_1LC1LD_1RA0LB	nqh_1RB0RB_0LC0RD_1LC1LD_1RA0LB	theories/Machines/ListCStage/LCStage_14.v	R_NeverQH	5	0	53
1RB0RB_1LC1RA_0LD0LC_1RD0RA	nqh_1RB0RB_1LC1RA_0LD0LC_1RD0RA	theories/Machines/ListCStage/LCStage_14.v	R_NeverQH	7	0	2885
1RB0RB_1LC1RA_1LA0LD_0LB0LA	nqh_1RB0RB_1LC1RA_1LA0LD_0LB0LA	theories/Machines/ListCStage/LCStage_14.v	R_NeverQH	6	64	6270
1RB0RB_1LC1RA_1LA0LD_1LB0LB	nqh_1RB0RB_1LC1RA_1LA0LD_1LB0LB	theories/Machines/ListCStage/LCStage_14.v	R_NeverQH	7	64	854
1RB0RB_1LC1RA_1LA0LD_1LC1LB	nqh_1RB0RB_1LC1RA_1LA0LD_1LC1LB	theories/Machines/ListCStage/LCStage_14.v	R_NeverQH	5	0	1273
1RB0RB_1LC1RA_1LA0LD_1LC1LD	nqh_1RB0RB_1LC1RA_1LA0LD_1LC1LD	theories/Machines/ListCStage/LCStage_14.v	R_NeverQH	5	0	2439
1RB0RB_1LC1RD_1RA0LB_0RC---	nqh_1RB0RB_1LC1RD_1RA0LB_0RCXXX	theories/Machines/ListCStage/LCStage_14.v	R_NeverQH	6	0	64
1RB0RB_1LC1RD_1RA0LB_1LB0RC	nqh_1RB0RB_1LC1RD_1RA0LB_1LB0RC	theories/Machines/ListCStage/LCStage_14.v	R_NeverQH	6	0	78
1RB0RB_1LC1RD_1RA0LB_1LC1RA	nqh_1RB0RB_1LC1RD_1RA0LB_1LC1RA	theories/Machines/ListCStage/LCStage_14.v	R_NeverQH	7	0	142
1RB0RB_1RC0RC_0RD0LB_1LD0RA	nqh_1RB0RB_1RC0RC_0RD0LB_1LD0RA	theories/Machines/ListCStage/LCStage_14.v	R_NeverQH	8	0	138
1RB0RB_1RC1LD_0LB1RA_0LB1LB	nqh_1RB0RB_1RC1LD_0LB1RA_0LB1LB	theories/Machines/ListCStage/LCStage_14.v	R_NeverQH	8	0	526
1RB0RB_1RC1LD_1LB1RA_0LB1LB	nqh_1RB0RB_1RC1LD_1LB1RA_0LB1LB	theories/Machines/ListCStage/LCStage_14.v	R_NeverQH	7	0	340
1RB0RB_1RC1LD_1LD0RC_1RA0LB	nqh_1RB0RB_1RC1LD_1LD0RC_1RA0LB	theories/Machines/ListCStage/LCStage_14.v	R_NeverQH	7	0	160
1RB0RB_1RC1LD_1RD0RA_1LB0LB	nqh_1RB0RB_1RC1LD_1RD0RA_1LB0LB	theories/Machines/ListCStage/LCStage_14.v	R_NeverQH	7	64	890
1RB0RC_1LC1LD_1RA0LB_0LC1LA	nqh_1RB0RC_1LC1LD_1RA0LB_0LC1LA	theories/Machines/ListCStage/LCStage_14.v	R_NeverQH	5	0	278
1RB0RC_1RC0RA_0RD0LA_1LD0RB	nqh_1RB0RC_1RC0RA_0RD0LA_1LD0RB	theories/Machines/ListCStage/LCStage_14.v	R_NeverQH	8	0	92
1RB0RC_1RC1LD_1LB1RA_0LB1LB	nqh_1RB0RC_1RC1LD_1LB1RA_0LB1LB	theories/Machines/ListCStage/LCStage_14.v	R_NeverQH	7	0	110
1RB0RD_0RC0LA_1LC1LD_0RB0RA	nqh_1RB0RD_0RC0LA_1LC1LD_0RB0RA	theories/Machines/ListCStage/LCStage_14.v	R_NeverQH	8	0	2780
1RB0RD_0RC0RA_1LC0LA_0RA0RB	nqh_1RB0RD_0RC0RA_1LC0LA_0RA0RB	theories/Machines/ListCStage/LCStage_14.v	R_NeverQH	7	0	1032
1RB0RD_0RC0RA_1LC0LA_0RB0RA	nqh_1RB0RD_0RC0RA_1LC0LA_0RB0RA	theories/Machines/ListCStage/LCStage_14.v	R_NeverQH	8	0	1994
1RB0RD_0RC0RA_1LC0LA_0RB0RB	nqh_1RB0RD_0RC0RA_1LC0LA_0RB0RB	theories/Machines/ListCStage/LCStage_14.v	R_NeverQH	8	0	1994
1RB0RD_0RC0RA_1LC0LA_0RB1LD	nqh_1RB0RD_0RC0RA_1LC0LA_0RB1LD	theories/Machines/ListCStage/LCStage_14.v	R_NeverQH	8	0	2057
1RB0RD_0RC0RA_1LC0LA_0RB1RD	nqh_1RB0RD_0RC0RA_1LC0LA_0RB1RD	theories/Machines/ListCStage/LCStage_14.v	R_NeverQH	7	0	1601
1RB0RD_0RC1LA_1LC0LA_0RB0RA	nqh_1RB0RD_0RC1LA_1LC0LA_0RB0RA	theories/Machines/ListCStage/LCStage_14.v	R_NeverQH	8	0	2402
1RB0RD_0RC1RB_1LC1LD_0RB0RA	nqh_1RB0RD_0RC1RB_1LC1LD_0RB0RA	theories/Machines/ListCStage/LCStage_14.v	R_NeverQH	8	0	147
1RB0RD_1LC0LC_1RA1LB_0RC0RB	nqh_1RB0RD_1LC0LC_1RA1LB_0RC0RB	theories/Machines/ListCStage/LCStage_14.v	R_NeverQH	6	0	6302
1RB0RD_1LC1RA_0LB1LD_0RB0LD	nqh_1RB0RD_1LC1RA_0LB1LD_0RB0LD	theories/Machines/ListCStage/LCStage_14.v	R_NeverQH	5	0	1097
1RB0RD_1RC1RA_1LB0LC_1LC1RD	nqh_1RB0RD_1RC1RA_1LB0LC_1LC1RD	theories/Machines/ListCStage/LCStage_14.v	R_NeverQH	5	0	659
1RB0RD_1RC1RD_1LC0RA_0RC0RB	nqh_1RB0RD_1RC1RD_1LC0RA_0RC0RB	theories/Machines/ListCStage/LCStage_14.v	R_NeverQH	8	0	149
1RB1LA_0LA0RC_0RD0RB_1LD1LB	nqh_1RB1LA_0LA0RC_0RD0RB_1LD1LB	theories/Machines/ListCStage/LCStage_14.v	R_NeverQH	7	0	3293
1RB1LA_0LA0RC_0RD0RC_1LD1LB	nqh_1RB1LA_0LA0RC_0RD0RC_1LD1LB	theories/Machines/ListCStage/LCStage_14.v	R_NeverQH	7	0	3314
1RB1LA_0LC0RB_1RC1LD_1LB0LA	nqh_1RB1LA_0LC0RB_1RC1LD_1LB0LA	theories/Machines/ListCStage/LCStage_14.v	R_NeverQH	5	0	640
1RB1LA_0RC0RB_1LC1LD_0LA---	nqh_1RB1LA_0RC0RB_1LC1LD_0LAXXX	theories/Machines/ListCStage/LCStage_14.v	R_NeverQH	6	0	1509
1RB1LA_0RC0RB_1LC1LD_1RC0LA	nqh_1RB1LA_0RC0RB_1LC1LD_1RC0LA	theories/Machines/ListCStage/LCStage_14.v	R_NeverQH	6	0	1605
1RB1LA_0RC0RB_1LC1RD_0LA1LD	nqh_1RB1LA_0RC0RB_1LC1RD_0LA1LD	theories/Machines/ListCStage/LCStage_14.v	R_NeverQH	6	0	1557
1RB1LA_0RC0RD_1LC1LD_0LA0RB	nqh_1RB1LA_0RC0RD_1LC1LD_0LA0RB	theories/Machines/ListCStage/LCStage_14.v	R_NeverQH	6	0	1487
1RB1LA_0RC0RD_1LC1RD_0RB0LA	nqh_1RB1LA_0RC0RD_1LC1RD_0RB0LA	theories/Machines/ListCStage/LCStage_14.v	R_NeverQH	6	0	3851
1RB1LA_1LC0RD_0LC1RA_0RA0RB	nqh_1RB1LA_1LC0RD_0LC1RA_0RA0RB	theories/Machines/ListCStage/LCStage_14.v	R_NeverQH	8	0	604
1RB1LA_1RC0RB_1LC1LD_---0LA	nqh_1RB1LA_1RC0RB_1LC1LD_XXX0LA	theories/Machines/ListCStage/LCStage_14.v	R_NeverQH	5	0	659
1RB1LB_0LC0RD_1LA1LC_1RD1RB	nqh_1RB1LB_0LC0RD_1LA1LC_1RD1RB	theories/Machines/ListCStage/LCStage_14.v	R_NeverQH	5	0	94
1RB1LB_0LC0RD_1LC1LA_0RB1RD	nqh_1RB1LB_0LC0RD_1LC1LA_0RB1RD	theories/Machines/ListCStage/LCStage_14.v	R_NeverQH	6	0	95
1RB1LB_0LC0RD_1LC1LA_1LC1RA	nqh_1RB1LB_0LC0RD_1LC1LA_1LC1RA	theories/Machines/ListCStage/LCStage_15.v	R_NeverQH	7	0	222
1RB1LB_0RC0LC_0RD1LC_1LD0LA	nqh_1RB1LB_0RC0LC_0RD1LC_1LD0LA	theories/Machines/ListCStage/LCStage_15.v	R_NeverQH	8	0	1105
1RB1LB_0RC0LC_1LC1RD_1RB0LA	nqh_1RB1LB_0RC0LC_1LC1RD_1RB0LA	theories/Machines/ListCStage/LCStage_15.v	R_NeverQH	5	0	423
1RB1LB_1LC0RD_0LB1LA_1LA1RA	nqh_1RB1LB_1LC0RD_0LB1LA_1LA1RA	theories/Machines/ListCStage/LCStage_15.v	R_NeverQH	7	0	133
1RB1LB_1LC0RD_1LD1LA_0LB1RA	nqh_1RB1LB_1LC0RD_1LD1LA_0LB1RA	theories/Machines/ListCStage/LCStage_15.v	R_NeverQH	7	0	122
1RB1LB_1RC1LC_1RD0LA_0LC0RC	nqh_1RB1LB_1RC1LC_1RD0LA_0LC0RC	theories/Machines/ListCStage/LCStage_15.v	R_NeverQH	7	0	145
1RB1LB_1RC1LC_1RD0LA_1LC0RC	nqh_1RB1LB_1RC1LC_1RD0LA_1LC0RC	theories/Machines/ListCStage/LCStage_15.v	R_NeverQH	6	0	292
1RB1LC_0LA1RD_1LA0LC_1LD0RB	nqh_1RB1LC_0LA1RD_1LA0LC_1LD0RB	theories/Machines/ListCStage/LCStage_15.v	R_NeverQH	7	0	462
1RB1LC_0RC0RD_0LD0RA_1LA0LA	nqh_1RB1LC_0RC0RD_0LD0RA_1LA0LA	theories/Machines/ListCStage/LCStage_15.v	R_NeverQH	7	0	2112
1RB1LC_1LA0LB_1RD0RD_1LB1RC	nqh_1RB1LC_1LA0LB_1RD0RD_1LB1RC	theories/Machines/ListCStage/LCStage_15.v	R_NeverQH	6	0	3933
1RB1LC_1LA1RD_0LB0LA_0RB1RB	nqh_1RB1LC_1LA1RD_0LB0LA_0RB1RB	theories/Machines/ListCStage/LCStage_15.v	R_NeverQH	7	0	111
1RB1LC_1LA1RD_1LB0LA_0RB1RB	nqh_1RB1LC_1LA1RD_1LB0LA_0RB1RB	theories/Machines/ListCStage/LCStage_15.v	R_NeverQH	8	0	126
1RB1LC_1LA1RD_1LB0LB_0RB1RB	nqh_1RB1LC_1LA1RD_1LB0LB_0RB1RB	theories/Machines/ListCStage/LCStage_15.v	R_NeverQH	7	0	125
1RB1LC_1LB1LA_0RD0LC_1RA1RD	nqh_1RB1LC_1LB1LA_0RD0LC_1RA1RD	theories/Machines/ListCStage/LCStage_15.v	R_NeverQH	5	0	246
1RB1LC_1RC0RB_1LA0LD_1LC1RD	nqh_1RB1LC_1RC0RB_1LA0LD_1LC1RD	theories/Machines/ListCStage/LCStage_15.v	R_NeverQH	5	0	1526
1RB1LC_1RC0RB_1LA0RD_0LC1LD	nqh_1RB1LC_1RC0RB_1LA0RD_0LC1LD	theories/Machines/ListCStage/LCStage_15.v	R_NeverQH	7	0	9551
1RB1LC_1RC0RB_1LA1LD_0LA0LA	nqh_1RB1LC_1RC0RB_1LA1LD_0LA0LA	theories/Machines/ListCStage/LCStage_15.v	R_NeverQH	6	0	3041
1RB1LC_1RC0RB_1LA1LD_0LA0RC	nqh_1RB1LC_1RC0RB_1LA1LD_0LA0RC	theories/Machines/ListCStage/LCStage_15.v	R_NeverQH	6	0	3175
1RB1LC_1RC0RB_1LA1LD_0LC0LC	nqh_1RB1LC_1RC0RB_1LA1LD_0LC0LC	theories/Machines/ListCStage/LCStage_15.v	R_NeverQH	6	0	4058
1RB1LC_1RC0RB_1LA1LD_0LC0RC	nqh_1RB1LC_1RC0RB_1LA1LD_0LC0RC	theories/Machines/ListCStage/LCStage_15.v	R_NeverQH	6	0	4146
1RB1LC_1RC0RB_1LA1LD_0RD0LA	nqh_1RB1LC_1RC0RB_1LA1LD_0RD0LA	theories/Machines/ListCStage/LCStage_15.v	R_NeverQH	5	0	1913
1RB1LC_1RC0RB_1LA1LD_0RD0LC	nqh_1RB1LC_1RC0RB_1LA1LD_0RD0LC	theories/Machines/ListCStage/LCStage_15.v	R_NeverQH	6	0	8081
1RB1LC_1RC0RB_1LA1LD_1LB0LA	nqh_1RB1LC_1RC0RB_1LA1LD_1LB0LA	theories/Machines/ListCStage/LCStage_15.v	R_NeverQH	7	0	10233
1RB1LC_1RC0RB_1LA1LD_1LB0LC	nqh_1RB1LC_1RC0RB_1LA1LD_1LB0LC	theories/Machines/ListCStage/LCStage_15.v	R_NeverQH	7	0	19329
1RB1LC_1RC0RB_1LA1LD_1RC0LA	nqh_1RB1LC_1RC0RB_1LA1LD_1RC0LA	theories/Machines/ListCStage/LCStage_15.v	R_NeverQH	6	0	3057
1RB1LC_1RC0RB_1LA1LD_1RC0LC	nqh_1RB1LC_1RC0RB_1LA1LD_1RC0LC	theories/Machines/ListCStage/LCStage_15.v	R_NeverQH	6	0	4103
1RB1LC_1RC0RB_1LA1LD_1RD0LA	nqh_1RB1LC_1RC0RB_1LA1LD_1RD0LA	theories/Machines/ListCStage/LCStage_15.v	R_NeverQH	5	0	1724
1RB1LC_1RC0RB_1LA1RD_1LD0LC	nqh_1RB1LC_1RC0RB_1LA1RD_1LD0LC	theories/Machines/ListCStage/LCStage_15.v	R_NeverQH	5	0	1340
1RB1LC_1RC0RC_1LD0LC_1RB0LA	nqh_1RB1LC_1RC0RC_1LD0LC_1RB0LA	theories/Machines/ListCStage/LCStage_15.v	R_NeverQH	7	0	323
1RB1LD_0LC0RB_1RA1LA_0LD1LA	nqh_1RB1LD_0LC0RB_1RA1LA_0LD1LA	theories/Machines/ListCStage/LCStage_15.v	R_NeverQH	6	0	107
1RB1LD_0LC0RB_1RA1RD_0LD1LA	nqh_1RB1LD_0LC0RB_1RA1RD_0LD1LA	theories/Machines/ListCStage/LCStage_15.v	R_NeverQH	6	0	120
1RB1LD_0RC0LA_0RD1RA_1LD0LA	nqh_1RB1LD_0RC0LA_0RD1RA_1LD0LA	theories/Machines/ListCStage/LCStage_15.v	R_NeverQH	8	0	165
1RB1LD_0RC0RB_1LC0LD_1LA0LA	nqh_1RB1LD_0RC0RB_1LC0LD_1LA0LA	theories/Machines/ListCStage/LCStage_15.v	R_NeverQH	7	0	2856
1RB1LD_0RC1LD_1LC0RB_0LA1LC	nqh_1RB1LD_0RC1LD_1LC0RB_0LA1LC	theories/Machines/ListCStage/LCStage_15.v	R_NeverQH	8	0	277
1RB1LD_1LC1RA_0LB1LA_1LC0RB	nqh_1RB1LD_1LC1RA_0LB1LA_1LC0RB	theories/Machines/ListCStage/LCStage_15.v	R_NeverQH	8	0	276
1RB1LD_1RC0RB_0LA1LD_0LD1LA	nqh_1RB1LD_1RC0RB_0LA1LD_0LD1LA	theories/Machines/ListCStage/LCStage_15.v	R_NeverQH	7	0	202
1RB1LD_1RC0RB_0LC1LD_0LD1LA	nqh_1RB1LD_1RC0RB_0LC1LD_0LD1LA	theories/Machines/ListCStage/LCStage_15.v	R_NeverQH	7	0	202
1RB1LD_1RC1RA_1LA0RB_1LA0LA	nqh_1RB1LD_1RC1RA_1LA0RB_1LA0LA	theories/Machines/ListCStage/LCStage_15.v	R_NeverQH	7	0	136
1RB1RA_0RC0LB_0RD1RA_1LD0LA	nqh_1RB1RA_0RC0LB_0RD1RA_1LD0LA	theories/Machines/ListCStage/LCStage_15.v	R_NeverQH	6	0	6158
1RB1RA_1LC0RA_1RC0LD_0LC1LA	nqh_1RB1RA_1LC0RA_1RC0LD_0LC1LA	theories/Machines/ListCStage/LCStage_15.v	R_NeverQH	5	0	2078
1RB1RA_1LC0RC_0LB1LD_0RA0LC	nqh_1RB1RA_1LC0RC_0LB1LD_0RA0LC	theories/Machines/ListCStage/LCStage_15.v	R_NeverQH	5	0	1084
1RB1RA_1LC0RD_0LB1LD_1RA0RB	nqh_1RB1RA_1LC0RD_0LB1LD_1RA0RB	theories/Machines/ListCStage/LCStage_15.v	R_NeverQH	8	0	551
1RB1RA_1RC1LD_1LC1LB_0RA0LD	nqh_1RB1RA_1RC1LD_1LC1LB_0RA0LD	theories/Machines/ListCStage/LCStage_15.v	R_NeverQH	5	0	241
1RB1RD_0LC1RA_1LA0RD_1LB0RC	nqh_1RB1RD_0LC1RA_1LA0RD_1LB0RC	theories/Machines/ListCStage/LCStage_15.v	R_NeverQH	6	0	474
1RB1RD_1LC0RA_1LA0LB_0LB1RC	nqh_1RB1RD_1LC0RA_1LA0LB_0LB1RC	theories/Machines/ListCStage/LCStage_15.v	R_NeverQH	5	0	242
1RB1RD_1LC0RA_1LA0LB_0RB1RC	nqh_1RB1RD_1LC0RA_1LA0LB_0RB1RC	theories/Machines/ListCStage/LCStage_15.v	R_NeverQH	5	0	279
1RB1RD_1LC0RA_1LA0LB_1LD1RC	nqh_1RB1RD_1LC0RA_1LA0LB_1LD1RC	theories/Machines/ListCStage/LCStage_15.v	R_NeverQH	5	0	276
1RB1RD_1LC0RA_1LC0LD_1LA0RB	nqh_1RB1RD_1LC0RA_1LC0LD_1LA0RB	theories/Machines/ListCStage/LCStage_15.v	R_NeverQH	6	0	411
1RB1RD_1LC1RA_0LD1LD_0RB0RD	nqh_1RB1RD_1LC1RA_0LD1LD_0RB0RD	theories/Machines/ListCStage/LCStage_15.v	R_NeverQH	7	0	206
