machine	theorem	file	gate	quiet_state	s	n	t
1RB---_0LC0LC_1RC0RD_1LB1RD	qhb_00001	QHB_00.v	lex	A	0	2	64
1RB---_0LC1RB_1RC0RD_1LB1RB	qhb_00002	QHB_00.v	lex	A	0	2	64
1RB---_0RC0RC_1LC0LD_1RB1LD	qhb_00003	QHB_00.v	lex	A	0	2	64
1RB---_0RC1LB_1LC0LD_1RB1LB	qhb_00004	QHB_00.v	lex	A	0	2	64
1RB---_1LB0LC_1RD1LC_0RB0RB	qhb_00005	QHB_00.v	lex	A	0	2	64
1RB---_1LB0LC_1RD1LD_0RB1LD	qhb_00006	QHB_00.v	lex	A	0	2	64
1RB---_1LC0RD_1LD1LB_1RB0LC	qhb_00007	QHB_00.v	lex	A	0	2	64
1RB---_1LC0RD_1RD0LB_1RB1RC	qhb_00008	QHB_00.v	lex	A	0	2	64
1RB---_1LC1LD_1RD0LB_1LB0RC	qhb_00009	QHB_00.v	lex	A	0	2	64
1RB---_1LC1RB_0LD0LD_1RD0RB	qhb_00010	QHB_00.v	lex	A	0	2	64
1RB---_1LC1RC_0LD1RC_1RD0RB	qhb_00011	QHB_00.v	lex	A	0	2	64
1RB---_1RC0LD_1LD0RB_1LB1LC	qhb_00012	QHB_00.v	lex	A	0	2	64
1RB---_1RC0LD_1RD1RB_1LB0RC	qhb_00013	QHB_00.v	lex	A	0	2	64
1RB---_1RC1LB_0RD0RD_1LD0LB	qhb_00014	QHB_00.v	lex	A	0	2	64
1RB---_1RC1LC_0RD1LC_1LD0LB	qhb_00015	QHB_00.v	lex	A	0	2	64
1RB---_1RC1RD_1LD0RB_1RB0LC	qhb_00016	QHB_00.v	lex	A	0	2	64
0RB---_0LC1RB_1LA1LD_1RB0LD	qhb_00017	QHB_00.v	plain	A	3	2	64
0RB---_0LC1RB_1LA1LD_1RB1LD	qhb_00018	QHB_00.v	lex	A	3	2	64
0RB---_0LC1RD_1LA1LB_1RB0RD	qhb_00019	QHB_00.v	plain	A	17	4	64
0RB---_0LC1RD_1LA1LD_1RB0LD	qhb_00020	QHB_00.v	plain	A	3	3	64
0RB---_0RC1LB_1LA1RD_1LB0RD	qhb_00021	QHB_00.v	plain	A	3	2	64
0RB---_0RC1LB_1LA1RD_1LB1RD	qhb_00022	QHB_00.v	lex	A	3	2	64
0RB---_0RC1LB_1LD1RC_0LA1LB	qhb_00023	QHB_00.v	lex	A	4	2	64
0RB---_0RC1LB_1LD1RC_0LA1RB	qhb_00024	QHB_00.v	lex	A	4	2	64
0RB---_0RC1LB_1LD1RC_1LA1LB	qhb_00025	QHB_00.v	lex	A	4	2	64
0RB---_0RC1LD_1LA1RB_1LB0LD	qhb_00026	QHB_00.v	plain	A	17	4	64
0RB---_0RC1LD_1LA1RD_1LB0RD	qhb_00027	QHB_00.v	plain	A	3	3	64
0RB---_1LA0LC_0LD0RC_1RC1LD	qhb_00028	QHB_00.v	lex	B	3	2	64
0RB---_1LA0LC_0RD0LC_1LC1RD	qhb_00029	QHB_00.v	lex	B	3	2	64
0RB---_1LA0LC_1LD0RD_1RC0LC	qhb_00030	QHB_00.v	plain	B	3	2	64
0RB---_1LA0LC_1LD1RC_0RC0LD	qhb_00031	QHB_00.v	lex	B	3	2	64
0RB---_1LA0LC_1LD1RC_0RC1LD	qhb_00032	QHB_00.v	lex	B	3	2	64
0RB---_1LA0LC_1RD0LD_1LC0RC	qhb_00033	QHB_00.v	plain	B	3	2	64
0RB---_1LA0LC_1RD1LC_0LC0RD	qhb_00034	QHB_00.v	lex	B	3	2	64
0RB---_1LA0LC_1RD1LC_0LC1RD	qhb_00035	QHB_00.v	lex	B	3	2	64
0RB---_1LA0RC_0LD0RC_1RC1LD	qhb_00036	QHB_00.v	lex	B	3	2	64
0RB---_1LA0RC_0RD0LC_1LC1RD	qhb_00037	QHB_00.v	lex	B	3	2	64
0RB---_1LA0RC_1LD0RD_1RC0LC	qhb_00038	QHB_00.v	plain	B	3	2	64
0RB---_1LA0RC_1LD1RC_0RC0LD	qhb_00039	QHB_00.v	lex	B	3	2	64
0RB---_1LA0RC_1LD1RC_0RC1LD	qhb_00040	QHB_00.v	lex	B	3	2	64
0RB---_1LA0RC_1LD1RC_1LB1RB	qhb_00041	QHB_00.v	plain	A	7	2	64
0RB---_1LA0RC_1RD0LD_1LC0RC	qhb_00042	QHB_00.v	plain	B	3	2	64
0RB---_1LA0RC_1RD1LC_0LC0RD	qhb_00043	QHB_00.v	lex	B	3	2	64
0RB---_1LA0RC_1RD1LC_0LC1RD	qhb_00044	QHB_00.v	lex	B	3	2	64
0RB---_1LA1LC_0LD0RC_1RC1LD	qhb_00045	QHB_00.v	lex	B	3	2	64
0RB---_1LA1LC_0RD0LC_1LC1RD	qhb_00046	QHB_00.v	lex	B	3	2	64
0RB---_1LA1LC_0RD1LC_1LB1RD	qhb_00047	QHB_00.v	lex	A	2	2	64
0RB---_1LA1LC_0RD1LC_1LC1RD	qhb_00048	QHB_00.v	lex	B	3	2	64
0RB---_1LA1LC_1LD1RC_0RC0LD	qhb_00049	QHB_00.v	lex	B	3	2	64
0RB---_1LA1LC_1LD1RC_0RC1LD	qhb_00050	QHB_00.v	lex	B	3	2	64
0RB---_1LA1LC_1RC1LD_1LC0LC	qhb_00051	QHB_00.v	plain	B	3	2	64
0RB---_1LA1LC_1RD0LC_0LB1RC	qhb_00052	QHB_00.v	plain	A	2	3	64
0RB---_1LA1LC_1RD0LC_0LB1RD	qhb_00053	QHB_00.v	plain	A	2	2	64
0RB---_1LA1LC_1RD0LC_1LB1RD	qhb_00054	QHB_00.v	plain	A	2	3	64
0RB---_1LA1LC_1RD0LD_1LC0RC	qhb_00055	QHB_00.v	plain	B	3	2	64
0RB---_1LA1LC_1RD0RC_0LB1RC	qhb_00056	QHB_00.v	plain	A	2	2	64
0RB---_1LA1LC_1RD0RC_1LB1RD	qhb_00057	QHB_00.v	plain	A	2	2	64
0RB---_1LA1LC_1RD1LC_0LB1RD	qhb_00058	QHB_00.v	lex	A	2	2	64
0RB---_1LA1LC_1RD1LC_0LC0RD	qhb_00059	QHB_00.v	lex	B	3	2	64
0RB---_1LA1LC_1RD1LC_0LC1RD	qhb_00060	QHB_00.v	lex	B	3	2	64
0RB---_1LA1RC_0LD0RC_1RC1LD	qhb_00061	QHB_00.v	lex	B	3	2	64
0RB---_1LA1RC_0LD1RC_1RB1LD	qhb_00062	QHB_00.v	lex	A	2	2	64
0RB---_1LA1RC_0LD1RC_1RC1LD	qhb_00063	QHB_00.v	lex	B	3	2	64
0RB---_1LA1RC_0RD0LC_1LC1RD	qhb_00064	QHB_00.v	lex	B	3	2	64
0RB---_1LA1RC_1LC1RD_1RC0RC	qhb_00065	QHB_00.v	plain	B	3	2	64
0RB---_1LA1RC_1LD0LC_0RB1LC	qhb_00066	QHB_00.v	plain	A	2	2	64
0RB---_1LA1RC_1LD0LC_1RB1LD	qhb_00067	QHB_00.v	plain	A	2	2	64
0RB---_1LA1RC_1LD0RC_0RB1LC	qhb_00068	QHB_00.v	plain	A	2	3	64
0RB---_1LA1RC_1LD0RC_0RB1LD	qhb_00069	QHB_00.v	plain	A	2	2	64
0RB---_1LA1RC_1LD0RC_1RB1LD	qhb_00070	QHB_00.v	plain	A	2	3	64
0RB---_1LA1RC_1LD0RD_1RC0LC	qhb_00071	QHB_00.v	plain	B	3	2	64
0RB---_1LA1RC_1LD1RC_0RB1LD	qhb_00072	QHB_00.v	lex	A	2	2	64
0RB---_1LA1RC_1LD1RC_0RC0LD	qhb_00073	QHB_00.v	lex	B	3	2	64
0RB---_1LA1RC_1LD1RC_0RC1LD	qhb_00074	QHB_00.v	lex	B	3	2	64
0RB---_1LA1RC_1RD1LC_0LC0RD	qhb_00075	QHB_00.v	lex	B	3	2	64
0RB---_1LA1RC_1RD1LC_0LC1RD	qhb_00076	QHB_00.v	lex	B	3	2	64
0RB---_1LC0LA_0RC1RD_1LB0RD	qhb_00077	QHB_00.v	plain	A	6	2	64
0RB---_1LC0LB_0RD1LB_1LA1RC	qhb_00078	QHB_00.v	plain	A	6	4	64
0RB---_1LC0RD_1LA0LD_1RB1RD	qhb_00079	QHB_00.v	plain	A	3	3	64
0RB---_1LC0RD_1LA1LD_1RB0LD	qhb_00080	QHB_00.v	plain	A	3	2	64
0RB---_1LC1RB_0RD0LC_1RB1LA	qhb_00081	QHB_00.v	lex	A	4	2	64
0RB---_1LC1RB_1LA1LD_1RB0LD	qhb_00082	QHB_00.v	plain	A	3	3	64
0RB---_1LC1RB_1LA1LD_1RB0RD	qhb_00083	QHB_00.v	plain	A	3	2	64
0RB---_1LC1RB_1LD1RD_1LA0RB	qhb_00084	QHB_00.v	plain	A	4	2	64
0RB---_1LC1RC_1LA0RD_1LB1RD	qhb_00085	QHB_00.v	plain	A	3	2	64
0RB---_1LC1RC_1LA1LD_1RB0LD	qhb_00086	QHB_00.v	plain	A	3	2	64
0RB---_1RC0RB_0LD1RB_1LA1LC	qhb_00087	QHB_00.v	plain	A	6	4	64
0RB---_1RC1LB_0LD0RC_1LB1LA	qhb_00088	QHB_00.v	lex	A	4	2	64
0RB0LA_1LC1LA_1RC1RD_1LB0RD	qhb_00089	QHB_00.v	plain	A	7	2	64
0RB0LA_1RC0LD_1LA1RD_1LB0RD	qhb_00090	QHB_00.v	plain	A	4	2	64
0RB0LA_1RC1LA_0LC1LD_1RB0LD	qhb_00091	QHB_00.v	plain	A	7	2	64
0RB0LA_1RC1LA_1LC1LD_1RB0LD	qhb_00092	QHB_00.v	plain	A	7	2	64
0RB0LA_1RC1LB_1LA1LD_0LB1RD	qhb_00093	QHB_00.v	lex	A	4	2	64
0RB0LA_1RC1LB_1LA1RD_0LB1RD	qhb_00094	QHB_00.v	lex	A	4	2	64
0RB0LA_1RC1LB_1LA1RD_1LB0RD	qhb_00095	QHB_00.v	plain	A	4	3	64
0RB0LA_1RC1LB_1RD1LD_1LA0LB	qhb_00096	QHB_00.v	plain	A	6	2	64
0RB0LA_1RC1LC_1LA0LD_1RB1LD	qhb_00097	QHB_00.v	plain	A	4	2	64
0RB0LA_1RC1LC_1LA1RD_1LB0RD	qhb_00098	QHB_00.v	plain	A	4	2	64
0RB0LB_0RC1LB_1LD1RC_1RA1RB	qhb_00099	QHB_00.v	lex	A	4	2	64
0RB0LB_1LA1RC_0RD1LC_1LB1RD	qhb_00100	QHB_00.v	lex	A	9	2	64
0RB0LB_1LC0RA_1RC1RD_1LB0RD	qhb_00101	QHB_01.v	plain	A	6	2	64
0RB0LB_1LC0RD_1RA1LD_1RB0LD	qhb_00102	QHB_01.v	plain	A	3	2	64
0RB0LB_1LC1RB_1LD1RD_1RA0RB	qhb_00103	QHB_01.v	plain	A	4	2	64
0RB0LB_1LC1RB_1RA1LD_0RB1LD	qhb_00104	QHB_01.v	lex	A	3	2	64
0RB0LB_1LC1RB_1RA1LD_1RB0LD	qhb_00105	QHB_01.v	plain	A	3	3	64
0RB0LB_1LC1RB_1RA1RD_0RB1LD	qhb_00106	QHB_01.v	lex	A	3	2	64
0RB0LB_1LC1RD_1RA1LD_1RB0LD	qhb_00107	QHB_01.v	plain	A	3	2	64
0RB0LB_1RC0RA_1LC1LD_1RB0LD	qhb_00108	QHB_01.v	plain	A	6	2	64
0RB0LB_1RC1LB_1RD1LD_0LA0LB	qhb_00109	QHB_01.v	plain	A	4	2	64
0RB0LB_1RC1LB_1RD1LD_1LA0LB	qhb_00110	QHB_01.v	plain	A	4	2	64
0RB0LC_0RC1LB_1LD1RC_1RA1LB	qhb_00111	QHB_01.v	lex	A	4	2	64
0RB0LC_0RC1LB_1LD1RC_1RA1RB	qhb_00112	QHB_01.v	lex	A	4	2	64
0RB0LC_1LA0LC_1RD1LC_1RB1LB	qhb_00113	QHB_01.v	plain	A	7	2	64
0RB0LC_1LA1LC_1RD0LC_1LB1RB	qhb_00114	QHB_01.v	plain	A	7	2	64
0RB0LC_1LA1LC_1RD1LC_0RC1LA	qhb_00115	QHB_01.v	plain	B	3	2	64
0RB0LC_1LA1LC_1RD1LC_1RA1LA	qhb_00116	QHB_01.v	plain	B	3	2	64
0RB0LC_1LA1LC_1RD1LC_1RC1LA	qhb_00117	QHB_01.v	plain	B	3	2	64
0RB0LC_1LA1LC_1RD1LC_1RD1LA	qhb_00118	QHB_01.v	plain	B	3	2	64
0RB0LC_1LA1LC_1RD1RC_1LA0RC	qhb_00119	QHB_01.v	plain	B	3	3	64
0RB0LC_1LA1RB_0LD0RC_1RC1LD	qhb_00120	QHB_01.v	lex	B	4	2	64
0RB0LC_1LA1RB_0RD0LC_1LC1RD	qhb_00121	QHB_01.v	lex	B	4	2	64
0RB0LC_1LA1RB_0RD1LC_1LC1RD	qhb_00122	QHB_01.v	lex	B	4	2	64
0RB0LC_1LA1RB_1LD0RD_1RC0LC	qhb_00123	QHB_01.v	plain	B	4	2	64
0RB0LC_1LA1RB_1LD1RC_0RC0LD	qhb_00124	QHB_01.v	lex	B	4	2	64
0RB0LC_1LA1RB_1LD1RC_0RC1LD	qhb_00125	QHB_01.v	lex	B	4	2	64
0RB0LC_1LA1RB_1RC1LD_1LC0LC	qhb_00126	QHB_01.v	plain	B	4	2	64
0RB0LC_1LA1RB_1RD0RD_1LD1RC	qhb_00127	QHB_01.v	plain	B	4	2	64
0RB0LC_1LA1RB_1RD1LC_0LC0RD	qhb_00128	QHB_01.v	lex	B	4	2	64
0RB0LC_1LA1RB_1RD1LC_0RC1LA	qhb_00129	QHB_01.v	plain	B	4	2	64
0RB0LC_1LA1RB_1RD1LC_1RA1LA	qhb_00130	QHB_01.v	plain	B	4	2	64
0RB0LC_1LA1RB_1RD1LC_1RC0LA	qhb_00131	QHB_01.v	plain	B	4	3	64
0RB0LC_1LC---_1RD1LC_0RC1LA	qhb_00132	QHB_01.v	plain	B	1	2	64
0RB0LC_1LC---_1RD1LC_1RA1LA	qhb_00133	QHB_01.v	plain	B	1	2	64
0RB0LC_1LC---_1RD1LC_1RC1LA	qhb_00134	QHB_01.v	plain	B	1	2	64
0RB0LC_1LC---_1RD1LC_1RD1LA	qhb_00135	QHB_01.v	plain	B	1	2	64
0RB0LC_1LC---_1RD1RC_1LA0RC	qhb_00136	QHB_01.v	plain	B	1	3	64
0RB0LC_1LC0RD_1RA1LD_1RB0LD	qhb_00137	QHB_01.v	plain	A	3	2	64
0RB0LC_1LC1LA_1RC1RD_1LB0RD	qhb_00138	QHB_01.v	plain	A	6	2	64
0RB0LC_1LC1RB_1LD1RD_1RA0RB	qhb_00139	QHB_01.v	plain	A	10	2	64
0RB0LC_1LC1RB_1RA1LD_0RB1LD	qhb_00140	QHB_01.v	lex	A	3	2	64
0RB0LC_1LC1RB_1RA1LD_1RB0LD	qhb_00141	QHB_01.v	plain	A	3	3	64
0RB0LC_1LC1RC_1RA1LD_1RB0LD	qhb_00142	QHB_01.v	plain	A	11	2	64
0RB0LC_1LC1RD_1RA1LD_1RB0LD	qhb_00143	QHB_01.v	plain	A	3	2	64
0RB0LC_1RC---_1RD1RC_1LA0RC	qhb_00144	QHB_01.v	plain	B	1	3	64
0RB0LC_1RC0LD_1LA0RD_1LB1LD	qhb_00145	QHB_01.v	plain	A	5	3	64
0RB0LC_1RC1LB_1LA1LD_0LB1RD	qhb_00146	QHB_01.v	lex	A	5	2	64
0RB0LC_1RC1LB_1LA1RD_0LB1RD	qhb_00147	QHB_01.v	lex	A	5	2	64
0RB0LC_1RC1LB_1LA1RD_1LB0RD	qhb_00148	QHB_01.v	plain	A	5	3	64
0RB0LC_1RC1LB_1RD1LD_0LA0LB	qhb_00149	QHB_01.v	plain	A	7	2	64
0RB0LC_1RC1LB_1RD1LD_1LA0LB	qhb_00150	QHB_01.v	plain	A	7	2	64
0RB0LC_1RC1LD_1LA1RD_1LB0RD	qhb_00151	QHB_01.v	plain	A	5	2	64
0RB0LC_1RC1RA_1LC1LD_1RB0LD	qhb_00152	QHB_01.v	plain	A	6	2	64
0RB0LD_0LC1LD_1LA0RD_1RC1RD	qhb_00153	QHB_01.v	plain	B	4	3	64
0RB0LD_0LC1RB_1RD1LC_1LA1LB	qhb_00154	QHB_01.v	lex	A	6	2	64
0RB0LD_0LC1RD_1LA0RD_1RC1RD	qhb_00155	QHB_01.v	plain	B	4	3	64
0RB0LD_0RC1LD_1LA0RD_1RC1RD	qhb_00156	QHB_01.v	plain	B	4	3	64
0RB0LD_0RC1RD_1LA0RD_1RC1RD	qhb_00157	QHB_01.v	plain	B	4	3	64
0RB0LD_1LA0LC_1RD1LC_1RB1LB	qhb_00158	QHB_01.v	plain	A	10	2	64
0RB0LD_1LA1LC_0RD1LA_1RC1LD	qhb_00159	QHB_01.v	plain	B	3	2	64
0RB0LD_1LA1LC_1RA1LA_1RC1LD	qhb_00160	QHB_01.v	plain	B	3	2	64
0RB0LD_1LA1LC_1RC1LA_1RC1LD	qhb_00161	QHB_01.v	plain	B	3	2	64
0RB0LD_1LA1LC_1RD0LC_1LB1RB	qhb_00162	QHB_01.v	plain	A	13	2	64
0RB0LD_1LA1LC_1RD1LA_1RC1LD	qhb_00163	QHB_01.v	plain	B	3	2	64
0RB0LD_1LA1RC_0LD0LA_1RD1LC	qhb_00164	QHB_01.v	plain	B	3	3	64
0RB0LD_1LC---_0RD1LA_1RC1LD	qhb_00165	QHB_01.v	plain	B	1	2	64
0RB0LD_1LC---_1RA1LA_1RC1LD	qhb_00166	QHB_01.v	plain	B	1	2	64
0RB0LD_1LC---_1RC1LA_1RC1LD	qhb_00167	QHB_01.v	plain	B	1	2	64
0RB0LD_1LC---_1RD1LA_1RC1LD	qhb_00168	QHB_01.v	plain	B	1	2	64
0RB0LD_1LC0LA_1RC1RD_1LB0RD	qhb_00169	QHB_01.v	plain	A	6	2	64
0RB0LD_1LC0RA_1RC1RD_1LB0RD	qhb_00170	QHB_01.v	plain	A	9	2	64
0RB0LD_1LC0RD_0RA1LD_1RB0LD	qhb_00171	QHB_01.v	plain	A	3	2	64
0RB0LD_1LC0RD_1LA0RD_1RC1RD	qhb_00172	QHB_01.v	plain	B	4	3	64
0RB0LD_1LC0RD_1RA0LD_1RB1RD	qhb_00173	QHB_01.v	plain	A	3	3	64
0RB0LD_1LC0RD_1RA1LD_1RB0LD	qhb_00174	QHB_01.v	plain	A	3	2	64
0RB0LD_1LC1LD_1LA0RD_1RC1RD	qhb_00175	QHB_01.v	plain	B	4	3	64
0RB0LD_1LC1RA_0RC1RD_1LB0RD	qhb_00176	QHB_01.v	plain	A	6	2	64
0RB0LD_1LC1RA_1LA0RD_1RC1RD	qhb_00177	QHB_01.v	plain	B	4	3	64
0RB0LD_1LC1RA_1RC1RD_1LB0RD	qhb_00178	QHB_01.v	plain	A	6	2	64
0RB0LD_1LC1RB_0RA1LD_1RB0LD	qhb_00179	QHB_01.v	plain	A	3	3	64
0RB0LD_1LC1RB_1LA0RD_1RC1RD	qhb_00180	QHB_01.v	plain	B	6	3	64
0RB0LD_1LC1RB_1LD1RD_0RA0RB	qhb_00181	QHB_01.v	plain	A	6	2	64
0RB0LD_1LC1RB_1RA1LD_0RB1LD	qhb_00182	QHB_01.v	lex	A	3	2	64
0RB0LD_1LC1RB_1RA1LD_1RB0LD	qhb_00183	QHB_01.v	plain	A	3	3	64
0RB0LD_1LC1RB_1RA1RD_0RB1LD	qhb_00184	QHB_01.v	lex	A	3	2	64
0RB0LD_1LC1RC_0RA1LD_1RB0LD	qhb_00185	QHB_01.v	plain	A	3	2	64
0RB0LD_1LC1RC_1LA0RD_1RC1RD	qhb_00186	QHB_01.v	plain	B	4	3	64
0RB0LD_1LC1RC_1RA0RD_1LB1RD	qhb_00187	QHB_01.v	plain	A	3	2	64
0RB0LD_1LC1RC_1RA1LD_1RB0LD	qhb_00188	QHB_01.v	plain	A	3	2	64
0RB0LD_1LC1RD_1LA0RD_1RC1RD	qhb_00189	QHB_01.v	plain	B	4	3	64
0RB0LD_1RC0LA_1LC1LD_1RB0LD	qhb_00190	QHB_01.v	plain	A	6	2	64
0RB0LD_1RC0LD_0LA1RD_1LB0RD	qhb_00191	QHB_01.v	plain	A	3	2	64
0RB0LD_1RC0LD_1LA0RD_1LB1LD	qhb_00192	QHB_01.v	plain	A	3	3	64
0RB0LD_1RC0LD_1LA1RD_1LB0RD	qhb_00193	QHB_01.v	plain	A	3	2	64
0RB0LD_1RC0RA_1LC1LD_1RB0LD	qhb_00194	QHB_01.v	plain	A	6	2	64
0RB0LD_1RC1LA_1LC1LD_1RB0LD	qhb_00195	QHB_01.v	plain	A	6	2	64
0RB0LD_1RC1LB_0LA1RD_1LB0RD	qhb_00196	QHB_01.v	plain	A	3	3	64
0RB0LD_1RC1LB_1LA1RD_1LB0RD	qhb_00197	QHB_01.v	plain	A	3	3	64
0RB0LD_1RC1LC_0LA0LD_1RB1LD	qhb_00198	QHB_01.v	plain	A	7	2	64
0RB0LD_1RC1LC_0LA1RD_1LB0RD	qhb_00199	QHB_01.v	plain	A	3	2	64
0RB0LD_1RC1LC_1LA0LD_1RB1LD	qhb_00200	QHB_01.v	plain	A	3	2	64
0RB0LD_1RC1LC_1LA1RD_1LB0RD	qhb_00201	QHB_02.v	plain	A	3	2	64
0RB0LD_1RC1RA_1LC1LD_1RB0LD	qhb_00202	QHB_02.v	plain	A	6	2	64
0RB0RB_0LC1RB_1RD1LC_1LA1LB	qhb_00203	QHB_02.v	lex	A	4	2	64
0RB0RB_1LA1RC_0RD1LC_1LB1RD	qhb_00204	QHB_02.v	lex	A	7	2	64
0RB0RB_1LC0LA_1RC1RD_1LB0RD	qhb_00205	QHB_02.v	plain	A	6	2	64
0RB0RB_1LC1RB_1LD1RD_0RA0RB	qhb_00206	QHB_02.v	plain	A	4	2	64
0RB0RB_1LC1RB_1LD1RD_1RA0RB	qhb_00207	QHB_02.v	plain	A	4	2	64
0RB0RB_1RC0LA_1LC1LD_1RB0LD	qhb_00208	QHB_02.v	plain	A	6	2	64
0RB0RB_1RC0LD_1LA1RD_1LB0RD	qhb_00209	QHB_02.v	plain	A	3	2	64
0RB0RB_1RC1LB_1LA1LD_0LB1RD	qhb_00210	QHB_02.v	lex	A	3	2	64
0RB0RB_1RC1LB_1LA1RD_0LB1RD	qhb_00211	QHB_02.v	lex	A	3	2	64
0RB0RB_1RC1LB_1LA1RD_1LB0RD	qhb_00212	QHB_02.v	plain	A	3	3	64
0RB0RB_1RC1LB_1RD1LD_1LA0LB	qhb_00213	QHB_02.v	plain	A	4	2	64
0RB0RB_1RC1LD_1LA1RD_1LB0RD	qhb_00214	QHB_02.v	plain	A	3	2	64
0RB0RC_0LC0RC_1LD1RC_1LA1RA	qhb_00215	QHB_02.v	plain	B	5	2	64
0RB0RC_0LC0RD_1LD1RC_1LA1RA	qhb_00216	QHB_02.v	plain	B	8	2	64
0RB0RC_0LC1RA_1LD1RC_1LA1RA	qhb_00217	QHB_02.v	plain	B	5	2	64
0RB0RC_0LC1RB_1LD1RC_1LA1RA	qhb_00218	QHB_02.v	plain	B	7	2	64
0RB0RC_0LC1RB_1RD1LC_1LA1LB	qhb_00219	QHB_02.v	lex	A	4	2	64
0RB0RC_0LC1RB_1RD1LC_1LA1RB	qhb_00220	QHB_02.v	lex	A	4	2	64
0RB0RC_0LC1RC_1LD1RC_1LA1RA	qhb_00221	QHB_02.v	plain	B	5	2	64
0RB0RC_0LC1RD_1LD1RC_1LA1RA	qhb_00222	QHB_02.v	plain	B	8	2	64
0RB0RC_0RC0LA_1LD1RC_1LA1RA	qhb_00223	QHB_02.v	plain	B	7	2	64
0RB0RC_0RC0RC_1LD1RC_1LA1RA	qhb_00224	QHB_02.v	plain	B	5	2	64
0RB0RC_0RC1LB_1LD1RC_1LA1RA	qhb_00225	QHB_02.v	plain	B	6	2	64
0RB0RC_0RC1RA_1LD1RC_1LA1RA	qhb_00226	QHB_02.v	plain	B	5	2	64
0RB0RC_0RC1RB_1LD1RC_1LA1RA	qhb_00227	QHB_02.v	plain	B	7	2	64
0RB0RC_0RC1RC_1LD1RC_1LA1RA	qhb_00228	QHB_02.v	plain	B	5	2	64
0RB0RC_1LA0LC_1RD1LC_1RB1LB	qhb_00229	QHB_02.v	plain	A	7	2	64
0RB0RC_1LA0RC_1LD1RC_1LA1RA	qhb_00230	QHB_02.v	plain	B	7	2	64
0RB0RC_1LA1LC_0LD1RC_1RB1LD	qhb_00231	QHB_02.v	lex	A	7	2	64
0RB0RC_1LA1LC_1RD0LC_1LB1RB	qhb_00232	QHB_02.v	plain	A	7	2	64
0RB0RC_1LA1RB_0LD0RC_1RC1LD	qhb_00233	QHB_02.v	lex	B	4	2	64
0RB0RC_1LA1RB_0RD0LC_1LC1RD	qhb_00234	QHB_02.v	lex	B	4	2	64
0RB0RC_1LA1RB_1LC1RD_0RC0RA	qhb_00235	QHB_02.v	plain	B	4	3	64
0RB0RC_1LA1RB_1LD1LC_1RA0LC	qhb_00236	QHB_02.v	plain	B	4	3	64
0RB0RC_1LA1RB_1LD1RC_0RC0LD	qhb_00237	QHB_02.v	lex	B	4	2	64
0RB0RC_1LA1RB_1LD1RC_0RC1LD	qhb_00238	QHB_02.v	lex	B	4	2	64
0RB0RC_1LA1RB_1LD1RC_1LA1RA	qhb_00239	QHB_02.v	plain	B	4	2	64
0RB0RC_1LA1RB_1LD1RC_1LC1RA	qhb_00240	QHB_02.v	plain	B	4	2	64
0RB0RC_1LA1RB_1LD1RC_1LD1RA	qhb_00241	QHB_02.v	plain	B	4	2	64
0RB0RC_1LA1RB_1RD1LC_0LC0RD	qhb_00242	QHB_02.v	lex	B	4	2	64
0RB0RC_1LA1RB_1RD1LC_0LC1RD	qhb_00243	QHB_02.v	lex	B	4	2	64
0RB0RC_1LA1RC_0RD1LC_1LB1RD	qhb_00244	QHB_02.v	lex	A	7	2	64
0RB0RC_1LA1RC_1LD1LC_1RA0LC	qhb_00245	QHB_02.v	plain	B	3	3	64
0RB0RC_1LA1RC_1LD1RC_0LC1RA	qhb_00246	QHB_02.v	plain	B	3	2	64
0RB0RC_1LA1RC_1LD1RC_1LA1RA	qhb_00247	QHB_02.v	plain	B	3	2	64
0RB0RC_1LA1RC_1LD1RC_1LC1RA	qhb_00248	QHB_02.v	plain	B	3	2	64
0RB0RC_1LA1RC_1LD1RC_1LD1RA	qhb_00249	QHB_02.v	plain	B	3	2	64
0RB0RC_1LC---_1LD1LC_1RA0LC	qhb_00250	QHB_02.v	plain	B	1	3	64
0RB0RC_1LC0RA_1LD1RC_1LA1RA	qhb_00251	QHB_02.v	plain	B	5	2	64
0RB0RC_1LC0RC_1LD1RC_1LA1RA	qhb_00252	QHB_02.v	plain	B	5	2	64
0RB0RC_1LC0RD_1LD1RC_1LA1RA	qhb_00253	QHB_02.v	plain	B	5	2	64
0RB0RC_1LC1LA_1RC1RD_1LB0RD	qhb_00254	QHB_02.v	plain	A	6	2	64
0RB0RC_1LC1RA_1LD1RC_1LA1RA	qhb_00255	QHB_02.v	plain	B	5	2	64
0RB0RC_1LC1RB_1LD1RD_1RA0RB	qhb_00256	QHB_02.v	plain	A	7	2	64
0RB0RC_1LC1RC_1LD1RC_1LA1RA	qhb_00257	QHB_02.v	plain	B	5	2	64
0RB0RC_1LC1RD_1LD1RC_1LA1RA	qhb_00258	QHB_02.v	plain	B	5	2	64
0RB0RC_1RC---_1LD1LC_1RA0LC	qhb_00259	QHB_02.v	plain	B	1	3	64
0RB0RC_1RC---_1LD1RC_0LC1RA	qhb_00260	QHB_02.v	plain	B	1	2	64
0RB0RC_1RC---_1LD1RC_1LA1RA	qhb_00261	QHB_02.v	plain	B	1	2	64
0RB0RC_1RC---_1LD1RC_1LC1RA	qhb_00262	QHB_02.v	plain	B	1	2	64
0RB0RC_1RC---_1LD1RC_1LD1RA	qhb_00263	QHB_02.v	plain	B	1	2	64
0RB0RC_1RC0LD_1LA1RD_1LB0RD	qhb_00264	QHB_02.v	plain	A	3	2	64
0RB0RC_1RC1LB_1LA1RD_0LB1RD	qhb_00265	QHB_02.v	lex	A	3	2	64
0RB0RC_1RC1LB_1LA1RD_1LB0RD	qhb_00266	QHB_02.v	plain	A	3	3	64
0RB0RC_1RC1LB_1RD1LD_1LA0LB	qhb_00267	QHB_02.v	plain	A	10	2	64
0RB0RC_1RC1LD_1LA1RD_1LB0RD	qhb_00268	QHB_02.v	plain	A	3	2	64
0RB0RC_1RC1RA_1LC1LD_1RB0LD	qhb_00269	QHB_02.v	plain	A	6	2	64
0RB0RD_0LC0RD_1LA1RA_1LC1RD	qhb_00270	QHB_02.v	plain	B	8	2	64
0RB0RD_0LC1RA_1LA1RA_1LC1RD	qhb_00271	QHB_02.v	plain	B	6	2	64
0RB0RD_0LC1RB_1LA1RA_1LC1RD	qhb_00272	QHB_02.v	plain	B	8	2	64
0RB0RD_0LC1RC_1LA1RA_1LC1RD	qhb_00273	QHB_02.v	plain	B	4	2	64
0RB0RD_0LC1RD_1LA1RA_1LC1RD	qhb_00274	QHB_02.v	plain	B	4	2	64
0RB0RD_0RC0RD_1LA1RA_1LC1RD	qhb_00275	QHB_02.v	plain	B	8	2	64
0RB0RD_0RC1RC_1LA1RA_1LC1RD	qhb_00276	QHB_02.v	plain	B	4	2	64
0RB0RD_0RC1RD_1LA1RA_1LC1RD	qhb_00277	QHB_02.v	plain	B	4	2	64
0RB0RD_1LA0LC_1RD1LC_1RB1LB	qhb_00278	QHB_02.v	plain	A	13	2	64
0RB0RD_1LA1LC_0RD0RA_1LD1RC	qhb_00279	QHB_02.v	plain	B	3	3	64
0RB0RD_1LA1RC_0LD1RA_1LC1RD	qhb_00280	QHB_02.v	plain	B	3	2	64
0RB0RD_1LA1RC_1LA1RA_1LC1RD	qhb_00281	QHB_02.v	plain	B	3	2	64
0RB0RD_1LA1RC_1LC1RA_1LC1RD	qhb_00282	QHB_02.v	plain	B	3	2	64
0RB0RD_1LA1RC_1LD1RA_1LC1RD	qhb_00283	QHB_02.v	plain	B	3	2	64
0RB0RD_1LC0LA_1RC1RD_1LB0RD	qhb_00284	QHB_02.v	plain	A	6	2	64
0RB0RD_1LC0RA_1RC1RD_1LB0RD	qhb_00285	QHB_02.v	plain	A	6	2	64
0RB0RD_1LC0RC_1LA1RA_1LC1RD	qhb_00286	QHB_02.v	plain	B	7	2	64
0RB0RD_1LC0RD_0RA1LD_1RB0LD	qhb_00287	QHB_02.v	plain	A	3	2	64
0RB0RD_1LC0RD_1LA1RA_1LC1RD	qhb_00288	QHB_02.v	plain	B	4	2	64
0RB0RD_1LC0RD_1RA0LD_1RB1RD	qhb_00289	QHB_02.v	plain	A	3	3	64
0RB0RD_1LC0RD_1RA1LD_1RB0LD	qhb_00290	QHB_02.v	plain	A	3	2	64
0RB0RD_1LC1LA_1RC1RD_1LB0RD	qhb_00291	QHB_02.v	plain	A	6	2	64
0RB0RD_1LC1RA_1LA1RA_1LC1RD	qhb_00292	QHB_02.v	plain	B	4	2	64
0RB0RD_1LC1RA_1RC1RD_1LB0RD	qhb_00293	QHB_02.v	plain	A	6	2	64
0RB0RD_1LC1RB_0RA1LD_1RB0LD	qhb_00294	QHB_02.v	plain	A	3	3	64
0RB0RD_1LC1RB_1LA1RA_1LC1RD	qhb_00295	QHB_02.v	plain	B	6	2	64
0RB0RD_1LC1RB_1RA1LD_1RB0LD	qhb_00296	QHB_02.v	plain	A	3	3	64
0RB0RD_1LC1RC_0RA0RD_1LB1RD	qhb_00297	QHB_02.v	plain	A	7	2	64
0RB0RD_1LC1RC_0RA1LD_1RB0LD	qhb_00298	QHB_02.v	plain	A	3	2	64
0RB0RD_1LC1RC_1LA1RA_1LC1RD	qhb_00299	QHB_02.v	plain	B	7	2	64
0RB0RD_1LC1RC_1RA0RD_1LB1RD	qhb_00300	QHB_02.v	plain	A	3	2	64
0RB0RD_1LC1RC_1RA1LD_1RB0LD	qhb_00301	QHB_03.v	plain	A	3	2	64
0RB0RD_1LC1RD_1LA1RA_1LC1RD	qhb_00302	QHB_03.v	plain	B	4	2	64
0RB0RD_1RC---_0LD1RA_1LC1RD	qhb_00303	QHB_03.v	plain	B	1	2	64
0RB0RD_1RC---_1LA1RA_1LC1RD	qhb_00304	QHB_03.v	plain	B	1	2	64
0RB0RD_1RC---_1LC1RA_1LC1RD	qhb_00305	QHB_03.v	plain	B	1	2	64
0RB0RD_1RC---_1LD1RA_1LC1RD	qhb_00306	QHB_03.v	plain	B	1	2	64
0RB0RD_1RC0LA_1LC1LD_1RB0LD	qhb_00307	QHB_03.v	plain	A	9	2	64
0RB0RD_1RC0LD_0LA1RD_1LB0RD	qhb_00308	QHB_03.v	plain	A	3	2	64
0RB0RD_1RC0LD_1LA0RD_1LB1LD	qhb_00309	QHB_03.v	plain	A	3	3	64
0RB0RD_1RC0LD_1LA1RD_1LB0RD	qhb_00310	QHB_03.v	plain	A	3	2	64
0RB0RD_1RC0RA_1LC1LD_1RB0LD	qhb_00311	QHB_03.v	plain	A	6	2	64
0RB0RD_1RC1LA_0LC1LD_1RB0LD	qhb_00312	QHB_03.v	plain	A	6	2	64
0RB0RD_1RC1LA_1LC1LD_1RB0LD	qhb_00313	QHB_03.v	plain	A	6	2	64
0RB0RD_1RC1LB_0LA1RD_1LB0RD	qhb_00314	QHB_03.v	plain	A	3	3	64
0RB0RD_1RC1LB_1LA1LD_0LB1RD	qhb_00315	QHB_03.v	lex	A	3	2	64
0RB0RD_1RC1LB_1LA1RD_0LB1RD	qhb_00316	QHB_03.v	lex	A	3	2	64
0RB0RD_1RC1LB_1LA1RD_1LB0RD	qhb_00317	QHB_03.v	plain	A	3	3	64
0RB0RD_1RC1LC_0LA1RD_1LB0RD	qhb_00318	QHB_03.v	plain	A	3	2	64
0RB0RD_1RC1LC_1LA0LD_1RB1LD	qhb_00319	QHB_03.v	plain	A	3	2	64
0RB0RD_1RC1LC_1LA1RD_1LB0RD	qhb_00320	QHB_03.v	plain	A	3	2	64
0RB1LA_0LC1RB_1RD1LC_0LA1LB	qhb_00321	QHB_03.v	lex	A	5	2	64
0RB1LA_0LC1RB_1RD1LC_1LA1RB	qhb_00322	QHB_03.v	lex	A	5	2	64
0RB1LA_0LC1RD_1LA---_1LA0RD	qhb_00323	QHB_03.v	plain	C	2	2	64
0RB1LA_0LC1RD_1LA---_1LA1RD	qhb_00324	QHB_03.v	lex	C	2	2	64
0RB1LA_0LC1RD_1LD---_1LA0RD	qhb_00325	QHB_03.v	plain	C	2	2	64
0RB1LA_0LC1RD_1LD---_1LA1RD	qhb_00326	QHB_03.v	lex	C	2	2	64
0RB1LA_0LC1RD_1RB0LD_1LA0RD	qhb_00327	QHB_03.v	plain	C	4	2	64
0RB1LA_0LC1RD_1RB0RD_1LA0RD	qhb_00328	QHB_03.v	plain	C	4	2	64
0RB1LA_0LC1RD_1RB1LA_1LA0RD	qhb_00329	QHB_03.v	plain	C	4	2	64
0RB1LA_0LC1RD_1RB1LA_1LA1RD	qhb_00330	QHB_03.v	lex	C	4	2	64
0RB1LA_0LC1RD_1RB1LC_1LA0RD	qhb_00331	QHB_03.v	plain	C	5	2	64
0RB1LA_0LC1RD_1RB1LC_1LA1RD	qhb_00332	QHB_03.v	lex	C	5	2	64
0RB1LA_0LC1RD_1RB1LD_1LA0RD	qhb_00333	QHB_03.v	plain	C	4	2	64
0RB1LA_0LC1RD_1RB1LD_1LA1RD	qhb_00334	QHB_03.v	lex	C	4	2	64
0RB1LA_0LC1RD_1RB1RD_1LA0RD	qhb_00335	QHB_03.v	plain	C	4	2	64
0RB1LA_0LC1RD_1RB1RD_1LA1RD	qhb_00336	QHB_03.v	lex	C	4	2	64
0RB1LA_0LC1RD_1RD---_1LA0RD	qhb_00337	QHB_03.v	plain	C	2	2	64
0RB1LA_0LC1RD_1RD---_1LA1RD	qhb_00338	QHB_03.v	lex	C	2	2	64
0RB1LA_0RC1LB_1LD1RC_0RA1RB	qhb_00339	QHB_03.v	lex	A	5	2	64
0RB1LA_0RC1LB_1LD1RC_1RA1LB	qhb_00340	QHB_03.v	lex	A	6	2	64
0RB1LA_0RC1RD_1LA---_1LA0RD	qhb_00341	QHB_03.v	plain	C	2	2	64
0RB1LA_0RC1RD_1LA---_1LA1RD	qhb_00342	QHB_03.v	lex	C	2	2	64
0RB1LA_0RC1RD_1LB0LD_1LA0RD	qhb_00343	QHB_03.v	plain	C	4	2	64
0RB1LA_0RC1RD_1LB0RD_1LA0RD	qhb_00344	QHB_03.v	plain	C	4	2	64
0RB1LA_0RC1RD_1LB1LA_1LA0RD	qhb_00345	QHB_03.v	plain	C	4	2	64
0RB1LA_0RC1RD_1LB1LA_1LA1RD	qhb_00346	QHB_03.v	lex	C	4	2	64
0RB1LA_0RC1RD_1LB1LD_1LA0RD	qhb_00347	QHB_03.v	plain	C	4	2	64
0RB1LA_0RC1RD_1LB1LD_1LA1RD	qhb_00348	QHB_03.v	lex	C	4	2	64
0RB1LA_0RC1RD_1LB1RC_1LA0RD	qhb_00349	QHB_03.v	plain	C	5	2	64
0RB1LA_0RC1RD_1LB1RC_1LA1RD	qhb_00350	QHB_03.v	lex	C	5	2	64
0RB1LA_0RC1RD_1LB1RD_1LA0RD	qhb_00351	QHB_03.v	plain	C	4	2	64
0RB1LA_0RC1RD_1LB1RD_1LA1RD	qhb_00352	QHB_03.v	lex	C	4	2	64
0RB1LA_0RC1RD_1LD---_1LA0RD	qhb_00353	QHB_03.v	plain	C	2	2	64
0RB1LA_0RC1RD_1LD---_1LA1RD	qhb_00354	QHB_03.v	lex	C	2	2	64
0RB1LA_0RC1RD_1RD---_1LA0RD	qhb_00355	QHB_03.v	plain	C	2	2	64
0RB1LA_0RC1RD_1RD---_1LA1RD	qhb_00356	QHB_03.v	lex	C	2	2	64
0RB1LA_1LA0LC_1RD1LC_1RB1LB	qhb_00357	QHB_03.v	plain	A	9	2	64
0RB1LA_1LA1LC_1RD0LC_1LB1RB	qhb_00358	QHB_03.v	plain	A	9	2	64
0RB1LA_1LC0RD_0RA1LD_1RB0LD	qhb_00359	QHB_03.v	plain	A	4	2	64
0RB1LA_1LC0RD_1RA0LD_1RB1RD	qhb_00360	QHB_03.v	plain	A	5	3	64
0RB1LA_1LC0RD_1RA1LD_1RB0LD	qhb_00361	QHB_03.v	plain	A	5	2	64
0RB1LA_1LC1RB_0LD1LA_0RA---	qhb_00362	QHB_03.v	lex	D	3	2	64
0RB1LA_1LC1RB_0LD1LA_0RD1RB	qhb_00363	QHB_03.v	lex	D	5	2	64
0RB1LA_1LC1RB_0LD1LA_1RA---	qhb_00364	QHB_03.v	lex	D	3	2	64
0RB1LA_1LC1RB_0LD1LA_1RC0RD	qhb_00365	QHB_03.v	lex	D	6	2	64
0RB1LA_1LC1RB_0LD1LA_1RC1LA	qhb_00366	QHB_03.v	lex	D	5	2	64
0RB1LA_1LC1RB_0LD1LA_1RC1RD	qhb_00367	QHB_03.v	lex	D	6	2	64
0RB1LA_1LC1RB_0LD1LA_1RD0LA	qhb_00368	QHB_03.v	lex	D	5	2	64
0RB1LA_1LC1RB_0LD1LA_1RD0LB	qhb_00369	QHB_03.v	lex	D	5	2	64
0RB1LA_1LC1RB_0LD1LA_1RD0LC	qhb_00370	QHB_03.v	lex	D	5	2	64
0RB1LA_1LC1RB_0LD1RA_0RA---	qhb_00371	QHB_03.v	lex	D	3	2	64
0RB1LA_1LC1RB_0LD1RA_0RD1LA	qhb_00372	QHB_03.v	lex	D	5	2	64
0RB1LA_1LC1RB_0LD1RA_0RD1RA	qhb_00373	QHB_03.v	lex	D	9	2	64
0RB1LA_1LC1RB_0LD1RA_0RD1RB	qhb_00374	QHB_03.v	lex	D	5	2	64
0RB1LA_1LC1RB_0LD1RA_1RA---	qhb_00375	QHB_03.v	lex	D	3	2	64
0RB1LA_1LC1RB_0LD1RA_1RC0RA	qhb_00376	QHB_03.v	lex	D	5	2	64
0RB1LA_1LC1RB_0LD1RA_1RC1LD	qhb_00377	QHB_03.v	lex	D	6	2	64
0RB1LA_1LC1RB_0LD1RA_1RC1RA	qhb_00378	QHB_03.v	lex	D	5	2	64
0RB1LA_1LC1RB_0LD1RA_1RD0RB	qhb_00379	QHB_03.v	lex	D	16	2	64
0RB1LA_1LC1RB_0LD1RA_1RD1RA	qhb_00380	QHB_03.v	lex	D	9	2	64
0RB1LA_1LC1RB_0RA1LD_0RB1LD	qhb_00381	QHB_03.v	lex	A	4	2	64
0RB1LA_1LC1RB_0RA1LD_1RB0LD	qhb_00382	QHB_03.v	plain	A	4	3	64
0RB1LA_1LC1RB_0RA1RD_0RB1LD	qhb_00383	QHB_03.v	lex	A	4	2	64
0RB1LA_1LC1RB_0RD1LA_---1LA	qhb_00384	QHB_03.v	lex	D	3	2	64
0RB1LA_1LC1RB_0RD1LA_---1RB	qhb_00385	QHB_03.v	lex	D	3	2	64
0RB1LA_1LC1RB_0RD1LA_0LB1RC	qhb_00386	QHB_03.v	lex	D	5	2	64
0RB1LA_1LC1RB_0RD1LA_0LB1RD	qhb_00387	QHB_03.v	lex	D	4	2	64
0RB1LA_1LC1RB_0RD1LA_0RB1LD	qhb_00388	QHB_03.v	lex	D	4	2	64
0RB1LA_1LC1RB_0RD1LA_1LA0LD	qhb_00389	QHB_03.v	lex	D	4	2	64
0RB1LA_1LC1RB_0RD1LA_1LA0RD	qhb_00390	QHB_03.v	lex	D	4	2	64
0RB1LA_1LC1RB_0RD1LA_1LA1LD	qhb_00391	QHB_03.v	lex	D	4	2	64
0RB1LA_1LC1RB_0RD1LA_1LA1RD	qhb_00392	QHB_03.v	lex	D	4	2	64
0RB1LA_1LC1RB_0RD1LA_1LB1RD	qhb_00393	QHB_03.v	lex	D	4	2	64
0RB1LA_1LC1RB_0RD1LA_1LC1RD	qhb_00394	QHB_03.v	lex	D	4	2	64
0RB1LA_1LC1RB_0RD1LA_1LD1RC	qhb_00395	QHB_03.v	lex	D	7	2	64
0RB1LA_1LC1RB_0RD1LA_1RA1LD	qhb_00396	QHB_03.v	lex	D	4	2	64
0RB1LA_1LC1RB_0RD1LA_1RB0LC	qhb_00397	QHB_03.v	lex	D	5	2	64
0RB1LA_1LC1RB_0RD1LA_1RB0LD	qhb_00398	QHB_03.v	lex	D	4	2	64
0RB1LA_1LC1RB_0RD1LA_1RB0RC	qhb_00399	QHB_03.v	lex	D	5	2	64
0RB1LA_1LC1RB_0RD1LA_1RB0RD	qhb_00400	QHB_03.v	lex	D	4	2	64
0RB1LA_1LC1RB_0RD1LA_1RB1RC	qhb_00401	QHB_04.v	lex	D	5	2	64
0RB1LA_1LC1RB_0RD1LA_1RC1LD	qhb_00402	QHB_04.v	lex	D	4	2	64
0RB1LA_1LC1RB_0RD1RA_---1LA	qhb_00403	QHB_04.v	lex	D	3	2	64
0RB1LA_1LC1RB_0RD1RA_0LA1RD	qhb_00404	QHB_04.v	lex	D	4	2	64
0RB1LA_1LC1RB_0RD1RA_0LB1RC	qhb_00405	QHB_04.v	lex	D	5	2	64
0RB1LA_1LC1RB_0RD1RA_0LB1RD	qhb_00406	QHB_04.v	lex	D	4	2	64
0RB1LA_1LC1RB_0RD1RA_0RA1LD	qhb_00407	QHB_04.v	lex	D	4	2	64
0RB1LA_1LC1RB_0RD1RA_0RB1LD	qhb_00408	QHB_04.v	lex	D	4	2	64
0RB1LA_1LC1RB_0RD1RA_1LA0LC	qhb_00409	QHB_04.v	lex	D	5	2	64
0RB1LA_1LC1RB_0RD1RA_1LA0LD	qhb_00410	QHB_04.v	lex	D	4	2	64
0RB1LA_1LC1RB_0RD1RA_1LA0RC	qhb_00411	QHB_04.v	lex	D	5	2	64
0RB1LA_1LC1RB_0RD1RA_1LA0RD	qhb_00412	QHB_04.v	lex	D	4	2	64
0RB1LA_1LC1RB_0RD1RA_1LA1RC	qhb_00413	QHB_04.v	lex	D	5	2	64
0RB1LA_1LC1RB_0RD1RA_1RB0LC	qhb_00414	QHB_04.v	lex	D	5	2	64
0RB1LA_1LC1RB_0RD1RA_1RB0LD	qhb_00415	QHB_04.v	lex	D	4	2	64
0RB1LA_1LC1RB_0RD1RA_1RB0RC	qhb_00416	QHB_04.v	lex	D	5	2	64
0RB1LA_1LC1RB_0RD1RA_1RB0RD	qhb_00417	QHB_04.v	lex	D	4	2	64
0RB1LA_1LC1RB_0RD1RA_1RB1RC	qhb_00418	QHB_04.v	lex	D	5	2	64
0RB1LA_1LC1RB_1LD1LA_0RA---	qhb_00419	QHB_04.v	lex	D	3	2	64
0RB1LA_1LC1RB_1LD1LA_0RC---	qhb_00420	QHB_04.v	lex	D	3	2	64
0RB1LA_1LC1RB_1LD1LA_0RD0RB	qhb_00421	QHB_04.v	lex	D	4	2	64
0RB1LA_1LC1RB_1LD1LA_0RD1LA	qhb_00422	QHB_04.v	lex	D	4	2	64
0RB1LA_1LC1RB_1LD1LA_0RD1RA	qhb_00423	QHB_04.v	lex	D	4	2	64
0RB1LA_1LC1RB_1LD1LA_0RD1RC	qhb_00424	QHB_04.v	lex	D	4	2	64
0RB1LA_1LC1RB_1LD1LA_1RD0LA	qhb_00425	QHB_04.v	lex	D	4	2	64
0RB1LA_1LC1RB_1LD1LA_1RD0LC	qhb_00426	QHB_04.v	lex	D	4	2	64
0RB1LA_1LC1RB_1LD1LA_1RD0RB	qhb_00427	QHB_04.v	lex	D	4	2	64
0RB1LA_1LC1RB_1LD1RA_0RD0RA	qhb_00428	QHB_04.v	lex	D	4	2	64
0RB1LA_1LC1RB_1LD1RA_0RD0RB	qhb_00429	QHB_04.v	lex	D	4	2	64
0RB1LA_1LC1RB_1LD1RA_0RD0RC	qhb_00430	QHB_04.v	lex	D	9	2	64
0RB1LA_1LC1RB_1LD1RA_1RD0LC	qhb_00431	QHB_04.v	lex	D	4	2	64
0RB1LA_1LC1RB_1LD1RA_1RD0RA	qhb_00432	QHB_04.v	lex	D	4	2	64
0RB1LA_1LC1RB_1LD1RA_1RD0RB	qhb_00433	QHB_04.v	lex	D	4	2	64
0RB1LA_1LC1RB_1LD1RA_1RD0RC	qhb_00434	QHB_04.v	lex	D	9	2	64
0RB1LA_1LC1RB_1LD1RD_0RA0RB	qhb_00435	QHB_04.v	plain	A	5	2	64
0RB1LA_1LC1RB_1LD1RD_1RA0RB	qhb_00436	QHB_04.v	plain	A	6	2	64
0RB1LA_1LC1RB_1RA1LD_0RB1LD	qhb_00437	QHB_04.v	lex	A	5	2	64
0RB1LA_1LC1RB_1RA1LD_1RB0LD	qhb_00438	QHB_04.v	plain	A	5	3	64
0RB1LA_1LC1RB_1RD1LA_---0LA	qhb_00439	QHB_04.v	lex	D	3	2	64
0RB1LA_1LC1RB_1RD1LA_---0LB	qhb_00440	QHB_04.v	lex	D	3	2	64
0RB1LA_1LC1RB_1RD1LA_---0LC	qhb_00441	QHB_04.v	lex	D	3	2	64
0RB1LA_1LC1RB_1RD1LA_---1LA	qhb_00442	QHB_04.v	lex	D	3	2	64
0RB1LA_1LC1RB_1RD1LA_---1LC	qhb_00443	QHB_04.v	lex	D	3	2	64
0RB1LA_1LC1RB_1RD1LA_0LA1RD	qhb_00444	QHB_04.v	lex	D	4	2	64
0RB1LA_1LC1RB_1RD1LA_0LB0RC	qhb_00445	QHB_04.v	lex	D	5	2	64
0RB1LA_1LC1RB_1RD1LA_0LB0RD	qhb_00446	QHB_04.v	lex	D	4	2	64
0RB1LA_1LC1RB_1RD1LA_0LC0RD	qhb_00447	QHB_04.v	lex	D	6	2	64
0RB1LA_1LC1RB_1RD1LA_0LC1RD	qhb_00448	QHB_04.v	lex	D	4	2	64
0RB1LA_1LC1RB_1RD1LA_0RA1LD	qhb_00449	QHB_04.v	lex	D	5	2	64
