machine	theorem	file	L	T	t	contexts
1RB0LB_0LC0LA_1RC0RD_1LB1LA	nqh_1RB0LB_0LC0LA_1RC0RD_1LB1LA	theories/Machines/RepWL_Batch_01.v	2	2	0	489
1RB0LB_0LC0LA_1RD1LC_1RC1RA	nqh_1RB0LB_0LC0LA_1RD1LC_1RC1RA	theories/Machines/RepWL_Batch_01.v	2	2	0	397
1RB0LB_0LC0LA_1RD1LC_1RD1RA	nqh_1RB0LB_0LC0LA_1RD1LC_1RD1RA	theories/Machines/RepWL_Batch_01.v	2	2	0	397
1RB0LB_0LC0LB_1RD1LC_1RC1RA	nqh_1RB0LB_0LC0LB_1RD1LC_1RC1RA	theories/Machines/RepWL_Batch_01.v	2	2	0	397
1RB0LB_0LC0LB_1RD1LC_1RD1RA	nqh_1RB0LB_0LC0LB_1RD1LC_1RD1RA	theories/Machines/RepWL_Batch_01.v	2	2	0	397
1RB0LB_0RC0RD_1LC1LA_1RA1RD	nqh_1RB0LB_0RC0RD_1LC1LA_1RA1RD	theories/Machines/RepWL_Batch_01.v	3	2	0	4317
1RB0LB_1LA0RC_0RD0RB_1LD1LB	nqh_1RB0LB_1LA0RC_0RD0RB_1LD1LB	theories/Machines/RepWL_Batch_01.v	2	2	0	1216
1RB0LB_1LA0RC_1LD0RB_1LD1LA	nqh_1RB0LB_1LA0RC_1LD0RB_1LD1LA	theories/Machines/RepWL_Batch_01.v	2	3	0	1411
1RB0LB_1LC0LA_0RC0LD_1RD1RB	nqh_1RB0LB_1LC0LA_0RC0LD_1RD1RB	theories/Machines/RepWL_Batch_01.v	2	2	0	479
1RB0LB_1RC1RB_1LD0RC_1LC1LA	nqh_1RB0LB_1RC1RB_1LD0RC_1LC1LA	theories/Machines/RepWL_Batch_01.v	2	2	0	333
1RB0LC_0LC0LD_1RC1RD_1LA0LB	nqh_1RB0LC_0LC0LD_1RC1RD_1LA0LB	theories/Machines/RepWL_Batch_01.v	2	2	0	448
1RB0LC_0LC0RB_1RC1RD_1LA0LD	nqh_1RB0LC_0LC0RB_1RC1RD_1LA0LD	theories/Machines/RepWL_Batch_01.v	2	2	0	481
1RB0LC_0LC1RC_1RC1RD_1LA0LD	nqh_1RB0LC_0LC1RC_1RC1RD_1LA0LD	theories/Machines/RepWL_Batch_01.v	2	2	0	463
1RB0LC_1LA1RC_0RB1RD_1LA0LD	nqh_1RB0LC_1LA1RC_0RB1RD_1LA0LD	theories/Machines/RepWL_Batch_01.v	2	2	0	583
1RB0LC_1LA1RC_1RC1RD_1LA0LD	nqh_1RB0LC_1LA1RC_1RC1RD_1LA0LD	theories/Machines/RepWL_Batch_01.v	2	2	0	461
1RB0LC_1RC1RA_1LA0RD_1RD0RB	nqh_1RB0LC_1RC1RA_1LA0RD_1RD0RB	theories/Machines/RepWL_Batch_01.v	4	2	0	2889
1RB0LD_0LC0RA_1LA1RD_1RC1LB	nqh_1RB0LD_0LC0RA_1LA1RD_1RC1LB	theories/Machines/RepWL_Batch_01.v	2	2	0	421
1RB0LD_0LC1RD_0RB1LC_1RB1LA	nqh_1RB0LD_0LC1RD_0RB1LC_1RB1LA	theories/Machines/RepWL_Batch_01.v	2	2	0	739
1RB0LD_1LC0LB_0RA1LA_1RD1RB	nqh_1RB0LD_1LC0LB_0RA1LA_1RD1RB	theories/Machines/RepWL_Batch_01.v	2	2	0	452
1RB0LD_1LC0RA_1LA1LB_1LD0LC	nqh_1RB0LD_1LC0RA_1LA1LB_1LD0LC	theories/Machines/RepWL_Batch_01.v	4	2	0	2897
1RB0LD_1LC0RA_1RD1LB_1RC1LA	nqh_1RB0LD_1LC0RA_1RD1LB_1RC1LA	theories/Machines/RepWL_Batch_01.v	2	2	0	290
1RB0LD_1LC1RA_1LB1RD_1LA0RC	nqh_1RB0LD_1LC1RA_1LB1RD_1LA0RC	theories/Machines/RepWL_Batch_01.v	2	2	0	272
1RB0RB_0RC0RA_1LD0LA_1LD1LB	nqh_1RB0RB_0RC0RA_1LD0LA_1LD1LB	theories/Machines/RepWL_Batch_01.v	2	2	0	468
1RB0RB_0RC0RA_1LD1RC_1LC1LA	nqh_1RB0RB_0RC0RA_1LD1RC_1LC1LA	theories/Machines/RepWL_Batch_01.v	2	2	0	471
1RB0RB_0RC0RB_1LD1RC_1LC1LA	nqh_1RB0RB_0RC0RB_1LD1RC_1LC1LA	theories/Machines/RepWL_Batch_01.v	2	2	0	471
1RB0RB_1LC0LD_1RA1LC_1RA0LB	nqh_1RB0RB_1LC0LD_1RA1LC_1RA0LB	theories/Machines/RepWL_Batch_01.v	2	2	0	635
1RB0RB_1LC1RA_0RD1LB_0LC1RD	nqh_1RB0RB_1LC1RA_0RD1LB_0LC1RD	theories/Machines/RepWL_Batch_01.v	2	2	0	738
1RB0RB_1RC0RA_0LC0RD_1LD1LB	nqh_1RB0RB_1RC0RA_0LC0RD_1LD1LB	theories/Machines/RepWL_Batch_02.v	2	2	0	480
1RB0RC_0LC1RA_0LD1LC_1RD1LA	nqh_1RB0RC_0LC1RA_0LD1LC_1RD1LA	theories/Machines/RepWL_Batch_02.v	2	2	0	564
1RB0RC_0RC1RB_0RD0RA_1LD1LA	nqh_1RB0RC_0RC1RB_0RD0RA_1LD1LA	theories/Machines/RepWL_Batch_02.v	2	2	0	376
1RB0RC_1LA0RD_1LC1LB_0RC0RB	nqh_1RB0RC_1LA0RD_1LC1LB_0RC0RB	theories/Machines/RepWL_Batch_02.v	2	3	0	790
1RB0RD_0RC0RB_1LC0LA_1LD1LB	nqh_1RB0RD_0RC0RB_1LC0LA_1LD1LB	theories/Machines/RepWL_Batch_02.v	2	2	0	495
1RB0RD_0RC0RB_1LC0LA_1LD1RB	nqh_1RB0RD_0RC0RB_1LC0LA_1LD1RB	theories/Machines/RepWL_Batch_02.v	2	2	0	511
1RB0RD_0RC0RB_1LD0LA_1LC1LA	nqh_1RB0RD_0RC0RB_1LD0LA_1LC1LA	theories/Machines/RepWL_Batch_02.v	2	2	0	840
1RB0RD_0RC0RB_1LD0LA_1LC1LB	nqh_1RB0RD_0RC0RB_1LD0LA_1LC1LB	theories/Machines/RepWL_Batch_02.v	2	2	0	495
1RB0RD_0RC0RB_1LD0LA_1LC1RB	nqh_1RB0RD_0RC0RB_1LD0LA_1LC1RB	theories/Machines/RepWL_Batch_02.v	2	2	0	511
1RB0RD_0RC0RD_1LC0LA_0RA0RB	nqh_1RB0RD_0RC0RD_1LC0LA_0RA0RB	theories/Machines/RepWL_Batch_02.v	2	2	0	460
1RB0RD_0RC0RD_1LC0LA_0RB0RB	nqh_1RB0RD_0RC0RD_1LC0LA_0RB0RB	theories/Machines/RepWL_Batch_02.v	2	2	0	460
1RB0RD_0RC1LA_1LC0LA_0RB1RC	nqh_1RB0RD_0RC1LA_1LC0LA_0RB1RC	theories/Machines/RepWL_Batch_02.v	2	2	0	856
1RB0RD_0RC1LD_1LC0LA_0RA0RB	nqh_1RB0RD_0RC1LD_1LC0LA_0RA0RB	theories/Machines/RepWL_Batch_02.v	2	2	0	566
1RB0RD_0RC1RC_1LC0LA_0RA0RB	nqh_1RB0RD_0RC1RC_1LC0LA_0RA0RB	theories/Machines/RepWL_Batch_02.v	4	2	0	3926
1RB0RD_0RC1RC_1LC0LA_0RB---	nqh_1RB0RD_0RC1RC_1LC0LA_0RBXXX	theories/Machines/RepWL_Batch_02.v	2	2	0	592
1RB0RD_0RC1RD_1LC0LA_0RB0LA	nqh_1RB0RD_0RC1RD_1LC0LA_0RB0LA	theories/Machines/RepWL_Batch_02.v	2	2	0	592
1RB0RD_1LC0RB_1LB1RA_0RB1RD	nqh_1RB0RD_1LC0RB_1LB1RA_0RB1RD	theories/Machines/RepWL_Batch_02.v	2	2	0	654
1RB0RD_1LC1RA_0LB1LA_1RA0LB	nqh_1RB0RD_1LC1RA_0LB1LA_1RA0LB	theories/Machines/RepWL_Batch_02.v	2	2	0	440
1RB0RD_1LC1RB_1LB1LA_0RB0RA	nqh_1RB0RD_1LC1RB_1LB1LA_0RB0RA	theories/Machines/RepWL_Batch_02.v	2	2	0	382
1RB0RD_1LC1RB_1LB1LA_0RB0RD	nqh_1RB0RD_1LC1RB_1LB1LA_0RB0RD	theories/Machines/RepWL_Batch_02.v	2	2	0	382
1RB0RD_1LC1RB_1LC1LA_0RB0RA	nqh_1RB0RD_1LC1RB_1LC1LA_0RB0RA	theories/Machines/RepWL_Batch_02.v	2	2	0	382
1RB0RD_1LC1RB_1LC1LA_0RB0RD	nqh_1RB0RD_1LC1RB_1LC1LA_0RB0RD	theories/Machines/RepWL_Batch_02.v	2	2	0	382
1RB0RD_1LC1RB_1LC1LA_0RC0RA	nqh_1RB0RD_1LC1RB_1LC1LA_0RC0RA	theories/Machines/RepWL_Batch_02.v	2	2	0	382
1RB0RD_1LC1RB_1LC1LA_0RC0RD	nqh_1RB0RD_1LC1RB_1LC1LA_0RC0RD	theories/Machines/RepWL_Batch_02.v	2	2	0	382
1RB0RD_1RC0RB_0LA1RA_1LD1LB	nqh_1RB0RD_1RC0RB_0LA1RA_1LD1LB	theories/Machines/RepWL_Batch_02.v	2	2	0	444
1RB1LA_0LA1RC_1RB1LD_0RB0LC	nqh_1RB1LA_0LA1RC_1RB1LD_0RB0LC	theories/Machines/RepWL_Batch_02.v	2	2	0	695
1RB1LA_0LC0LD_1RC1RD_1LA0LB	nqh_1RB1LA_0LC0LD_1RC1RD_1LA0LB	theories/Machines/RepWL_Batch_02.v	2	2	0	392
1RB1LA_0LC1RC_1RC1RD_1LA0LD	nqh_1RB1LA_0LC1RC_1RC1RD_1LA0LD	theories/Machines/RepWL_Batch_03.v	2	2	0	379
1RB1LA_0RC1LC_1LD0LA_0RB1LB	nqh_1RB1LA_0RC1LC_1LD0LA_0RB1LB	theories/Machines/RepWL_Batch_03.v	2	2	0	653
1RB1LA_0RC1LC_1LD0LA_1LD1LB	nqh_1RB1LA_0RC1LC_1LD0LA_1LD1LB	theories/Machines/RepWL_Batch_03.v	2	2	0	623
1RB1LA_1LA0RC_0RD0RB_1LD1LB	nqh_1RB1LA_1LA0RC_0RD0RB_1LD1LB	theories/Machines/RepWL_Batch_03.v	2	3	0	782
1RB1LA_1LA1RC_0RB1RD_1LA0LD	nqh_1RB1LA_1LA1RC_0RB1RD_1LA0LD	theories/Machines/RepWL_Batch_03.v	2	2	0	491
1RB1LA_1LA1RC_1RC1RD_1LA0LD	nqh_1RB1LA_1LA1RC_1RC1RD_1LA0LD	theories/Machines/RepWL_Batch_03.v	2	2	0	377
1RB1LA_1LC1RD_0LD0LC_1LA1RB	nqh_1RB1LA_1LC1RD_0LD0LC_1LA1RB	theories/Machines/RepWL_Batch_03.v	2	3	0	1241
1RB1LA_1LC1RD_0RD0LC_1LA1RB	nqh_1RB1LA_1LC1RD_0RD0LC_1LA1RB	theories/Machines/RepWL_Batch_03.v	2	3	0	1309
1RB1LA_1LC1RD_1LA0LC_1LA1RB	nqh_1RB1LA_1LC1RD_1LA0LC_1LA1RB	theories/Machines/RepWL_Batch_03.v	2	3	0	1283
1RB1LA_1RC0RB_1LD0LA_1LC0RD	nqh_1RB1LA_1RC0RB_1LD0LA_1LC0RD	theories/Machines/RepWL_Batch_03.v	2	3	0	753
1RB1LC_0LC0RB_1RD1LA_1LA1RD	nqh_1RB1LC_0LC0RB_1RD1LA_1LA1RD	theories/Machines/RepWL_Batch_03.v	2	3	0	1301
1RB1LC_0RC0RB_1RD1LA_1LA1RD	nqh_1RB1LC_0RC0RB_1RD1LA_1LA1RD	theories/Machines/RepWL_Batch_03.v	2	3	0	1275
1RB1LC_1LA1RB_1RD1LA_0LB0RD	nqh_1RB1LC_1LA1RB_1RD1LA_0LB0RD	theories/Machines/RepWL_Batch_03.v	2	3	0	1342
1RB1LC_1LA1RB_1RD1LA_0LC0RD	nqh_1RB1LC_1LA1RB_1RD1LA_0LC0RD	theories/Machines/RepWL_Batch_03.v	2	3	0	1352
1RB1LC_1LA1RB_1RD1LA_0RB0RD	nqh_1RB1LC_1LA1RB_1RD1LA_0RB0RD	theories/Machines/RepWL_Batch_03.v	2	3	0	1284
1RB1LC_1LA1RB_1RD1LA_1LA0RD	nqh_1RB1LC_1LA1RB_1RD1LA_1LA0RD	theories/Machines/RepWL_Batch_03.v	2	3	0	1310
1RB1LC_1LA1RB_1RD1LA_1RA0RD	nqh_1RB1LC_1LA1RB_1RD1LA_1RA0RD	theories/Machines/RepWL_Batch_03.v	2	3	0	1276
1RB1LC_1LC0RB_1RD1LA_1LC1RD	nqh_1RB1LC_1LC0RB_1RD1LA_1LC1RD	theories/Machines/RepWL_Batch_03.v	2	3	0	1310
1RB1LC_1RC0RB_1RD1LA_1LC1RD	nqh_1RB1LC_1RC0RB_1RD1LA_1LC1RD	theories/Machines/RepWL_Batch_03.v	2	3	0	1290
1RB1LC_1RC1RA_0LD0LA_0RA1LD	nqh_1RB1LC_1RC1RA_0LD0LA_0RA1LD	theories/Machines/RepWL_Batch_03.v	2	2	0	325
1RB1LC_1RC1RA_0LD0LA_1LA1LD	nqh_1RB1LC_1RC1RA_0LD0LA_1LA1LD	theories/Machines/RepWL_Batch_03.v	2	2	0	282
1RB1LD_0LC0RB_1LD1RC_1RC1LA	nqh_1RB1LD_0LC0RB_1LD1RC_1RC1LA	theories/Machines/RepWL_Batch_03.v	2	3	0	1344
1RB1LD_0LC1RA_0RA1LC_0RB0LA	nqh_1RB1LD_0LC1RA_0RA1LC_0RB0LA	theories/Machines/RepWL_Batch_03.v	2	2	0	791
1RB1LD_0LC1RA_0RB1LC_---0LA	nqh_1RB1LD_0LC1RA_0RB1LC_XXX0LA	theories/Machines/RepWL_Batch_03.v	2	2	0	739
1RB1LD_0LC1RA_1LA1LC_0RB0LA	nqh_1RB1LD_0LC1RA_1LA1LC_0RB0LA	theories/Machines/RepWL_Batch_03.v	2	2	0	753
1RB1LD_0LC1RA_1RB1LC_0RB0LA	nqh_1RB1LD_0LC1RA_1RB1LC_0RB0LA	theories/Machines/RepWL_Batch_03.v	2	2	0	695
1RB1LD_0LC1RA_1RD1LC_0RB0LA	nqh_1RB1LD_0LC1RA_1RD1LC_0RB0LA	theories/Machines/RepWL_Batch_03.v	2	2	0	831
1RB1LD_0RC0RB_1LD1RC_1RC1LA	nqh_1RB1LD_0RC0RB_1LD1RC_1RC1LA	theories/Machines/RepWL_Batch_04.v	2	3	0	1298
1RB1LD_1LC0RD_0RA0LB_1LA1RC	nqh_1RB1LD_1LC0RD_0RA0LB_1LA1RC	theories/Machines/RepWL_Batch_04.v	2	2	0	437
1RB1LD_1RC0RA_0LA1RB_0LD1LC	nqh_1RB1LD_1RC0RA_0LA1RB_0LD1LC	theories/Machines/RepWL_Batch_04.v	4	2	0	2963
1RB1LD_1RC0RB_1LA0RD_1LD1LB	nqh_1RB1LD_1RC0RB_1LA0RD_1LD1LB	theories/Machines/RepWL_Batch_04.v	2	2	0	460
1RB1LD_1RC0RB_1LA1RC_1LD1LB	nqh_1RB1LD_1RC0RB_1LA1RC_1LD1LB	theories/Machines/RepWL_Batch_04.v	2	2	0	376
1RB1LD_1RC0RB_1LA1RC_1RC1LA	nqh_1RB1LD_1RC0RB_1LA1RC_1RC1LA	theories/Machines/RepWL_Batch_04.v	2	3	0	1260
1RB1RA_1LB1LC_0RA0RD_0RB0RC	nqh_1RB1RA_1LB1LC_0RA0RD_0RB0RC	theories/Machines/RepWL_Batch_04.v	2	2	0	218
1RB1RA_1LB1LC_0RA0RD_0RB0RD	nqh_1RB1RA_1LB1LC_0RA0RD_0RB0RD	theories/Machines/RepWL_Batch_04.v	2	2	0	218
1RB1RA_1LB1LC_0RD0RC_1LB1RA	nqh_1RB1RA_1LB1LC_0RD0RC_1LB1RA	theories/Machines/RepWL_Batch_04.v	2	2	0	218
1RB1RA_1LC0RB_1LB1LD_0RA0LA	nqh_1RB1RA_1LC0RB_1LB1LD_0RA0LA	theories/Machines/RepWL_Batch_04.v	2	2	0	708
1RB1RA_1LC0RB_1LB1LD_1RA0LA	nqh_1RB1RA_1LC0RB_1LB1LD_1RA0LA	theories/Machines/RepWL_Batch_04.v	2	2	0	388
1RB1RA_1LC0RB_1LD1RC_1LB0LA	nqh_1RB1RA_1LC0RB_1LD1RC_1LB0LA	theories/Machines/RepWL_Batch_04.v	3	2	0	4197
1RB1RA_1LC0RC_1LA0LD_0RB0LC	nqh_1RB1RA_1LC0RC_1LA0LD_0RB0LC	theories/Machines/RepWL_Batch_04.v	2	2	0	424
1RB1RA_1LC1RA_1LB1LD_0RB0RD	nqh_1RB1RA_1LC1RA_1LB1LD_0RB0RD	theories/Machines/RepWL_Batch_04.v	2	2	0	218
1RB1RA_1LC1RA_1LC1LD_0RB0RD	nqh_1RB1RA_1LC1RA_1LC1LD_0RB0RD	theories/Machines/RepWL_Batch_04.v	2	2	0	218
1RB1RA_1LC1RD_0RA1LB_0LC0RB	nqh_1RB1RA_1LC1RD_0RA1LB_0LC0RB	theories/Machines/RepWL_Batch_04.v	2	2	0	738
1RB1RA_1LC1RD_1LD1LB_0RA0RB	nqh_1RB1RA_1LC1RD_1LD1LB_0RA0RB	theories/Machines/RepWL_Batch_04.v	2	2	0	273
1RB1RC_0RC0RB_1LD0LA_1LC0RB	nqh_1RB1RC_0RC0RB_1LD0LA_1LC0RB	theories/Machines/RepWL_Batch_04.v	2	2	0	486
1RB1RC_0RC0RD_1LD0LA_1LC0RB	nqh_1RB1RC_0RC0RD_1LD0LA_1LC0RB	theories/Machines/RepWL_Batch_04.v	6	2	0	13994
1RB1RC_1LC0RD_1RA0LB_1RD0RA	nqh_1RB1RC_1LC0RD_1RA0LB_1RD0RA	theories/Machines/RepWL_Batch_04.v	4	2	0	2880
1RB1RD_0LC0LD_0RD1LC_1RA1LB	nqh_1RB1RD_0LC0LD_0RD1LC_1RA1LB	theories/Machines/RepWL_Batch_04.v	2	2	0	393
1RB1RD_0LC0LD_1LD1LC_1RA1LB	nqh_1RB1RD_0LC0LD_1LD1LC_1RA1LB	theories/Machines/RepWL_Batch_04.v	2	2	0	320
1RB1RD_0RC0RD_1LC0LA_1LB0RB	nqh_1RB1RD_0RC0RD_1LC0LA_1LB0RB	theories/Machines/RepWL_Batch_04.v	2	2	0	486
1RB1RD_1LC0LB_1RA0LD_1RD1RB	nqh_1RB1RD_1LC0LB_1RA0LD_1RD1RB	theories/Machines/RepWL_Batch_04.v	2	2	0	461
1RB1RD_1LC0LB_1RA1LC_1RD1RB	nqh_1RB1RD_1LC0LB_1RA1LC_1RD1RB	theories/Machines/RepWL_Batch_04.v	2	2	0	377
