0RB---_0LC0RA_0LD---_1RA1LC	2	2	40	20000	33
0RB---_0LC0RA_0LD1LC_1RA1RB	2	2	40	20000	53
0RB---_0LC0RA_0LD1RA_1RB1LC	2	2	40	20000	47
0RB---_0LC0RA_1RB0LD_1LC---	2	2	40	20000	35
0RB---_0LC1RA_1RB0LD_1LA1LC	2	2	40	20000	50
0RB---_0LC1RB_0LD0RA_1RA1LC	2	2	40	20000	51
0RB---_1LC1LB_1RD1LA_0LB0RD	2	2	40	20000	53
0RB---_1LC1RA_0LD---_0RA0LC	2	2	40	20000	33
0RB---_1LC1RA_0LD1RB_1RD0LC	2	2	40	20000	35
0RB0LA_0RC1RC_1LD1RD_1LA1RB	2	2	40	20000	72
0RB0LA_1LA0RC_1LD---_1RD1RB	2	2	40	20000	49
0RB0LA_1LA0RC_1LD1RB_1RC---	2	2	40	20000	49
0RB0LA_1LA0RC_1LD1RB_1RD1RC	2	2	40	20000	52
0RB0LA_1LA1RC_0LC1RD_1RB---	2	2	40	20000	49
0RB0LA_1LA1RC_0LD---_1RB1RD	2	2	40	20000	49
0RB0LA_1LA1RC_0RD1RD_1LB1RB	2	2	40	20000	70
0RB0LA_1LA1RC_1LA1RD_1RB---	2	2	40	20000	56
0RB0LA_1LA1RC_1LB1RD_1RB---	2	2	40	20000	40
0RB0LA_1LA1RC_1LC1RD_---1RB	2	2	40	20000	49
0RB0LA_1LA1RC_1LD---_1RB1RD	4	2	40	20000	45
0RB0LA_1LA1RC_1RB---_------	2	2	40	20000	35
0RB0LA_1LA1RC_1RD---_0LD1RB	4	2	40	20000	96
0RB0LA_1LA1RC_1RD---_1LA1RB	2	2	40	20000	62
0RB0LA_1LA1RC_1RD---_1RB---	2	2	40	20000	30
0RB0LA_1LA1RC_1RD1RB_1LB---	4	2	40	20000	54
0RB0LA_1LC0RA_1LD---_1RB0LC	2	2	40	20000	43
0RB0LA_1LC0RC_1LA1RD_1RB1RC	4	2	40	20000	74
0RB0LA_1RC---_0LC1RD_1LA1RB	4	2	40	20000	116
0RB0LA_1RC---_1LA0LD_1RB1RD	2	2	40	20000	53
0RB0LA_1RC---_1LA1LD_1RB1RD	4	2	40	20000	66
0RB0LA_1RC---_1LA1RB_------	2	2	40	20000	33
0RB0LA_1RC---_1LA1RD_0LD1RB	2	2	40	20000	53
0RB0LA_1RC---_1LA1RD_1LA1RB	2	2	40	20000	60
0RB0LA_1RC---_1LA1RD_1LC1RB	2	2	40	20000	36
0RB0LA_1RC---_1LA1RD_1RB---	2	2	40	20000	28
0RB0LA_1RC---_1LC1RD_1RB1LA	4	2	40	20000	66
0RB0LA_1RC---_1LD1RD_1RB0LA	2	2	40	20000	34
0RB0LA_1RC---_1RD---_1LA1RB	2	2	40	20000	30
0RB0LA_1RC---_1RD0LA_1LC1RB	2	2	40	20000	34
0RB0LA_1RC---_1RD1RB_1LA0LC	2	2	40	20000	62
0RB0LA_1RC0LA_1LB1RD_1RB---	2	2	40	20000	34
0RB0LA_1RC0LA_1RD---_1LB1RB	2	2	40	20000	34
0RB0LA_1RC0RD_1RD1RB_1LA1LB	4	2	40	20000	67
0RB0LA_1RC1LA_1RD---_1LD1RB	4	2	40	20000	58
0RB0LA_1RC1LB_0RD1RD_1LA1RB	4	2	40	20000	121
0RB0LA_1RC1LB_1RD1RB_1LA0RD	4	2	40	20000	54
0RB0LA_1RC1LD_0RD1RD_1LA1RB	2	2	40	20000	38
0RB0LA_1RC1LD_1LA0RC_1RD1RB	2	2	40	20000	44
0RB0LA_1RC1RB_1LA1RD_0LB---	2	2	40	20000	53
0RB0LA_1RC1RB_1LA1RD_1LB---	4	2	40	20000	49
0RB0LA_1RC1RB_1LD0RC_1LB0LA	4	2	40	20000	69
0RB0LA_1RC1RB_1RD---_1LA0LB	2	2	40	20000	62
0RB0LA_1RC1RB_1RD---_1LA1LB	4	2	40	20000	58
0RB0LA_1RC1RD_1LA0LB_1RB---	2	2	40	20000	53
0RB0LA_1RC1RD_1LA0RD_1LD1RB	4	2	40	20000	69
0RB0LA_1RC1RD_1LA1LB_---1RB	2	2	40	20000	53
0RB0LA_1RC1RD_1LD---_1LA1RB	4	2	40	20000	61
0RB0LB_0RC0LA_1LB1RD_1RC---	2	2	40	20000	35
0RB0LB_0RC0LA_1RD---_1LA1RC	2	2	40	20000	33
0RB0LB_0RC1LA_1LB1RD_1LA1RC	2	2	40	20000	47
0RB0LB_0RC1LA_1LB1RD_1LC1RC	2	2	40	20000	35
0RB0LB_0RC1LA_1LB1RD_1RC0LA	2	2	40	20000	73
0RB0LB_0RC1LA_1LB1RD_1RC0LC	2	2	40	20000	45
0RB0LB_0RC1LA_1LB1RD_1RC1RC	2	2	40	20000	45
0RB0LB_0RC1LD_1RD0LA_1LA1RC	2	2	40	20000	51
0RB0LB_1LC1LA_1RD1RC_0LA0RC	2	2	40	20000	58
0RB0LB_1RC0LA_1LB1RD_1RC---	2	2	40	20000	39
0RB0LB_1RC0LA_1RD---_1LA1RC	2	2	40	20000	39
0RB0LB_1RC0LC_1RD0LA_1LB1RB	2	2	40	20000	30
0RB0LC_1LA1RC_1RB1RD_0LD0LA	2	2	40	20000	47
0RB0LC_1LC1RA_0LD---_0RA1LD	2	2	40	20000	51
0RB0LC_1LC1RD_0RB0LA_1RB---	2	2	40	20000	35
0RB0LC_1RC0LB_1RD0LA_1LA0RD	2	2	40	20000	78
0RB0LC_1RC1RB_1RD0LA_1LA0LB	2	2	40	20000	62
0RB0LC_1RC1RD_0LC1LA_1LC1RB	2	2	40	20000	50
0RB0LC_1RC1RD_1LA1LC_1LD0RB	2	2	40	20000	72
0RB0LC_1RC1RD_1LC1LA_1LC1RB	2	2	40	20000	41
0RB0LD_0LC0RC_1RD1RB_1LA1LD	2	2	40	20000	58
0RB0LD_0RC---_1LD1RB_0LA---	2	2	40	20000	33
0RB0LD_0RC1LD_1LA1RB_0LA---	2	2	40	20000	47
0RB0LD_0RC1RB_1LD1LA_0LA---	2	2	40	20000	53
0RB0LD_1LA0RC_1RB---_0LA---	2	2	40	20000	35
0RB0LD_1LA1RC_0LC1RD_1RB0LA	2	2	40	20000	49
0RB0LD_1LA1RC_0RD1RB_1LD0LA	2	2	40	20000	53
0RB0LD_1LA1RC_1LB1RB_---0LA	2	2	40	20000	49
0RB0LD_1LA1RC_1LD0RC_1RB0LA	2	2	40	20000	57
0RB0LD_1LA1RC_1LD1RB_---0LA	2	2	40	20000	89
0RB0LD_1LA1RC_1LD1RB_---1LA	2	2	40	20000	48
0RB0LD_1LA1RC_1RB---_---0LA	2	2	40	20000	35
0RB0LD_1LA1RC_1RD0LA_1RB0LC	2	2	40	20000	30
0RB0LD_1LC1RD_0RD0LA_1LA1RB	2	2	40	20000	75
0RB0LD_1RC---_1LA1RB_0RB0LA	2	2	40	20000	33
0RB0LD_1RC---_1LD1RB_---0LA	2	2	40	20000	33
0RB0LD_1RC0LA_0RD1RC_1LD1LB	4	2	40	20000	125
0RB0LD_1RC0LA_1LB1RB_---0LA	2	2	40	20000	41
0RB0LD_1RC0LA_1LB1RB_---1LA	2	2	40	20000	62
0RB0LD_1RC0LA_1LD1RB_---1LA	2	2	40	20000	70
0RB0LD_1RC0LC_0RD1RB_1LD0LA	2	2	40	20000	62
0RB0LD_1RC1LD_1LC1RB_---0LA	2	2	40	20000	47
0RB0LD_1RC1RA_1LD---_0RA1LC	2	2	40	20000	50
0RB0LD_1RC1RB_1LD1LB_---0LA	2	2	40	20000	53
0RB0LD_1RC1RC_0RD1RB_1LD0LA	2	2	40	20000	48
0RB0LD_1RC1RC_1LD1RB_---1LA	2	2	40	20000	41
0RB0LD_1RC1RD_0LB1RB_1LD0LA	2	2	40	20000	47
0RB0RB_0LC0RA_1LD---_1RA1LC	2	2	40	20000	33
0RB0RB_0LC0RA_1RB1LD_1LC---	2	2	40	20000	35
0RB0RC_1LC1RC_1LD1RA_1RA0LD	2	2	40	20000	116
0RB0RC_1RC0LC_1LD1RB_0LD0LA	2	2	40	20000	59
0RB0RC_1RC1LD_0LB0RA_1LB---	2	2	40	20000	35
0RB0RC_1RC1RC_1LD1RB_0LD0LA	2	2	40	20000	51
0RB0RD_1LC---_1RA1LB_0LB0RA	2	2	40	20000	33
0RB0RD_1RC---_1LD1RB_0LD0LA	2	2	40	20000	51
0RB0RD_1RC0LA_1LB1RB_0LD0LA	2	2	40	20000	67
0RB0RD_1RC1LD_1LC1RB_0LD0LA	2	2	40	20000	56
0RB0RD_1RC1RB_1LD1LB_0LD0LA	2	2	40	20000	52
0RB1LA_0RC0LD_1LD1RB_0LA---	2	2	40	20000	51
0RB1LB_0RC1LA_1LB1RD_1RC0LA	2	2	40	20000	37
0RB1LB_0RC1LA_1RD0LB_1LA1RC	2	2	40	20000	36
0RB1LB_0RC1LA_1RD0LB_1LC1RC	2	2	40	20000	37
0RB1LB_1LA1LC_1RC0RD_0LB0RC	2	2	40	20000	47
0RB1LB_1LC1LA_1RD1RB_0LB0RD	2	2	40	20000	53
0RB1LC_1LA1RB_1LB1LD_---0LA	2	2	40	20000	68
0RB1LC_1LC0RA_1LD---_1RB0LC	2	2	40	20000	33
0RB1LC_1LC0RA_1RA1LD_0LC---	2	2	40	20000	35
0RB1LC_1RC0LD_1LD1RB_---0LA	2	2	40	20000	51
0RB1LC_1RC0RC_1LA1RD_1RB0LA	4	2	40	20000	74
0RB1LC_1RC0RD_1LD1RB_0LD0LA	2	2	40	20000	60
0RB1LC_1RC1RD_0LC1LA_1RB0LC	2	2	40	20000	41
0RB1LC_1RC1RD_0LC1LA_1RB0RA	2	2	40	20000	59
0RB1LC_1RC1RD_1LB1LA_1RB0LC	2	2	40	20000	35
0RB1LC_1RC1RD_1LC1LA_1RB0LC	2	2	40	20000	50
0RB1LD_0RC0LA_1RD1RB_1LA---	2	2	40	20000	50
0RB1LD_1LA0RC_1RD1RB_0LA---	2	2	40	20000	50
0RB1LD_1LA1RC_0RD1RB_1LD0LA	2	2	40	20000	38
0RB1LD_1LA1RC_1LB1RB_---0LA	2	2	40	20000	35
0RB1LD_1LA1RC_1LD1RB_---0LA	2	2	40	20000	47
0RB1LD_1LA1RC_1RB0LB_---0LA	2	2	40	20000	45
0RB1LD_1LA1RC_1RB0LD_---0LA	2	2	40	20000	73
0RB1LD_1LA1RC_1RB0LD_---1LA	2	2	40	20000	37
0RB1LD_1LA1RC_1RB0RA_0LD1LA	2	2	40	20000	62
0RB1LD_1LA1RC_1RB1RB_---0LA	2	2	40	20000	45
0RB1LD_1LC1RA_0RA0LD_0LC---	2	2	40	20000	47
0RB1LD_1RC0LA_0RD1RB_1LD1LA	2	2	40	20000	56
0RB1LD_1RC0LA_1LB1RB_---1LA	2	2	40	20000	37
0RB1LD_1RC0LA_1LD1RB_---1LA	2	2	40	20000	36
0RB1LD_1RC0LA_1RD1RB_1LC1LA	2	2	40	20000	38
0RB1LD_1RC0RC_1LA1RA_1RA0LD	2	2	40	20000	239
0RB1RA_1LC1LD_0LD---_0RA0LC	2	2	40	20000	53
0RB1RB_1LC1RC_1LD1RA_0RA0LD	2	2	40	20000	72
0RB1RD_1RC---_1LD1RB_0LD0LA	4	2	40	20000	91
1RB---_0LB1RC_1LD1RA_0RA0LD	4	2	40	20000	116
1RB---_0LC1RA_0LD0RB_1LA1LC	2	2	40	20000	50
1RB---_1LB1LC_1RD0LA_0LC0RD	2	2	40	20000	49
1RB---_1LB1RC_1RA1LD_0RA0LD	4	2	40	20000	68
1RB---_1LC0LD_0RA0LC_1RA1RD	2	2	40	20000	53
1RB---_1LC0RA_0RB0LD_0LC---	2	2	40	20000	35
1RB---_1LC0RA_1LD0LC_0RB1RC	2	2	40	20000	58
1RB---_1LC0RA_1RC0LD_0LC1RA	2	2	40	20000	33
1RB---_1LC0RB_1RD0LC_1LB1RA	2	2	40	20000	48
1RB---_1LC1LB_1RD1LA_0LB0RD	4	2	40	20000	50
1RB---_1LC1LD_0RA0LC_1RA1RD	4	2	40	20000	66
1RB---_1LC1RA_---0LD_0RA0LC	2	2	40	20000	33
1RB---_1LC1RA_0LC0LD_0RA0RC	2	2	40	20000	51
1RB---_1LC1RA_0LC0LD_0RA1RC	4	2	40	20000	91
1RB---_1LC1RA_0RA0LC_------	2	2	40	20000	33
1RB---_1LC1RA_0RB0LD_0LC0LC	2	2	40	20000	35
1RB---_1LC1RA_0RB0LD_0RC0LC	2	2	40	20000	35
1RB---_1LC1RA_0RB0LD_0RD0LC	2	2	40	20000	35
1RB---_1LC1RA_0RB0LD_1LC0LC	2	2	40	20000	35
1RB---_1LC1RA_0RB0LD_1RA0LC	2	2	40	20000	35
1RB---_1LC1RA_0RB0LD_1RC0LC	2	2	40	20000	35
1RB---_1LC1RA_0RB0LD_1RD0LC	2	2	40	20000	35
1RB---_1LC1RA_0RD0LD_1RA0LC	2	2	40	20000	39
1RB---_1LC1RA_1RB0LD_0RC0LC	2	2	40	20000	39
1RB---_1LC1RC_1RA0LD_0RA0LD	2	2	40	20000	34
1RB---_1LC1RD_0RA0LC_0LD1RA	2	2	40	20000	53
1RB---_1LC1RD_0RA0LC_1LB1RA	2	2	40	20000	36
1RB---_1LC1RD_0RA0LC_1LC1RA	2	2	40	20000	60
1RB---_1LC1RD_0RA0LC_1RA---	2	2	40	20000	28
1RB---_1LC1RD_0RB0LC_0LD1RA	4	2	40	20000	85
1RB---_1LC1RD_0RB0LC_1LB1RA	2	2	40	20000	40
1RB---_1LC1RD_0RB0LC_1LC1RA	2	2	40	20000	56
1RB---_1LC1RD_0RB0LC_1RA0LB	2	2	40	20000	30
1RB---_1LC1RD_0RB0LC_1RA0LC	2	2	40	20000	30
1RB---_1LC1RD_0RB0LC_1RA0RB	2	2	40	20000	37
1RB---_1LC1RD_0RB0LC_1RA0RC	2	2	40	20000	35
1RB---_1LC1RD_0RB0LC_1RA1RA	2	2	40	20000	30
1RB---_1LC1RD_0RB0LC_1RA1RC	2	2	40	20000	35
1RB---_1LC1RD_0RB0LC_1RA1RD	4	2	40	20000	56
1RB---_1RC---_1LD1RA_0RA0LD	2	2	40	20000	30
1RB---_1RC0LD_1LB1RA_0RA0LD	2	2	40	20000	34
1RB---_1RC0LD_1LD1RA_0RC0LD	2	2	40	20000	30
1RB---_1RC0RC_1LD1RA_0RC0LD	2	2	40	20000	35
1RB---_1RC0RD_1LD1RA_0RC0LD	2	2	40	20000	35
1RB---_1RC1RA_1LD0LB_0RA0LD	2	2	40	20000	62
1RB---_1RC1RA_1LD0LB_0RB0LD	2	2	40	20000	53
1RB---_1RC1RA_1LD1RA_0RC0LD	4	2	40	20000	52
1RB---_1RC1RC_1LD1RA_0RC0LD	2	2	40	20000	30
1RB---_1RC1RD_1LD1RA_0RC0LD	2	2	40	20000	35
1RB0LA_0LC0RD_1LC1LA_0RB0RA	4	2	40	20000	88
1RB0LA_0LC0RD_1LD0RC_1LA0RB	2	2	40	20000	78
1RB0LA_1LC0RB_1RA1LD_1LA---	2	2	40	20000	40
1RB0LA_1LC0RD_1RA1LA_---0RB	2	2	40	20000	49
1RB0LA_1LC1RD_1LA0RC_1RC---	2	2	40	20000	40
1RB0LA_1RC0LD_1LD0RC_0RA0LB	2	2	40	20000	78
1RB0LB_0RC0LA_1LB1RD_1RC---	2	2	40	20000	35
1RB0LB_0RC0LA_1RD---_1LA1RC	2	2	40	20000	33
1RB0LB_0RC1LD_1LB1RC_1LC1LA	2	2	40	20000	68
1RB0LB_0RC1RA_1LC0LD_0RA0LC	2	2	40	20000	62
1RB0LB_1LC0LA_1LA1RD_1RC0RD	2	2	40	20000	39
1RB0LB_1LC0LA_1LB1RD_1RC0RC	2	2	40	20000	39
1RB0LB_1LC1RA_0LC0LD_0RA0RB	2	2	40	20000	59
1RB0LB_1RC0LD_1LA1RA_0RA0LA	2	2	40	20000	30
1RB0LB_1RC1LD_0LA0RC_1LA1LB	4	2	40	20000	73
1RB0LC_0LA0RB_1RD---_1LD1LA	2	2	40	20000	49
1RB0LC_0LA0RB_1RD1LA_1LC---	2	2	40	20000	49
1RB0LC_0LA0RB_1RD1LA_1LD1LC	2	2	40	20000	52
1RB0LC_0LA0RD_1LA---_0RB---	2	2	40	20000	35
1RB0LC_0LA1RD_1LD1LA_0RB---	2	2	40	20000	50
1RB0LC_1LA1RA_0RA0LD_---0LC	2	2	40	20000	41
1RB0LC_1LA1RA_0RA0LD_---1LC	2	2	40	20000	62
1RB0LC_1LA1RA_0RA0RD_0LD0LC	2	2	40	20000	67
1RB0LC_1LA1RA_0RA1LD_---1LC	2	2	40	20000	37
1RB0LC_1LA1RA_0RD1LD_0RB1LC	2	2	40	20000	35
1RB0LC_1LA1RA_1RC1LD_0RB1LC	2	2	40	20000	35
1RB0LC_1LA1RC_0LD0LA_0RD1RA	4	2	40	20000	80
1RB0LC_1LA1RC_1LD0RB_0RC0LD	2	2	40	20000	49
1RB0LC_1LA1RD_0RA0LA_1RB---	2	2	40	20000	39
1RB0LC_1LA1RD_0RA0LC_1RA---	2	2	40	20000	34
1RB0LC_1LA1RD_0RD0LA_1RB---	2	2	40	20000	33
1RB0LC_1LA1RD_0RD0LC_1RA---	2	2	40	20000	34
1RB0LC_1LC1LB_0RD0LB_1RD0RA	2	2	40	20000	67
1RB0LC_1LC1RA_---0LD_0RA1LB	2	2	40	20000	51
1RB0LC_1LC1RD_0LA1RB_0RB---	2	2	40	20000	35
1RB0LC_1LC1RD_0RD0LC_1RA---	2	2	40	20000	30
1RB0LC_1RC---_1LD1RA_0RB0LD	2	2	40	20000	28
1RB0LD_0LC0RC_0RB1LD_1LA---	2	2	40	20000	33
1RB0LD_0RC1RA_1LC1LD_0RA1LC	2	2	40	20000	56
1RB0LD_0RC1RB_1LC1LA_0RA0LC	4	2	40	20000	124
1RB0LD_0RC1RB_1LC1LA_0RB0LC	4	2	40	20000	140
1RB0LD_1LB0RC_0RB1LD_1LA---	2	2	40	20000	33
1RB0LD_1LB0RC_1RC1LD_1LA0RB	2	2	40	20000	51
1RB0LD_1LC0RC_0RB1LD_1LA---	2	2	40	20000	33
1RB0LD_1LC1RA_---1LD_0RA0LC	2	2	40	20000	70
1RB0LD_1LC1RA_---1LD_0RA1LC	2	2	40	20000	36
1RB0LD_1LC1RC_1LA0RC_---0LA	2	2	40	20000	49
1RB0LD_1RC---_1LA0RB_0LA0RD	2	2	40	20000	43
1RB0LD_1RC---_1LA0RB_0LA1RB	2	2	40	20000	33
1RB0LD_1RC---_1LA1RA_0RA0LD	2	2	40	20000	34
1RB0LD_1RC---_1LA1RA_0RB0LD	2	2	40	20000	34
1RB0LD_1RC---_1LD1RA_0RB0LD	2	2	40	20000	28
1RB0LD_1RC---_1LD1RB_0RA0LA	2	2	40	20000	39
1RB0LD_1RC---_1LD1RB_0RC0LA	2	2	40	20000	35
1RB0LD_1RC1RA_1LB1LD_0RA1LC	2	2	40	20000	38
1RB0RA_0LC1LA_1RA0LD_1LC---	2	2	40	20000	58
1RB0RA_1LC1LD_1RC0LD_0LC1RA	2	2	40	20000	53
1RB0RB_0LC0RA_1LD1RC_1RA1LC	2	2	40	20000	33
1RB0RB_0LC0RA_1RB1LD_1LC---	2	2	40	20000	35
1RB0RB_0LC0RD_0LD1LC_1RD1RA	4	2	40	20000	104
1RB0RB_0LC1RA_0LB1LD_1LA1LC	2	2	40	20000	54
1RB0RB_0LC1RA_0LB1LD_1RB1LC	2	2	40	20000	68
1RB0RB_0LC1RD_0LD1LC_1LA1RA	2	2	40	20000	55
1RB0RB_0LC1RD_0LD1LC_1RD1RA	4	2	40	20000	93
1RB0RB_1LC1RA_1LB0LD_1RC0LC	2	2	40	20000	39
1RB0RB_1LC1RD_0RA1LB_1RA0LC	4	2	40	20000	74
1RB0RB_1RC---_1LD1RA_0RB0LD	2	2	40	20000	34
1RB0RB_1RC0RC_0RD1RD_1LD0RA	4	2	40	20000	56
1RB0RC_0LC0RB_1LA1LD_1LC---	2	2	40	20000	53
1RB0RC_1LA1RC_1LD0RB_0RC0LD	2	2	40	20000	49
1RB0RC_1LA1RD_0RD0LC_1LC0RB	2	2	40	20000	49
1RB0RC_1LB1RA_0RB1LD_0LD1LC	2	2	40	20000	55
1RB0RC_1LB1RC_1RA1LD_0RC0LD	4	2	40	20000	68
1RB0RC_1LC1RA_0LC0LD_0RA1LB	2	2	40	20000	60
1RB0RC_1LC1RD_0RD0LC_1RA---	2	2	40	20000	41
1RB0RC_1RC1RA_1LD1LA_0RA0LD	4	2	40	20000	79
1RB0RD_0LB0LC_1LD1LB_1RA1RD	4	2	40	20000	112
1RB0RD_0LC0RB_1LA1RC_1LC1LD	2	2	40	20000	53
1RB0RD_0LC0RB_1LD1RC_1LA1LC	2	2	40	20000	62
1RB0RD_0LC0RB_1LD1RD_1LA1LC	2	2	40	20000	62
1RB0RD_1LB1RC_1RA1LD_0RC0LD	4	2	40	20000	58
1RB0RD_1LC---_1RA1LB_0LB0RA	2	2	40	20000	33
1RB0RD_1LC1LB_1RA0LC_0LB0RD	4	2	40	20000	80
1RB0RD_1LC1RD_0RD0LC_1RA---	2	2	40	20000	43
1RB0RD_1RC---_1LD1RA_0RB0LD	2	2	40	20000	34
1RB1LA_0LA1RC_1RA1RD_---0RB	2	2	40	20000	68
1RB1LA_0RC1RC_1LD1RA_0RA0LD	4	2	40	20000	139
1RB1LA_1LA1RC_1LD0RB_0RC0LD	2	2	40	20000	49
1RB1LA_1RC1RA_1LD0RC_0RA0LD	4	2	40	20000	59
1RB1LB_1LA0RC_0LB0LD_0RD0RC	2	2	40	20000	67
1RB1LB_1LA0RC_0LB0RD_---0RC	2	2	40	20000	41
1RB1LB_1LA0RC_0LB0RD_---1RC	2	2	40	20000	62
1RB1LB_1LA0RC_0LB1RD_---1RC	2	2	40	20000	37
1RB1LB_1LC0LD_0RD0LC_1RA1RD	2	2	40	20000	62
1RB1LB_1LC0RC_1LA0RD_0LB0RB	2	2	40	20000	30
1RB1LB_1RC0LB_1LA0RD_---0RC	2	2	40	20000	49
1RB1LB_1RC1LA_0LB0RD_---0RC	2	2	40	20000	49
1RB1LB_1RC1LA_0LB1RD_---0RC	2	2	40	20000	35
1RB1LB_1RC1LD_0LD0RC_0LA1LA	2	2	40	20000	72
1RB1LC_0LA0RB_0LD1LD_1RA1LA	2	2	40	20000	70
1RB1LC_0LA0RB_0RC1LD_1LA---	2	2	40	20000	49
1RB1LC_0LA0RB_0RD---_1LA1LD	2	2	40	20000	49
1RB1LC_0LA0RB_1LA---_------	2	2	40	20000	35
1RB1LC_0LA0RB_1LD---_0RD1LA	4	2	40	20000	96
1RB1LC_0LA0RB_1LD---_1LA---	2	2	40	20000	30
1RB1LC_0LA0RB_1LD---_1RB1LA	2	2	40	20000	62
1RB1LC_0LA0RB_1LD1LA_1RA---	4	2	40	20000	54
1RB1LC_0LA0RB_1RA1LD_1LA---	2	2	40	20000	40
1RB1LC_0LA0RB_1RB1LD_1LA---	2	2	40	20000	56
1RB1LC_0LA0RB_1RC1LD_---1LA	2	2	40	20000	49
1RB1LC_0LA0RB_1RD---_1LA1LD	4	2	40	20000	45
1RB1LC_0LA0RC_1LA1LD_0RD0RB	2	2	40	20000	47
1RB1LC_0LA0RD_0LD1LA_1RD0RB	2	2	40	20000	53
1RB1LC_0LA0RD_0RC1LD_1LA0RB	2	2	40	20000	49
1RB1LC_0LA0RD_1LA---_---0RB	2	2	40	20000	35
1RB1LC_0LA0RD_1LD0RB_1LA0RC	2	2	40	20000	30
1RB1LC_0LA0RD_1RA1LA_---0RB	2	2	40	20000	49
1RB1LC_0LA0RD_1RD0LC_1LA0RB	2	2	40	20000	57
1RB1LC_0LA0RD_1RD1LA_---0RB	2	2	40	20000	89
1RB1LC_0LA0RD_1RD1LA_---1RB	2	2	40	20000	48
1RB1LC_0LA1RD_0LD1LA_1RD0RB	2	2	40	20000	38
1RB1LC_0LA1RD_1LA0LB_0RD1RB	2	2	40	20000	62
1RB1LC_0LA1RD_1LA0RA_---0RB	2	2	40	20000	45
1RB1LC_0LA1RD_1LA0RD_---0RB	2	2	40	20000	73
1RB1LC_0LA1RD_1LA0RD_---1RB	2	2	40	20000	37
1RB1LC_0LA1RD_1LA1LA_---0RB	2	2	40	20000	45
1RB1LC_0LA1RD_1RA1LA_---0RB	2	2	40	20000	35
1RB1LC_0LA1RD_1RD1LA_---0RB	2	2	40	20000	47
1RB1LC_0LC0RB_1LA1RC_------	2	2	40	20000	33
1RB1LC_0LC0RB_1LD0LB_1LA---	2	2	40	20000	30
1RB1LC_0LC0RB_1LD0LC_1LA---	2	2	40	20000	30
1RB1LC_0LC0RB_1LD0RB_1LA---	2	2	40	20000	30
1RB1LC_0LC0RB_1LD0RC_1LA---	2	2	40	20000	30
1RB1LC_0LC0RB_1LD1LB_1LA---	2	2	40	20000	30
1RB1LC_0LC0RB_1LD1LC_1LA---	4	2	40	20000	57
1RB1LC_0LC0RB_1LD1LD_1LA---	2	2	40	20000	30
1RB1LC_0LC0RB_1LD1RC_0RD1LA	4	2	40	20000	116
1RB1LC_0LC0RB_1LD1RC_1LA1LA	2	2	40	20000	30
1RB1LC_0LC0RB_1LD1RC_1LA1LC	4	2	40	20000	57
1RB1LC_0LC0RB_1LD1RC_1RB1LA	2	2	40	20000	60
1RB1LC_0LC0RB_1LD1RD_1LA1LC	4	2	40	20000	57
1RB1LC_0LC0RB_1RB1LD_1LA---	2	2	40	20000	62
1RB1LC_0LC0RD_0LA1RD_0RB---	2	2	40	20000	47
1RB1LC_0LC0RD_1LA1RC_0LC0RB	2	2	40	20000	33
1RB1LC_0LC0RD_1RD1LA_0LA0RC	2	2	40	20000	75
1RB1LC_0LC1RD_0LB1LA_1RB0RB	2	2	40	20000	68
1RB1LC_0RC1RC_1LD1RA_0RA0LD	2	2	40	20000	38
1RB1LC_1LA---_1RD0LA_0LC0RD	2	2	40	20000	49
1RB1LC_1LA0RC_0RD0RB_0LD1LB	4	2	40	20000	86
1RB1LC_1LA0RD_1LA---_0LB0RB	2	2	40	20000	39
1RB1LC_1LA0RD_1LA---_0LC0RB	2	2	40	20000	33
1RB1LC_1LA0RD_1LB---_0LB0RD	2	2	40	20000	34
1RB1LC_1LA0RD_1LB---_0LC0RD	2	2	40	20000	35
1RB1LC_1LB1LA_1RD0LA_0LC0RD	2	2	40	20000	52
1RB1LC_1LB1RA_---0LD_0RA0LC	2	2	40	20000	47
1RB1LC_1LB1RA_0LC0LD_0RA0RC	2	2	40	20000	56
1RB1LD_0LB0RC_0LD0RB_1LA---	2	2	40	20000	33
1RB1LD_0LB0RC_0LD0RB_1RC1LA	2	2	40	20000	89
1RB1LD_0LC0RB_1LA0LB_1LC---	2	2	40	20000	28
1RB1LD_0LC0RB_1LA0LC_1LC---	2	2	40	20000	28
1RB1LD_0LC0RB_1LA0RB_1LC---	2	2	40	20000	28
1RB1LD_0LC0RB_1LA0RC_1LC---	2	2	40	20000	28
1RB1LD_0LC0RB_1LA1LA_1LC---	2	2	40	20000	28
1RB1LD_0LC0RB_1LA1LB_1LC---	2	2	40	20000	28
1RB1LD_0LC0RB_1LA1LD_1LC---	4	2	40	20000	57
1RB1LD_0LC0RB_1LA1RC_0RD1LC	2	2	40	20000	53
1RB1LD_0LC0RB_1LA1RC_1LC---	2	2	40	20000	28
1RB1LD_0LC0RB_1LA1RC_1RA1LC	2	2	40	20000	36
1RB1LD_0LC0RB_1LA1RC_1RB1LC	2	2	40	20000	60
1RB1LD_0LC0RB_1RB1LA_1LC---	2	2	40	20000	56
1RB1LD_0LC0RC_0LD0RB_1LA---	2	2	40	20000	33
1RB1LD_0LC0RC_1LD0RB_1LA---	2	2	40	20000	39
1RB1LD_0RC---_0LD0RB_0LA---	2	2	40	20000	33
1RB1LD_0RC---_0LD1RC_0LA0RB	2	2	40	20000	51
1RB1LD_0RC0RC_0LD0RB_1LA---	2	2	40	20000	33
1RB1LD_0RC1LA_1LC0RB_0LA---	2	2	40	20000	35
1RB1LD_1LC0RB_0RA0LC_1RD1RA	2	2	40	20000	44
1RB1LD_1LC0RC_0LD0RB_1LA---	2	2	40	20000	33
1RB1LD_1RC---_1LC1RA_0RA0LD	4	2	40	20000	68
1RB1LD_1RC0RC_0LD0RB_1LA0LB	2	2	40	20000	33
1RB1LD_1RC1LA_0LB0RC_1LB---	2	2	40	20000	40
1RB1LD_1RC1LA_0LD0RC_1LB1RD	2	2	40	20000	36
1RB1LD_1RC1RD_0LD0RC_1LB1LA	2	2	40	20000	53
1RB1RA_0LC0RA_---0LD_1LA1LC	2	2	40	20000	58
1RB1RA_0LC0RA_1LC0LD_1LA0RB	2	2	40	20000	67
1RB1RA_0RC0RA_0LC0LD_1LA1LC	2	2	40	20000	66
1RB1RA_1LC0RB_1LA0LD_0RA0LD	4	2	40	20000	75
1RB1RA_1LC1LA_---0LD_0RA0LC	2	2	40	20000	53
1RB1RA_1LC1LA_0LC0LD_0RA0RC	2	2	40	20000	52
1RB1RA_1LC1RD_0RA0LC_0LA---	2	2	40	20000	53
1RB1RA_1LC1RD_0RA0LC_1LA---	4	2	40	20000	49
1RB1RA_1RC---_1LD0LA_0RA0LD	2	2	40	20000	62
1RB1RA_1RC---_1LD1LA_0RA0LD	4	2	40	20000	68
1RB1RA_1RC---_1LD1LA_0RB0LD	4	2	40	20000	85
1RB1RA_1RC---_1LD1RA_0RB0LD	4	2	40	20000	63
1RB1RA_1RC0LD_1LD0LA_0RA0LB	2	2	40	20000	62
1RB1RB_0RC1RA_1LC0LD_0RA0LC	2	2	40	20000	48
1RB1RB_1LA1RC_1LD0RB_0RC0LD	2	2	40	20000	49
1RB1RB_1LC1RA_---1LD_0RA0LC	2	2	40	20000	41
1RB1RB_1LC1RA_0LC0LD_0RA0RB	2	2	40	20000	51
1RB1RB_1LC1RD_0RB0LC_1RA1LD	2	2	40	20000	42
1RB1RB_1LC1RD_0RD0LC_1RA---	2	2	40	20000	30
1RB1RB_1RC---_1LD1RA_0RB0LD	2	2	40	20000	28
1RB1RC_0LA1RA_1LC0LD_0RA0LC	2	2	40	20000	47
1RB1RC_0LC0RB_1LD1LC_1LA---	4	2	40	20000	74
1RB1RC_0LC0RC_0RB1LD_1LA0LD	2	2	40	20000	53
1RB1RC_0RC---_0LD0RB_0LA1LD	2	2	40	20000	53
1RB1RC_1LA0LB_1RD0RC_1LB0RD	4	2	40	20000	74
1RB1RC_1LA1LD_1RA0LB_0RA1LB	2	2	40	20000	35
1RB1RC_1LA1RD_0RD0LC_1LC0RB	2	2	40	20000	49
1RB1RC_1LB0RC_0RB1LD_1LA0LD	2	2	40	20000	53
1RB1RC_1LC---_1LD1RA_0RA0LD	4	2	40	20000	69
1RB1RC_1LC0RC_0RB1LD_1LA0LD	2	2	40	20000	53
1RB1RC_1LC1RD_0RD0LC_1RA---	2	2	40	20000	41
1RB1RD_0LB0RC_0LD0RB_1LA1LD	2	2	40	20000	53
1RB1RD_0LB1LC_0RA0LB_1LB1RA	2	2	40	20000	50
1RB1RD_0LB1LC_0RA1LB_1RA0LB	2	2	40	20000	41
1RB1RD_0LB1LC_0RA1LB_1RA0RC	2	2	40	20000	59
1RB1RD_0LC---_0RD1LB_1LC0RA	2	2	40	20000	50
1RB1RD_1LB1LC_0RA0LB_1LB1RA	2	2	40	20000	41
1RB1RD_1LB1LC_0RA1LB_1RA0LB	2	2	40	20000	50
1RB1RD_1LB1RC_1RA1LD_0RC0LD	4	2	40	20000	58
1RB1RD_1LC---_0RD1LB_0RA0LC	2	2	40	20000	50
1RB1RD_1LC0LA_0RA0LC_1RA---	2	2	40	20000	53
1RB1RD_1LC0LA_0RD0LC_1RA---	2	2	40	20000	62
1RB1RD_1LC0LC_0RD1LB_0RC1RA	2	2	40	20000	54
1RB1RD_1LC0RD_0RA0LC_1LD1RA	4	2	40	20000	75
1RB1RD_1LC1LA_0RA0LC_---1RA	2	2	40	20000	53
1RB1RD_1LC1LB_0LD0LB_0RD0RA	2	2	40	20000	66
1RB1RD_1LC1LB_0RA0LB_1LD0RA	2	2	40	20000	72
1RB1RD_1LC1LB_0RD0LB_---0RA	2	2	40	20000	58
1RB1RD_1LC1LB_1LD0LB_0RD0RA	4	2	40	20000	112
1RB1RD_1LC1LD_0RD0LC_1RA0RB	4	2	40	20000	82
1RB1RD_1LC1RD_0RD0LC_1RA---	4	2	40	20000	56
1RB1RD_1RC---_1LD1RA_0RB0LD	2	2	40	20000	34
